matrix,rank,eigenvalue
QSVC UCI development,1,39.987323279985404
QSVC UCI development,2,19.6193616696602
QSVC UCI development,3,16.82524218342968
QSVC UCI development,4,13.58795919983537
QSVC UCI development,5,10.24891857189369
QSVC UCI development,6,8.36868896538326
QSVC UCI development,7,6.675955053451
QSVC UCI development,8,6.311135792418248
QSVC UCI development,9,5.503990973405777
QSVC UCI development,10,5.114851325452651
QSVC UCI development,11,4.722925500870267
QSVC UCI development,12,4.669728413968289
QSVC UCI development,13,4.3358204977576005
QSVC UCI development,14,3.9901680975377802
QSVC UCI development,15,3.737564728908379
QSVC UCI development,16,3.6040579243164803
QSVC UCI development,17,3.4411683069817967
QSVC UCI development,18,3.173274312647692
QSVC UCI development,19,2.9711611849809163
QSVC UCI development,20,2.888529145981684
QSVC UCI development,21,2.799159572583634
QSVC UCI development,22,2.7761464183569093
QSVC UCI development,23,2.6618697985176087
QSVC UCI development,24,2.5107123776386495
QSVC UCI development,25,2.463458586729242
QSVC UCI development,26,2.3986970960365666
QSVC UCI development,27,2.272356821588656
QSVC UCI development,28,2.183720161916016
QSVC UCI development,29,2.154082237317962
QSVC UCI development,30,2.120057498007651
QSVC UCI development,31,2.0872408938215927
QSVC UCI development,32,2.03038748074185
QSVC UCI development,33,2.012967367849781
QSVC UCI development,34,1.9810397880392814
QSVC UCI development,35,1.9311161047082843
QSVC UCI development,36,1.8905645128801523
QSVC UCI development,37,1.8477360800465963
QSVC UCI development,38,1.8157598716952947
QSVC UCI development,39,1.7823998377033534
QSVC UCI development,40,1.7789877594135333
QSVC UCI development,41,1.6880542229302893
QSVC UCI development,42,1.6470857184717882
QSVC UCI development,43,1.6282794325572623
QSVC UCI development,44,1.5776746928312497
QSVC UCI development,45,1.5399719836603178
QSVC UCI development,46,1.5177040657504268
QSVC UCI development,47,1.5160666606774267
QSVC UCI development,48,1.5001636339665054
QSVC UCI development,49,1.492602571921063
QSVC UCI development,50,1.4400869883825211
QSVC UCI development,51,1.435464837344312
QSVC UCI development,52,1.3894462807476784
QSVC UCI development,53,1.370730019050852
QSVC UCI development,54,1.3637048059830872
QSVC UCI development,55,1.342439157726711
QSVC UCI development,56,1.3277292670504595
QSVC UCI development,57,1.2863302656837716
QSVC UCI development,58,1.2811755081611695
QSVC UCI development,59,1.250506715060508
QSVC UCI development,60,1.2437901688533466
QSVC UCI development,61,1.2180574096224284
QSVC UCI development,62,1.2042865443471609
QSVC UCI development,63,1.1893393317386989
QSVC UCI development,64,1.171520106675414
QSVC UCI development,65,1.1569362423677725
QSVC UCI development,66,1.150539954829848
QSVC UCI development,67,1.1382867674088333
QSVC UCI development,68,1.1289266612320652
QSVC UCI development,69,1.1201712954488667
QSVC UCI development,70,1.0882273884696039
QSVC UCI development,71,1.0745297034385632
QSVC UCI development,72,1.0670777072455648
QSVC UCI development,73,1.0602406536469233
QSVC UCI development,74,1.05298011018116
QSVC UCI development,75,1.0408232319429185
QSVC UCI development,76,1.0308421254002305
QSVC UCI development,77,1.02801618789342
QSVC UCI development,78,1.0264589418224777
QSVC UCI development,79,1.013533815627212
QSVC UCI development,80,1.0018358751633647
QSVC UCI development,81,0.9941152779989282
QSVC UCI development,82,0.9880926097095695
QSVC UCI development,83,0.9762375329584791
QSVC UCI development,84,0.9656059229325297
QSVC UCI development,85,0.9505575711230508
QSVC UCI development,86,0.9387292223912336
QSVC UCI development,87,0.9331538770747655
QSVC UCI development,88,0.9316882103976722
QSVC UCI development,89,0.9206991018730131
QSVC UCI development,90,0.9149091243400753
QSVC UCI development,91,0.9077867261876966
QSVC UCI development,92,0.8911439937900096
QSVC UCI development,93,0.8880272500274278
QSVC UCI development,94,0.879125570552397
QSVC UCI development,95,0.8766421022392907
QSVC UCI development,96,0.8719264613703627
QSVC UCI development,97,0.8590914851065217
QSVC UCI development,98,0.8570318466769433
QSVC UCI development,99,0.8507085603817761
QSVC UCI development,100,0.8375903127947609
QSVC UCI development,101,0.8324017617745635
QSVC UCI development,102,0.8225738372676669
QSVC UCI development,103,0.8106450288876127
QSVC UCI development,104,0.8083753678017802
QSVC UCI development,105,0.7900423531044114
QSVC UCI development,106,0.7819497215961756
QSVC UCI development,107,0.7776475122595374
QSVC UCI development,108,0.7704762856503115
QSVC UCI development,109,0.7635137630739548
QSVC UCI development,110,0.7549933078988424
QSVC UCI development,111,0.7418270329751203
QSVC UCI development,112,0.7339795926852278
QSVC UCI development,113,0.7280428926096578
QSVC UCI development,114,0.7181706223666168
QSVC UCI development,115,0.7082201002024211
QSVC UCI development,116,0.7041262529676339
QSVC UCI development,117,0.6935904638187596
QSVC UCI development,118,0.682419230831149
QSVC UCI development,119,0.6616926263519037
QSVC UCI development,120,0.6530997395966557
QSVC UCI development,121,0.6499717098691113
QSVC UCI development,122,0.6360823542277694
QSVC UCI development,123,0.6278605108393372
QSVC UCI development,124,0.617301623417614
QSVC UCI development,125,0.5963716019625835
QSVC UCI development,126,0.5905991545316528
QSVC UCI development,127,0.584725675016792
QSVC UCI development,128,0.5720942324211387
QSVC UCI development,129,0.5647492707476985
QSVC UCI development,130,0.540817027941379
QSVC UCI development,131,0.5215469306051397
QSVC UCI development,132,0.5140659536873876
QSVC UCI development,133,0.5023377941979869
QSVC UCI development,134,0.49661903193338713
QSVC UCI development,135,0.48071125923796765
QSVC UCI development,136,0.4679874820714533
QSVC UCI development,137,0.46191649363852566
QSVC UCI development,138,0.45235777177029923
QSVC UCI development,139,0.44480384829359343
QSVC UCI development,140,0.4271302486891927
QSVC UCI development,141,0.4125602937959467
QSVC UCI development,142,0.3964460140474463
QSVC UCI development,143,0.38862294337285025
QSVC UCI development,144,0.3846963813562577
QSVC UCI development,145,0.37912536435517613
QSVC UCI development,146,0.3702095412350316
QSVC UCI development,147,0.36875734239345964
QSVC UCI development,148,0.3495888518939332
QSVC UCI development,149,0.34897922862341635
QSVC UCI development,150,0.33180137990380265
QSVC UCI development,151,0.32695598298167994
QSVC UCI development,152,0.3211115444414469
QSVC UCI development,153,0.3163577614532153
QSVC UCI development,154,0.3101124387967381
QSVC UCI development,155,0.3010832598430416
QSVC UCI development,156,0.2945372606517072
QSVC UCI development,157,0.2942464777760377
QSVC UCI development,158,0.28167786938011
QSVC UCI development,159,0.2658072173732328
QSVC UCI development,160,0.2555534623027216
QSVC UCI development,161,0.25448414950302983
QSVC UCI development,162,0.2500787115565878
QSVC UCI development,163,0.2407676195894356
QSVC UCI development,164,0.23633825649100948
QSVC UCI development,165,0.21061989809264528
QSVC UCI development,166,0.20968412551309762
QSVC UCI development,167,0.1992529407257214
QSVC UCI development,168,0.19354311282300332
QSVC UCI development,169,0.1832326686777052
QSVC UCI development,170,0.17548328513134479
QSVC UCI development,171,0.17115640177005798
QSVC UCI development,172,0.16844431587723993
QSVC UCI development,173,0.16773300420340484
QSVC UCI development,174,0.16159605100866822
QSVC UCI development,175,0.14954004636963308
QSVC UCI development,176,0.1434120465480123
QSVC UCI development,177,0.14269242046909883
QSVC UCI development,178,0.12368436991252316
QSVC UCI development,179,0.11920933887798527
QSVC UCI development,180,0.11047540303690798
QSVC UCI development,181,0.10530280254109049
QSVC UCI development,182,0.10208742344487193
QSVC UCI development,183,0.10019970069426341
QSVC UCI development,184,0.09472005491128896
QSVC UCI development,185,0.09312384998010803
QSVC UCI development,186,0.08956268626758478
QSVC UCI development,187,0.08741725961041939
QSVC UCI development,188,0.07898456810465003
QSVC UCI development,189,0.0700368933092066
QSVC UCI development,190,0.0654476732188499
QSVC UCI development,191,0.06156368935829349
QSVC UCI development,192,0.0610902162998604
QSVC UCI development,193,0.056405421090547005
QSVC UCI development,194,0.0541832607771292
QSVC UCI development,195,0.050141263759656905
QSVC UCI development,196,0.04909355034414169
QSVC UCI development,197,0.0478174078835228
QSVC UCI development,198,0.041603830844682
QSVC UCI development,199,0.0394248183041327
QSVC UCI development,200,0.03643931043258092
QSVC UCI development,201,0.03433824622202604
QSVC UCI development,202,0.032537730123923796
QSVC UCI development,203,0.026254864824251774
QSVC UCI development,204,0.02316086811750342
QSVC UCI development,205,0.0223091655420842
QSVC UCI development,206,0.01868656203300023
QSVC UCI development,207,0.017616453999971204
QSVC UCI development,208,0.01628368837511235
QSVC UCI development,209,0.01604604623451829
QSVC UCI development,210,0.014745302160827565
QSVC UCI development,211,0.013844099350378421
QSVC UCI development,212,0.010548869282472667
QSVC UCI development,213,0.009410306970620723
QSVC UCI development,214,0.007580724417616849
QSVC UCI development,215,0.006415030147304997
QSVC UCI development,216,0.005583606136647721
QSVC UCI development,217,0.005387327284856031
QSVC UCI development,218,0.004445119698022373
QSVC UCI development,219,0.004326980220854962
QSVC UCI development,220,0.004015203204386268
QSVC UCI development,221,0.003639512098170083
QSVC UCI development,222,0.0025893066779255998
QSVC UCI development,223,0.001830943168068753
QSVC UCI development,224,0.0013948375587563573
QSVC UCI development,225,0.0010828839151995032
QSVC UCI development,226,0.0009917384042536432
QSVC UCI development,227,0.0009426402317630772
QSVC UCI development,228,0.0006859717296991509
QSVC UCI development,229,0.00011385495565160857
QSVC UCI development,230,8.489208063858157e-05
QSVC UCI development,231,5.2081325818157784e-05
QSVC UCI development,232,2.899928120103586e-05
QSVC UCI development,233,2.8467684744969327e-05
QSVC UCI development,234,1.801229095541849e-05
QSVC UCI development,235,1.1780736016715322e-05
QSVC UCI development,236,9.885104616025347e-06
QSVC UCI development,237,8.205184961345388e-06
QSVC UCI development,238,5.818752660309435e-06
QSVC UCI development,239,3.839599772618849e-06
QSVC UCI development,240,3.3455538334079284e-06
QSVC UCI development,241,2.8780976656141297e-06
QSVC UCI development,242,2.0578675544363614e-06
QSVC UCI development,243,1.7671158558373025e-06
QSVC UCI development,244,1.198565195320126e-06
QSVC UCI development,245,8.561792591166171e-07
QSVC UCI development,246,4.3378429166474506e-07
QSVC UCI development,247,3.519801711126659e-07
QSVC UCI development,248,9.328758263271713e-08
QSVC UCI development,249,1.459151389259929e-08
QSVC UCI development,250,1.9650900552741187e-15
QSVC UCI development,251,1.7290440674081047e-15
QSVC UCI development,252,1.5603251679344158e-15
QSVC UCI development,253,1.5247859698791655e-15
QSVC UCI development,254,1.4997075359780608e-15
QSVC UCI development,255,1.4009458521126868e-15
QSVC UCI development,256,1.3397491124343314e-15
QSVC UCI development,257,1.2813488748397076e-15
QSVC UCI development,258,1.2181228803226994e-15
QSVC UCI development,259,1.1658302159057457e-15
QSVC UCI development,260,1.1318291923680934e-15
QSVC UCI development,261,1.0500708039653896e-15
QSVC UCI development,262,1.0101188748357638e-15
QSVC UCI development,263,1.0025134561789025e-15
QSVC UCI development,264,9.013437265575032e-16
QSVC UCI development,265,8.97424777272742e-16
QSVC UCI development,266,8.460635187493503e-16
QSVC UCI development,267,8.226635478792815e-16
QSVC UCI development,268,7.943819234817225e-16
QSVC UCI development,269,7.289473137671505e-16
QSVC UCI development,270,6.805778766932276e-16
QSVC UCI development,271,6.60977199489408e-16
QSVC UCI development,272,5.834818129692973e-16
QSVC UCI development,273,5.530062911327773e-16
QSVC UCI development,274,4.988939974930097e-16
QSVC UCI development,275,4.517235515340019e-16
QSVC UCI development,276,4.304399072596939e-16
QSVC UCI development,277,3.5837853082638715e-16
QSVC UCI development,278,3.0599482304125437e-16
QSVC UCI development,279,2.640579399608675e-16
QSVC UCI development,280,2.603699972010324e-16
QSVC UCI development,281,2.1050119469634774e-16
QSVC UCI development,282,1.9152336666251722e-16
QSVC UCI development,283,1.3745621737997598e-16
QSVC UCI development,284,1.1155995438940195e-16
QSVC UCI development,285,6.46291551051588e-17
QSVC UCI development,286,2.5217275713337735e-17
QSVC UCI development,287,0.0
QSVC UCI development,288,0.0
QSVC UCI development,289,0.0
QSVC UCI development,290,0.0
QSVC UCI development,291,0.0
QSVC UCI development,292,0.0
QSVC UCI development,293,0.0
QSVC UCI development,294,0.0
QSVC UCI development,295,0.0
QSVC UCI development,296,0.0
QSVC UCI development,297,0.0
QSVC UCI development,298,0.0
QSVC UCI development,299,0.0
QSVC UCI development,300,0.0
QSVC UCI development,301,0.0
QSVC UCI development,302,0.0
QSVC UCI development,303,0.0
QSVC UCI development,304,0.0
QSVC UCI development,305,0.0
QSVC UCI development,306,0.0
QSVC UCI development,307,0.0
QSVC UCI development,308,0.0
QSVC UCI development,309,0.0
QSVC UCI development,310,0.0
QSVC UCI development,311,0.0
QSVC UCI development,312,0.0
QSVC UCI development,313,0.0
QSVC UCI development,314,0.0
QSVC UCI development,315,0.0
QSVC UCI development,316,0.0
QSVC UCI development,317,0.0
QSVC UCI development,318,0.0
QSVC UCI development,319,0.0
QSVC UCI development,320,0.0
QSVC BD-KDD,1,12.623622042069114
QSVC BD-KDD,2,8.544335271115067
QSVC BD-KDD,3,7.846827058005537
QSVC BD-KDD,4,7.56644123745174
QSVC BD-KDD,5,7.241011240780564
QSVC BD-KDD,6,6.853175328031889
QSVC BD-KDD,7,6.820066948997824
QSVC BD-KDD,8,6.441089650213298
QSVC BD-KDD,9,6.233737511241128
QSVC BD-KDD,10,6.0517912932594236
QSVC BD-KDD,11,5.820214182336127
QSVC BD-KDD,12,5.658862747868299
QSVC BD-KDD,13,5.479806626554876
QSVC BD-KDD,14,5.273414607113766
QSVC BD-KDD,15,5.18511601607148
QSVC BD-KDD,16,5.093210111747569
QSVC BD-KDD,17,4.926597718497308
QSVC BD-KDD,18,4.861209511813553
QSVC BD-KDD,19,4.783917584956571
QSVC BD-KDD,20,4.666037511114652
QSVC BD-KDD,21,4.59681303936541
QSVC BD-KDD,22,4.527663952441971
QSVC BD-KDD,23,4.51347003523558
QSVC BD-KDD,24,4.401713463150963
QSVC BD-KDD,25,4.365040098258837
QSVC BD-KDD,26,4.297901867927734
QSVC BD-KDD,27,4.282207714430425
QSVC BD-KDD,28,4.17870522553685
QSVC BD-KDD,29,4.133695119280129
QSVC BD-KDD,30,4.116222008448905
QSVC BD-KDD,31,4.076946998175104
QSVC BD-KDD,32,4.052467774341009
QSVC BD-KDD,33,3.9581100799468167
QSVC BD-KDD,34,3.9033382891169914
QSVC BD-KDD,35,3.883343435860621
QSVC BD-KDD,36,3.857801563480923
QSVC BD-KDD,37,3.8285048003619737
QSVC BD-KDD,38,3.7731172916646947
QSVC BD-KDD,39,3.7589909933672994
QSVC BD-KDD,40,3.722157682657609
QSVC BD-KDD,41,3.680736761142074
QSVC BD-KDD,42,3.666242783564859
QSVC BD-KDD,43,3.6103556899218194
QSVC BD-KDD,44,3.588447943588153
QSVC BD-KDD,45,3.5155829758712214
QSVC BD-KDD,46,3.496253003643112
QSVC BD-KDD,47,3.4780804385796875
QSVC BD-KDD,48,3.4705258681135573
QSVC BD-KDD,49,3.4146002603654835
QSVC BD-KDD,50,3.3972901821080748
QSVC BD-KDD,51,3.346718741207801
QSVC BD-KDD,52,3.290534759340796
QSVC BD-KDD,53,3.269751853947975
QSVC BD-KDD,54,3.2638466097020133
QSVC BD-KDD,55,3.2374344585396866
QSVC BD-KDD,56,3.1980473806736587
QSVC BD-KDD,57,3.1716001517432773
QSVC BD-KDD,58,3.1536513325801474
QSVC BD-KDD,59,3.141633734090769
QSVC BD-KDD,60,3.132179739238568
QSVC BD-KDD,61,3.110958085229517
QSVC BD-KDD,62,3.087386138837187
QSVC BD-KDD,63,3.049078178677628
QSVC BD-KDD,64,3.024792468857929
QSVC BD-KDD,65,3.021408747182414
QSVC BD-KDD,66,3.0042223671496875
QSVC BD-KDD,67,2.9614099771807707
QSVC BD-KDD,68,2.943370193271733
QSVC BD-KDD,69,2.9359170006832174
QSVC BD-KDD,70,2.927099123948901
QSVC BD-KDD,71,2.8852238832909145
QSVC BD-KDD,72,2.871840735280272
QSVC BD-KDD,73,2.867925469127374
QSVC BD-KDD,74,2.8577374394931914
QSVC BD-KDD,75,2.824347352226508
QSVC BD-KDD,76,2.8172508665347835
QSVC BD-KDD,77,2.810067522662249
QSVC BD-KDD,78,2.7981909042420416
QSVC BD-KDD,79,2.7566322071537157
QSVC BD-KDD,80,2.73328303947958
QSVC BD-KDD,81,2.7146476277710416
QSVC BD-KDD,82,2.6922055775923313
QSVC BD-KDD,83,2.669257905674441
QSVC BD-KDD,84,2.6554823608238003
QSVC BD-KDD,85,2.6479961905941862
QSVC BD-KDD,86,2.6355437265191624
QSVC BD-KDD,87,2.6220581720581606
QSVC BD-KDD,88,2.610395581165689
QSVC BD-KDD,89,2.5959359560740256
QSVC BD-KDD,90,2.582745310645316
QSVC BD-KDD,91,2.5680142857486272
QSVC BD-KDD,92,2.552678738480022
QSVC BD-KDD,93,2.5373443547105485
QSVC BD-KDD,94,2.5279411176991857
QSVC BD-KDD,95,2.5031222113159957
QSVC BD-KDD,96,2.49666274118825
QSVC BD-KDD,97,2.48708549997284
QSVC BD-KDD,98,2.4745034350214
QSVC BD-KDD,99,2.468969553439505
QSVC BD-KDD,100,2.457244344541214
QSVC BD-KDD,101,2.4297744702642547
QSVC BD-KDD,102,2.424519996025879
QSVC BD-KDD,103,2.409275817620585
QSVC BD-KDD,104,2.388856183130108
QSVC BD-KDD,105,2.3819405163119107
QSVC BD-KDD,106,2.3696689491716416
QSVC BD-KDD,107,2.352985564852948
QSVC BD-KDD,108,2.336344890123087
QSVC BD-KDD,109,2.3355021255971598
QSVC BD-KDD,110,2.3212351940544886
QSVC BD-KDD,111,2.3096135027080704
QSVC BD-KDD,112,2.301722592374495
QSVC BD-KDD,113,2.2908579754017704
QSVC BD-KDD,114,2.282407223376845
QSVC BD-KDD,115,2.2694873657464996
QSVC BD-KDD,116,2.2646033688176885
QSVC BD-KDD,117,2.250821855403724
QSVC BD-KDD,118,2.2254033108710973
QSVC BD-KDD,119,2.21878330617992
QSVC BD-KDD,120,2.209450338787916
QSVC BD-KDD,121,2.1997941338013884
QSVC BD-KDD,122,2.1878201592527375
QSVC BD-KDD,123,2.180102398022281
QSVC BD-KDD,124,2.1726624574712496
QSVC BD-KDD,125,2.163846099946284
QSVC BD-KDD,126,2.1584416989004285
QSVC BD-KDD,127,2.1519536159792376
QSVC BD-KDD,128,2.137543754307193
QSVC BD-KDD,129,2.1200074224355823
QSVC BD-KDD,130,2.114054015683365
QSVC BD-KDD,131,2.1056256077109645
QSVC BD-KDD,132,2.0953512944672443
QSVC BD-KDD,133,2.085144411117005
QSVC BD-KDD,134,2.0770398163821597
QSVC BD-KDD,135,2.0720847329557426
QSVC BD-KDD,136,2.061528907031326
QSVC BD-KDD,137,2.0416963831416917
QSVC BD-KDD,138,2.0386578863073423
QSVC BD-KDD,139,2.0270789182340003
QSVC BD-KDD,140,2.0154173047486887
QSVC BD-KDD,141,2.010990245276059
QSVC BD-KDD,142,1.9982172738332142
QSVC BD-KDD,143,1.9897654005744534
QSVC BD-KDD,144,1.9849292237887184
QSVC BD-KDD,145,1.981372735044139
QSVC BD-KDD,146,1.9689130880496928
QSVC BD-KDD,147,1.9592533766691287
QSVC BD-KDD,148,1.9569979121169887
QSVC BD-KDD,149,1.9467204339644815
QSVC BD-KDD,150,1.9364228266880306
QSVC BD-KDD,151,1.9327130182526493
QSVC BD-KDD,152,1.9255842248439126
QSVC BD-KDD,153,1.9034570413846572
QSVC BD-KDD,154,1.8969739477600926
QSVC BD-KDD,155,1.8950952358126172
QSVC BD-KDD,156,1.8871195659930953
QSVC BD-KDD,157,1.8813175718367843
QSVC BD-KDD,158,1.8729412156593928
QSVC BD-KDD,159,1.8687434046004632
QSVC BD-KDD,160,1.855923656369176
QSVC BD-KDD,161,1.849980150846011
QSVC BD-KDD,162,1.8459883334321363
QSVC BD-KDD,163,1.8433420813509134
QSVC BD-KDD,164,1.831535215433319
QSVC BD-KDD,165,1.8176129982762141
QSVC BD-KDD,166,1.8135268316468645
QSVC BD-KDD,167,1.8091453643671456
QSVC BD-KDD,168,1.8019999175721158
QSVC BD-KDD,169,1.7977104956158747
QSVC BD-KDD,170,1.7898754524011513
QSVC BD-KDD,171,1.7815621358121232
QSVC BD-KDD,172,1.7737147300003686
QSVC BD-KDD,173,1.7603251390376236
QSVC BD-KDD,174,1.7597671376491095
QSVC BD-KDD,175,1.7492460737152615
QSVC BD-KDD,176,1.7425249870257156
QSVC BD-KDD,177,1.7330463452694385
QSVC BD-KDD,178,1.724391966933046
QSVC BD-KDD,179,1.719480622106855
QSVC BD-KDD,180,1.7119905883289699
QSVC BD-KDD,181,1.6979198918638334
QSVC BD-KDD,182,1.6951759552784191
QSVC BD-KDD,183,1.692914401908428
QSVC BD-KDD,184,1.686034616973372
QSVC BD-KDD,185,1.6814277668446242
QSVC BD-KDD,186,1.6730002145489622
QSVC BD-KDD,187,1.6638273902620204
QSVC BD-KDD,188,1.6576981785338265
QSVC BD-KDD,189,1.65108253546756
QSVC BD-KDD,190,1.6414982349573692
QSVC BD-KDD,191,1.6349648787205084
QSVC BD-KDD,192,1.6320819623843188
QSVC BD-KDD,193,1.6195028056482752
QSVC BD-KDD,194,1.614915591031509
QSVC BD-KDD,195,1.612399391474346
QSVC BD-KDD,196,1.6051789519860693
QSVC BD-KDD,197,1.6007302285248157
QSVC BD-KDD,198,1.5970079820259953
QSVC BD-KDD,199,1.5826566278262972
QSVC BD-KDD,200,1.5760125313446434
QSVC BD-KDD,201,1.5725025260651544
QSVC BD-KDD,202,1.5655145425095147
QSVC BD-KDD,203,1.5579021525745982
QSVC BD-KDD,204,1.554759101387954
QSVC BD-KDD,205,1.5543058194761323
QSVC BD-KDD,206,1.545060176606889
QSVC BD-KDD,207,1.537837867339979
QSVC BD-KDD,208,1.5316938758225978
QSVC BD-KDD,209,1.5283304984166834
QSVC BD-KDD,210,1.5211324769126389
QSVC BD-KDD,211,1.5162766613455894
QSVC BD-KDD,212,1.5133409065763386
QSVC BD-KDD,213,1.5052172398479016
QSVC BD-KDD,214,1.496640401015861
QSVC BD-KDD,215,1.4946074935616893
QSVC BD-KDD,216,1.491906063587863
QSVC BD-KDD,217,1.4825467091799382
QSVC BD-KDD,218,1.478103838668877
QSVC BD-KDD,219,1.4720208534324033
QSVC BD-KDD,220,1.468827758610276
QSVC BD-KDD,221,1.460951869227367
QSVC BD-KDD,222,1.4582023925926568
QSVC BD-KDD,223,1.4546610196480252
QSVC BD-KDD,224,1.4487848574241478
QSVC BD-KDD,225,1.44360793805654
QSVC BD-KDD,226,1.4389475621932677
QSVC BD-KDD,227,1.4360745906272103
QSVC BD-KDD,228,1.4257940304264052
QSVC BD-KDD,229,1.4226402149781672
QSVC BD-KDD,230,1.413535154741438
QSVC BD-KDD,231,1.4095880879593667
QSVC BD-KDD,232,1.4039610141695655
QSVC BD-KDD,233,1.4007735052663093
QSVC BD-KDD,234,1.393057091879588
QSVC BD-KDD,235,1.389837943089805
QSVC BD-KDD,236,1.3854592729931576
QSVC BD-KDD,237,1.3807849822293714
QSVC BD-KDD,238,1.3788416726775587
QSVC BD-KDD,239,1.3722239895287207
QSVC BD-KDD,240,1.367785697845019
QSVC BD-KDD,241,1.3606681469542752
QSVC BD-KDD,242,1.3582841401008008
QSVC BD-KDD,243,1.3526550601482699
QSVC BD-KDD,244,1.3483884157213533
QSVC BD-KDD,245,1.342151263974981
QSVC BD-KDD,246,1.3379119875336445
QSVC BD-KDD,247,1.3331130260142463
QSVC BD-KDD,248,1.3273872380148484
QSVC BD-KDD,249,1.3193112237745632
QSVC BD-KDD,250,1.3147116547899471
QSVC BD-KDD,251,1.309981698823247
QSVC BD-KDD,252,1.307452795502487
QSVC BD-KDD,253,1.3044724438918762
QSVC BD-KDD,254,1.300590037736529
QSVC BD-KDD,255,1.29246080361528
QSVC BD-KDD,256,1.2897769145450844
QSVC BD-KDD,257,1.284560337915553
QSVC BD-KDD,258,1.2816004456229586
QSVC BD-KDD,259,1.274568431253743
QSVC BD-KDD,260,1.2697194608593159
QSVC BD-KDD,261,1.2671338251633946
QSVC BD-KDD,262,1.2645169159199006
QSVC BD-KDD,263,1.2605167233876284
QSVC BD-KDD,264,1.2545002591632768
QSVC BD-KDD,265,1.2528850322756844
QSVC BD-KDD,266,1.247036891376556
QSVC BD-KDD,267,1.2431625445191539
QSVC BD-KDD,268,1.2396791039290769
QSVC BD-KDD,269,1.237001736126286
QSVC BD-KDD,270,1.2343908356736024
QSVC BD-KDD,271,1.2270436847982387
QSVC BD-KDD,272,1.2226365980710727
QSVC BD-KDD,273,1.2198796163263022
QSVC BD-KDD,274,1.2124115124896837
QSVC BD-KDD,275,1.2103305610473898
QSVC BD-KDD,276,1.2086933499657622
QSVC BD-KDD,277,1.2051104072456833
QSVC BD-KDD,278,1.200768200398474
QSVC BD-KDD,279,1.1960638180286072
QSVC BD-KDD,280,1.1923504779567438
QSVC BD-KDD,281,1.186467651149245
QSVC BD-KDD,282,1.1830694553288181
QSVC BD-KDD,283,1.1779041661788272
QSVC BD-KDD,284,1.1757613329766514
QSVC BD-KDD,285,1.1739339168131557
QSVC BD-KDD,286,1.169217752931472
QSVC BD-KDD,287,1.1607727629172486
QSVC BD-KDD,288,1.1572583083518746
QSVC BD-KDD,289,1.1535021335882178
QSVC BD-KDD,290,1.1529801167310683
QSVC BD-KDD,291,1.149735684982186
QSVC BD-KDD,292,1.1447209769219244
QSVC BD-KDD,293,1.1401682842538103
QSVC BD-KDD,294,1.1385046532340592
QSVC BD-KDD,295,1.1349367080924415
QSVC BD-KDD,296,1.1327059150914727
QSVC BD-KDD,297,1.1261923674818575
QSVC BD-KDD,298,1.11972150359909
QSVC BD-KDD,299,1.1180719658669613
QSVC BD-KDD,300,1.115187028455612
QSVC BD-KDD,301,1.111056024019434
QSVC BD-KDD,302,1.108782577839796
QSVC BD-KDD,303,1.10271714652738
QSVC BD-KDD,304,1.0978097721375721
QSVC BD-KDD,305,1.095696548565898
QSVC BD-KDD,306,1.0943126331742814
QSVC BD-KDD,307,1.0867272902336633
QSVC BD-KDD,308,1.0833145013745975
QSVC BD-KDD,309,1.0810448369075192
QSVC BD-KDD,310,1.076248967478812
QSVC BD-KDD,311,1.0721801389044183
QSVC BD-KDD,312,1.0701288132454827
QSVC BD-KDD,313,1.0669811371702884
QSVC BD-KDD,314,1.0614869150252353
QSVC BD-KDD,315,1.0583593118597174
QSVC BD-KDD,316,1.057192436539544
QSVC BD-KDD,317,1.053631993247172
QSVC BD-KDD,318,1.051901281246673
QSVC BD-KDD,319,1.0510951330207212
QSVC BD-KDD,320,1.045582141581426
QSVC BD-KDD,321,1.0407601297704057
QSVC BD-KDD,322,1.0367596857205372
QSVC BD-KDD,323,1.0340140528935222
QSVC BD-KDD,324,1.0290517641766832
QSVC BD-KDD,325,1.0241710808672657
QSVC BD-KDD,326,1.020508999544093
QSVC BD-KDD,327,1.0166841834845033
QSVC BD-KDD,328,1.0135339630271865
QSVC BD-KDD,329,1.0111295048674844
QSVC BD-KDD,330,1.0074584484790363
QSVC BD-KDD,331,1.0055340920481717
QSVC BD-KDD,332,1.0030981201927935
QSVC BD-KDD,333,1.0024266469166578
QSVC BD-KDD,334,0.998010959441204
QSVC BD-KDD,335,0.9955176651971056
QSVC BD-KDD,336,0.989024005113027
QSVC BD-KDD,337,0.9881960176343059
QSVC BD-KDD,338,0.9879298357612675
QSVC BD-KDD,339,0.9821882433575309
QSVC BD-KDD,340,0.9803695719515656
QSVC BD-KDD,341,0.9765262264068872
QSVC BD-KDD,342,0.9720294071514238
QSVC BD-KDD,343,0.9686716210601402
QSVC BD-KDD,344,0.9653712020629376
QSVC BD-KDD,345,0.962089381366445
QSVC BD-KDD,346,0.9603624510764996
QSVC BD-KDD,347,0.95819049724536
QSVC BD-KDD,348,0.956095062663266
QSVC BD-KDD,349,0.9531511728392826
QSVC BD-KDD,350,0.9480494492602743
QSVC BD-KDD,351,0.9475844311840511
QSVC BD-KDD,352,0.9474449576466175
QSVC BD-KDD,353,0.9414072552845282
QSVC BD-KDD,354,0.9396906154358227
QSVC BD-KDD,355,0.9379994629383988
QSVC BD-KDD,356,0.9360053658316341
QSVC BD-KDD,357,0.9331870280781127
QSVC BD-KDD,358,0.9282631374306092
QSVC BD-KDD,359,0.9255110996597408
QSVC BD-KDD,360,0.9237229178566287
QSVC BD-KDD,361,0.9167318498472661
QSVC BD-KDD,362,0.9151445884267316
QSVC BD-KDD,363,0.9140326101269399
QSVC BD-KDD,364,0.913210715784769
QSVC BD-KDD,365,0.9085414683977789
QSVC BD-KDD,366,0.9055040213893059
QSVC BD-KDD,367,0.9036186959519512
QSVC BD-KDD,368,0.9005567308843148
QSVC BD-KDD,369,0.8986102504277884
QSVC BD-KDD,370,0.8940616916499753
QSVC BD-KDD,371,0.8932807689879999
QSVC BD-KDD,372,0.8887327962764167
QSVC BD-KDD,373,0.8846896687034657
QSVC BD-KDD,374,0.8811519255288649
QSVC BD-KDD,375,0.8797106863020056
QSVC BD-KDD,376,0.8779083232145066
QSVC BD-KDD,377,0.8759434287013484
QSVC BD-KDD,378,0.8732543438158547
QSVC BD-KDD,379,0.8721741767929345
QSVC BD-KDD,380,0.871201106600175
QSVC BD-KDD,381,0.8671128610944816
QSVC BD-KDD,382,0.8605525240289362
QSVC BD-KDD,383,0.8594043716453612
QSVC BD-KDD,384,0.8569323807991185
QSVC BD-KDD,385,0.8544338597029293
QSVC BD-KDD,386,0.8517561535551856
QSVC BD-KDD,387,0.8492846036457614
QSVC BD-KDD,388,0.8471610409441658
QSVC BD-KDD,389,0.8439163442303953
QSVC BD-KDD,390,0.8405775377417424
QSVC BD-KDD,391,0.836702136648744
QSVC BD-KDD,392,0.8362406398047274
QSVC BD-KDD,393,0.8328714612668956
QSVC BD-KDD,394,0.8313555933353273
QSVC BD-KDD,395,0.8270740261887146
QSVC BD-KDD,396,0.8247246079074279
QSVC BD-KDD,397,0.8203177181680069
QSVC BD-KDD,398,0.8194251911833788
QSVC BD-KDD,399,0.816934103311692
QSVC BD-KDD,400,0.8152010804528096
QSVC BD-KDD,401,0.8131501703778886
QSVC BD-KDD,402,0.8105423369770157
QSVC BD-KDD,403,0.8101889804619908
QSVC BD-KDD,404,0.8038655706243489
QSVC BD-KDD,405,0.8019372291363759
QSVC BD-KDD,406,0.7983898597655961
QSVC BD-KDD,407,0.7937170985515176
QSVC BD-KDD,408,0.7924777458576455
QSVC BD-KDD,409,0.7903178010063518
QSVC BD-KDD,410,0.7891249785425513
QSVC BD-KDD,411,0.7879683117945282
QSVC BD-KDD,412,0.7852625506720479
QSVC BD-KDD,413,0.7828767385222932
QSVC BD-KDD,414,0.782097767533175
QSVC BD-KDD,415,0.779060742838408
QSVC BD-KDD,416,0.7741592213594466
QSVC BD-KDD,417,0.7716890906104328
QSVC BD-KDD,418,0.76905781086709
QSVC BD-KDD,419,0.7678343674074736
QSVC BD-KDD,420,0.7648349280393297
QSVC BD-KDD,421,0.7604900914973985
QSVC BD-KDD,422,0.7584431241942825
QSVC BD-KDD,423,0.7556998620371866
QSVC BD-KDD,424,0.7543329483199216
QSVC BD-KDD,425,0.750708735718133
QSVC BD-KDD,426,0.7486568530220588
QSVC BD-KDD,427,0.7467864332537739
QSVC BD-KDD,428,0.7457337410210179
QSVC BD-KDD,429,0.7432763229414981
QSVC BD-KDD,430,0.7406445032139685
QSVC BD-KDD,431,0.7387670178848307
QSVC BD-KDD,432,0.7348555280455402
QSVC BD-KDD,433,0.7329938626960413
QSVC BD-KDD,434,0.7283257624429678
QSVC BD-KDD,435,0.7234398674887913
QSVC BD-KDD,436,0.7228424124411877
QSVC BD-KDD,437,0.718998076948736
QSVC BD-KDD,438,0.7160061776090026
QSVC BD-KDD,439,0.7138974507007507
QSVC BD-KDD,440,0.7123390869766162
QSVC BD-KDD,441,0.710559335177955
QSVC BD-KDD,442,0.7092542163429449
QSVC BD-KDD,443,0.7066588966965023
QSVC BD-KDD,444,0.704833898091438
QSVC BD-KDD,445,0.701997690495486
QSVC BD-KDD,446,0.698154165416266
QSVC BD-KDD,447,0.6954266311347849
QSVC BD-KDD,448,0.6940561553298935
QSVC BD-KDD,449,0.6907638722689374
QSVC BD-KDD,450,0.6904156119535229
QSVC BD-KDD,451,0.6869782618204688
QSVC BD-KDD,452,0.6834154743660762
QSVC BD-KDD,453,0.6821896119653906
QSVC BD-KDD,454,0.6797276828550642
QSVC BD-KDD,455,0.6778337261446981
QSVC BD-KDD,456,0.6768909176413342
QSVC BD-KDD,457,0.6744567956117313
QSVC BD-KDD,458,0.6715763318417397
QSVC BD-KDD,459,0.6707099335509183
QSVC BD-KDD,460,0.6696687363929515
QSVC BD-KDD,461,0.6681557139037959
QSVC BD-KDD,462,0.6659680448844565
QSVC BD-KDD,463,0.6630069207185766
QSVC BD-KDD,464,0.6612152675157553
QSVC BD-KDD,465,0.6579120807490125
QSVC BD-KDD,466,0.6550793032813454
QSVC BD-KDD,467,0.6533657314006621
QSVC BD-KDD,468,0.6510523269790014
QSVC BD-KDD,469,0.6501234432580628
QSVC BD-KDD,470,0.6463771106454855
QSVC BD-KDD,471,0.6432004295513524
QSVC BD-KDD,472,0.6413054152473353
QSVC BD-KDD,473,0.6401205834749314
QSVC BD-KDD,474,0.6378722227555896
QSVC BD-KDD,475,0.6359110367683403
QSVC BD-KDD,476,0.6327639323887886
QSVC BD-KDD,477,0.6315209165446478
QSVC BD-KDD,478,0.6299678357682676
QSVC BD-KDD,479,0.626675127144781
QSVC BD-KDD,480,0.6237849594546034
QSVC BD-KDD,481,0.62178727134279
QSVC BD-KDD,482,0.6197099343901117
QSVC BD-KDD,483,0.618278075428398
QSVC BD-KDD,484,0.611984409363292
QSVC BD-KDD,485,0.6101302992082164
QSVC BD-KDD,486,0.6089180566022323
QSVC BD-KDD,487,0.6078281941131554
QSVC BD-KDD,488,0.6035828216846449
QSVC BD-KDD,489,0.6032945243741082
QSVC BD-KDD,490,0.6007748038379234
QSVC BD-KDD,491,0.5985208698832051
QSVC BD-KDD,492,0.5963599456703975
QSVC BD-KDD,493,0.5938052265943361
QSVC BD-KDD,494,0.5897682877509277
QSVC BD-KDD,495,0.5882274175239502
QSVC BD-KDD,496,0.5875487509976921
QSVC BD-KDD,497,0.5831346028989005
QSVC BD-KDD,498,0.5815405159596437
QSVC BD-KDD,499,0.5806279060505187
QSVC BD-KDD,500,0.5797984645395827
QSVC BD-KDD,501,0.5783620915581812
QSVC BD-KDD,502,0.5763750883777619
QSVC BD-KDD,503,0.5711488406143815
QSVC BD-KDD,504,0.569245270286013
QSVC BD-KDD,505,0.5690743708702081
QSVC BD-KDD,506,0.5655218563520465
QSVC BD-KDD,507,0.5620482997836977
QSVC BD-KDD,508,0.5593295449313223
QSVC BD-KDD,509,0.557931417348391
QSVC BD-KDD,510,0.5545149404713682
QSVC BD-KDD,511,0.5536319606116228
QSVC BD-KDD,512,0.5503037374228196
QSVC BD-KDD,513,0.5488840361898485
QSVC BD-KDD,514,0.5470011671775805
QSVC BD-KDD,515,0.5432160810347757
QSVC BD-KDD,516,0.5419667651513048
QSVC BD-KDD,517,0.540276604247349
QSVC BD-KDD,518,0.538205073333817
QSVC BD-KDD,519,0.5373927866203784
QSVC BD-KDD,520,0.5347646178651176
QSVC BD-KDD,521,0.5340987524634427
QSVC BD-KDD,522,0.5324475692310567
QSVC BD-KDD,523,0.5278851782225216
QSVC BD-KDD,524,0.5274908146849362
QSVC BD-KDD,525,0.5237113106724375
QSVC BD-KDD,526,0.5212871476319744
QSVC BD-KDD,527,0.519322565207392
QSVC BD-KDD,528,0.5172489911708379
QSVC BD-KDD,529,0.5169129819257636
QSVC BD-KDD,530,0.5156477516056209
QSVC BD-KDD,531,0.5143142548377441
QSVC BD-KDD,532,0.5113922090002145
QSVC BD-KDD,533,0.5093172833797777
QSVC BD-KDD,534,0.507743664114504
QSVC BD-KDD,535,0.5058301295972376
QSVC BD-KDD,536,0.5045295682455878
QSVC BD-KDD,537,0.4998674046165455
QSVC BD-KDD,538,0.49886489458901534
QSVC BD-KDD,539,0.49832790375219227
QSVC BD-KDD,540,0.49562290059062647
QSVC BD-KDD,541,0.4945869988526375
QSVC BD-KDD,542,0.49439887386640424
QSVC BD-KDD,543,0.4932380408601653
QSVC BD-KDD,544,0.49050968154244845
QSVC BD-KDD,545,0.48851412268709243
QSVC BD-KDD,546,0.48795187927621214
QSVC BD-KDD,547,0.486118452828808
QSVC BD-KDD,548,0.48407027287386434
QSVC BD-KDD,549,0.48169796323603
QSVC BD-KDD,550,0.4802974798798629
QSVC BD-KDD,551,0.47686043064525946
QSVC BD-KDD,552,0.47484745067355477
QSVC BD-KDD,553,0.47395223248573165
QSVC BD-KDD,554,0.4725461842376513
QSVC BD-KDD,555,0.46989358550819493
QSVC BD-KDD,556,0.46631693873827684
QSVC BD-KDD,557,0.4652397460992962
QSVC BD-KDD,558,0.46352736833090347
QSVC BD-KDD,559,0.4609947618105783
QSVC BD-KDD,560,0.4604576434636611
QSVC BD-KDD,561,0.4597158392008826
QSVC BD-KDD,562,0.45818311886487206
QSVC BD-KDD,563,0.4551437339020498
QSVC BD-KDD,564,0.453594442828988
QSVC BD-KDD,565,0.4522062795217305
QSVC BD-KDD,566,0.44900984495955926
QSVC BD-KDD,567,0.44653918830844963
QSVC BD-KDD,568,0.4454874331399432
QSVC BD-KDD,569,0.4433765939770081
QSVC BD-KDD,570,0.4425773909921853
QSVC BD-KDD,571,0.4389588271357017
QSVC BD-KDD,572,0.43784196748871046
QSVC BD-KDD,573,0.4362928206777058
QSVC BD-KDD,574,0.43411960644020475
QSVC BD-KDD,575,0.4329912791773611
QSVC BD-KDD,576,0.43247121991256976
QSVC BD-KDD,577,0.42964343555229895
QSVC BD-KDD,578,0.4271586528323105
QSVC BD-KDD,579,0.42621983827120646
QSVC BD-KDD,580,0.42416671932337224
QSVC BD-KDD,581,0.4222165250154115
QSVC BD-KDD,582,0.4205175296625997
QSVC BD-KDD,583,0.41896507413217005
QSVC BD-KDD,584,0.4138375609470783
QSVC BD-KDD,585,0.4134935629948603
QSVC BD-KDD,586,0.4119563052020166
QSVC BD-KDD,587,0.41170423125845224
QSVC BD-KDD,588,0.409259714460887
QSVC BD-KDD,589,0.40780847463649955
QSVC BD-KDD,590,0.4067090319003662
QSVC BD-KDD,591,0.40412265009284654
QSVC BD-KDD,592,0.40164661896192194
QSVC BD-KDD,593,0.400826246363665
QSVC BD-KDD,594,0.40019153836223664
QSVC BD-KDD,595,0.39892656765764306
QSVC BD-KDD,596,0.39780205617486347
QSVC BD-KDD,597,0.396031315665128
QSVC BD-KDD,598,0.3948500728466963
QSVC BD-KDD,599,0.3941514664684822
QSVC BD-KDD,600,0.3919810965411085
QSVC BD-KDD,601,0.3883144818531453
QSVC BD-KDD,602,0.38590113861032604
QSVC BD-KDD,603,0.3848095850282923
QSVC BD-KDD,604,0.38300157579996374
QSVC BD-KDD,605,0.3823692309670759
QSVC BD-KDD,606,0.38198489917699324
QSVC BD-KDD,607,0.3788035094044804
QSVC BD-KDD,608,0.37773677027689456
QSVC BD-KDD,609,0.37540050711211703
QSVC BD-KDD,610,0.3745442863434353
QSVC BD-KDD,611,0.37131526478961696
QSVC BD-KDD,612,0.36993398810531675
QSVC BD-KDD,613,0.36698712440760484
QSVC BD-KDD,614,0.3653430120624685
QSVC BD-KDD,615,0.3639059892536882
QSVC BD-KDD,616,0.3633422978072936
QSVC BD-KDD,617,0.36214149602129386
QSVC BD-KDD,618,0.3609512642038029
QSVC BD-KDD,619,0.35863542610011984
QSVC BD-KDD,620,0.35746948120209215
QSVC BD-KDD,621,0.3556777736000727
QSVC BD-KDD,622,0.3525516058531507
QSVC BD-KDD,623,0.35017280537013756
QSVC BD-KDD,624,0.3489003562599895
QSVC BD-KDD,625,0.34795498765892896
QSVC BD-KDD,626,0.34627018121135894
QSVC BD-KDD,627,0.34526918814370344
QSVC BD-KDD,628,0.3439026285658929
QSVC BD-KDD,629,0.34266276311444704
QSVC BD-KDD,630,0.34068052358570683
QSVC BD-KDD,631,0.33971649007731775
QSVC BD-KDD,632,0.3374338345826466
QSVC BD-KDD,633,0.33603112365921656
QSVC BD-KDD,634,0.3343755797630164
QSVC BD-KDD,635,0.3331966313672916
QSVC BD-KDD,636,0.33161219968398953
QSVC BD-KDD,637,0.32849575105421563
QSVC BD-KDD,638,0.32695345759250377
QSVC BD-KDD,639,0.32614711839773536
QSVC BD-KDD,640,0.3243699042336693
QSVC BD-KDD,641,0.32329760244542277
QSVC BD-KDD,642,0.32210225288771854
QSVC BD-KDD,643,0.3213659832631481
QSVC BD-KDD,644,0.32030042830705036
QSVC BD-KDD,645,0.3194029673512704
QSVC BD-KDD,646,0.3171258328545204
QSVC BD-KDD,647,0.3152094739711612
QSVC BD-KDD,648,0.3127307570848923
QSVC BD-KDD,649,0.31208693409262006
QSVC BD-KDD,650,0.3097224714445157
QSVC BD-KDD,651,0.30700178366758996
QSVC BD-KDD,652,0.3057356589362429
QSVC BD-KDD,653,0.30516715265268907
QSVC BD-KDD,654,0.30355486398483156
QSVC BD-KDD,655,0.30253330821626384
QSVC BD-KDD,656,0.3019750647665843
QSVC BD-KDD,657,0.2994323419989033
QSVC BD-KDD,658,0.29643389496207095
QSVC BD-KDD,659,0.2956813443592252
QSVC BD-KDD,660,0.2935466379689339
QSVC BD-KDD,661,0.29193997245178055
QSVC BD-KDD,662,0.2909118573772727
QSVC BD-KDD,663,0.2879793082942543
QSVC BD-KDD,664,0.2864660166936847
QSVC BD-KDD,665,0.2855327314462239
QSVC BD-KDD,666,0.2840045924210411
QSVC BD-KDD,667,0.2830493499160519
QSVC BD-KDD,668,0.2821554088166778
QSVC BD-KDD,669,0.28024323755986474
QSVC BD-KDD,670,0.2786087027529123
QSVC BD-KDD,671,0.2772197215510033
QSVC BD-KDD,672,0.2754891835786149
QSVC BD-KDD,673,0.27374287318818386
QSVC BD-KDD,674,0.27313882922377253
QSVC BD-KDD,675,0.2730369836477682
QSVC BD-KDD,676,0.2704632034338883
QSVC BD-KDD,677,0.26846262836745105
QSVC BD-KDD,678,0.26772787122078207
QSVC BD-KDD,679,0.26716436029588647
QSVC BD-KDD,680,0.2657609708161352
QSVC BD-KDD,681,0.2631454090431643
QSVC BD-KDD,682,0.26183579661087053
QSVC BD-KDD,683,0.26098034549069365
QSVC BD-KDD,684,0.2596690416074344
QSVC BD-KDD,685,0.25782213354930084
QSVC BD-KDD,686,0.25769455956350074
QSVC BD-KDD,687,0.25688544284339626
QSVC BD-KDD,688,0.2543658220236045
QSVC BD-KDD,689,0.25415309594874547
QSVC BD-KDD,690,0.25276459165199794
QSVC BD-KDD,691,0.2504105683938228
QSVC BD-KDD,692,0.24931971795273186
QSVC BD-KDD,693,0.24806926899608012
QSVC BD-KDD,694,0.24685975044311584
QSVC BD-KDD,695,0.24429777302918343
QSVC BD-KDD,696,0.24352785947728112
QSVC BD-KDD,697,0.24248421473924356
QSVC BD-KDD,698,0.2415368701936791
QSVC BD-KDD,699,0.2400238484333469
QSVC BD-KDD,700,0.23786747117617085
QSVC BD-KDD,701,0.23671316505168702
QSVC BD-KDD,702,0.23537353602191244
QSVC BD-KDD,703,0.2345356419300525
QSVC BD-KDD,704,0.23380687778796153
QSVC BD-KDD,705,0.23298158136975716
QSVC BD-KDD,706,0.23076477863478442
QSVC BD-KDD,707,0.23068599111262658
QSVC BD-KDD,708,0.22794840279413747
QSVC BD-KDD,709,0.22777919641353891
QSVC BD-KDD,710,0.22494423356973378
QSVC BD-KDD,711,0.22433827638917123
QSVC BD-KDD,712,0.2228012211650745
QSVC BD-KDD,713,0.22179405445850478
QSVC BD-KDD,714,0.22092912208822044
QSVC BD-KDD,715,0.22003450314949172
QSVC BD-KDD,716,0.21882074235872173
QSVC BD-KDD,717,0.2178499931463572
QSVC BD-KDD,718,0.21550468271677597
QSVC BD-KDD,719,0.21427146193089808
QSVC BD-KDD,720,0.21368681824483218
QSVC BD-KDD,721,0.2107395631249468
QSVC BD-KDD,722,0.21027774632448068
QSVC BD-KDD,723,0.20926926656729614
QSVC BD-KDD,724,0.20650067148133405
QSVC BD-KDD,725,0.2061159559930119
QSVC BD-KDD,726,0.20559482779870036
QSVC BD-KDD,727,0.20362711493984278
QSVC BD-KDD,728,0.203318336079258
QSVC BD-KDD,729,0.2014944780398213
QSVC BD-KDD,730,0.20029464963612578
QSVC BD-KDD,731,0.19755703140377254
QSVC BD-KDD,732,0.19703145403244363
QSVC BD-KDD,733,0.19636970355384137
QSVC BD-KDD,734,0.1955419801452371
QSVC BD-KDD,735,0.19400075291474844
QSVC BD-KDD,736,0.19336883431941873
QSVC BD-KDD,737,0.19282954875500813
QSVC BD-KDD,738,0.19071746794642147
QSVC BD-KDD,739,0.1895141628819395
QSVC BD-KDD,740,0.18844342455609087
QSVC BD-KDD,741,0.18782858409608405
QSVC BD-KDD,742,0.18693682049965016
QSVC BD-KDD,743,0.1860143339140475
QSVC BD-KDD,744,0.18490924821419516
QSVC BD-KDD,745,0.18341043991905862
QSVC BD-KDD,746,0.18294691836448257
QSVC BD-KDD,747,0.1813896806121716
QSVC BD-KDD,748,0.17954672797340823
QSVC BD-KDD,749,0.17914585012423007
QSVC BD-KDD,750,0.17820305385539625
QSVC BD-KDD,751,0.17609600806268716
QSVC BD-KDD,752,0.17579335401107174
QSVC BD-KDD,753,0.17540341019332525
QSVC BD-KDD,754,0.17342118475556764
QSVC BD-KDD,755,0.17150513796224573
QSVC BD-KDD,756,0.17102684333939241
QSVC BD-KDD,757,0.17028229217352372
QSVC BD-KDD,758,0.1693521167997151
QSVC BD-KDD,759,0.16788233037625688
QSVC BD-KDD,760,0.1656987915219527
QSVC BD-KDD,761,0.16502985759000707
QSVC BD-KDD,762,0.1645157453443087
QSVC BD-KDD,763,0.16259418359377967
QSVC BD-KDD,764,0.16164659173411267
QSVC BD-KDD,765,0.1610653179528241
QSVC BD-KDD,766,0.16071604740830392
QSVC BD-KDD,767,0.15874405193210153
QSVC BD-KDD,768,0.15784551552184703
QSVC BD-KDD,769,0.1561704741275881
QSVC BD-KDD,770,0.15556872991859885
QSVC BD-KDD,771,0.15423225181746963
QSVC BD-KDD,772,0.15395389352884056
QSVC BD-KDD,773,0.15304862167426292
QSVC BD-KDD,774,0.15101030770892682
QSVC BD-KDD,775,0.14960891488585673
QSVC BD-KDD,776,0.14832393318786746
QSVC BD-KDD,777,0.14738921701598248
QSVC BD-KDD,778,0.1466739817846758
QSVC BD-KDD,779,0.14591459510529406
QSVC BD-KDD,780,0.14506011875143937
QSVC BD-KDD,781,0.14499237477537788
QSVC BD-KDD,782,0.14433819633294703
QSVC BD-KDD,783,0.14263002141642772
QSVC BD-KDD,784,0.14173266580444158
QSVC BD-KDD,785,0.14024081220302811
QSVC BD-KDD,786,0.13912418965039794
QSVC BD-KDD,787,0.13825443723543276
QSVC BD-KDD,788,0.13738335027133144
QSVC BD-KDD,789,0.13670632267225777
QSVC BD-KDD,790,0.1353319952793559
QSVC BD-KDD,791,0.13395196450412836
QSVC BD-KDD,792,0.13353787792114055
QSVC BD-KDD,793,0.13197796824749053
QSVC BD-KDD,794,0.13173819977035897
QSVC BD-KDD,795,0.1315223323680489
QSVC BD-KDD,796,0.13022807674753953
QSVC BD-KDD,797,0.1299638633533504
QSVC BD-KDD,798,0.12912750795951083
QSVC BD-KDD,799,0.1279613807608901
QSVC BD-KDD,800,0.12694126702247907
QSVC BD-KDD,801,0.12668032938344118
QSVC BD-KDD,802,0.1250241423040091
QSVC BD-KDD,803,0.12465036112781261
QSVC BD-KDD,804,0.12285569709891753
QSVC BD-KDD,805,0.12112476185336245
QSVC BD-KDD,806,0.12078338669723768
QSVC BD-KDD,807,0.12005942991796474
QSVC BD-KDD,808,0.1194195538072933
QSVC BD-KDD,809,0.11909644357022454
QSVC BD-KDD,810,0.11761503910693578
QSVC BD-KDD,811,0.11668796982487856
QSVC BD-KDD,812,0.1164263072012332
QSVC BD-KDD,813,0.11440069730047314
QSVC BD-KDD,814,0.11360444158471165
QSVC BD-KDD,815,0.11301494210741714
QSVC BD-KDD,816,0.11176997794589012
QSVC BD-KDD,817,0.1114052117493356
QSVC BD-KDD,818,0.11029589520511594
QSVC BD-KDD,819,0.10961269328956835
QSVC BD-KDD,820,0.10865352661300118
QSVC BD-KDD,821,0.10822576074858285
QSVC BD-KDD,822,0.10744444881762671
QSVC BD-KDD,823,0.10683241570624111
QSVC BD-KDD,824,0.10594351834288734
QSVC BD-KDD,825,0.10456606464729008
QSVC BD-KDD,826,0.10380936715839918
QSVC BD-KDD,827,0.10296379723235344
QSVC BD-KDD,828,0.10173799855382762
QSVC BD-KDD,829,0.1015775919167557
QSVC BD-KDD,830,0.1009382284072495
QSVC BD-KDD,831,0.10054469991775043
QSVC BD-KDD,832,0.09985760001801026
QSVC BD-KDD,833,0.0982953894778971
QSVC BD-KDD,834,0.09669605362012862
QSVC BD-KDD,835,0.09563509575953823
QSVC BD-KDD,836,0.09507883777742526
QSVC BD-KDD,837,0.09373252365738054
QSVC BD-KDD,838,0.09329670469258956
QSVC BD-KDD,839,0.09259637980803834
QSVC BD-KDD,840,0.091920750949544
QSVC BD-KDD,841,0.09124351868732593
QSVC BD-KDD,842,0.09051265093839589
QSVC BD-KDD,843,0.089096559723112
QSVC BD-KDD,844,0.08893937631502655
QSVC BD-KDD,845,0.08826490616805115
QSVC BD-KDD,846,0.08700582670623716
QSVC BD-KDD,847,0.08671770539710767
QSVC BD-KDD,848,0.0854230909308307
QSVC BD-KDD,849,0.08479598631549304
QSVC BD-KDD,850,0.0842680781460033
QSVC BD-KDD,851,0.0837151061939097
QSVC BD-KDD,852,0.08322437151976428
QSVC BD-KDD,853,0.082020934584435
QSVC BD-KDD,854,0.08164401230664015
QSVC BD-KDD,855,0.08111725715072905
QSVC BD-KDD,856,0.08007084798178928
QSVC BD-KDD,857,0.07935872583837092
QSVC BD-KDD,858,0.07899126290887744
QSVC BD-KDD,859,0.07786579131504114
QSVC BD-KDD,860,0.07726398810382648
QSVC BD-KDD,861,0.07675014172355549
QSVC BD-KDD,862,0.0763585933137945
QSVC BD-KDD,863,0.07545226568234027
QSVC BD-KDD,864,0.07444476688466879
QSVC BD-KDD,865,0.07310752538831046
QSVC BD-KDD,866,0.07286450038762236
QSVC BD-KDD,867,0.07276502274675511
QSVC BD-KDD,868,0.07183620858218148
QSVC BD-KDD,869,0.07061730073969315
QSVC BD-KDD,870,0.07006694622168
QSVC BD-KDD,871,0.06948433627848036
QSVC BD-KDD,872,0.0690018103147293
QSVC BD-KDD,873,0.06849087131154967
QSVC BD-KDD,874,0.06770028971186054
QSVC BD-KDD,875,0.065708840116995
QSVC BD-KDD,876,0.06509038157405644
QSVC BD-KDD,877,0.06487905057985187
QSVC BD-KDD,878,0.06425762888690133
QSVC BD-KDD,879,0.06401532253058645
QSVC BD-KDD,880,0.06337336113663689
QSVC BD-KDD,881,0.06254436994881939
QSVC BD-KDD,882,0.06232659001151029
QSVC BD-KDD,883,0.06187316960922652
QSVC BD-KDD,884,0.06112007066159629
QSVC BD-KDD,885,0.060214968363401296
QSVC BD-KDD,886,0.05956100109881034
QSVC BD-KDD,887,0.05897832366875171
QSVC BD-KDD,888,0.05793910117164554
QSVC BD-KDD,889,0.05731979589716157
QSVC BD-KDD,890,0.05681909109263294
QSVC BD-KDD,891,0.05641321582910148
QSVC BD-KDD,892,0.055402079710418856
QSVC BD-KDD,893,0.05525775072175687
QSVC BD-KDD,894,0.053730774662777564
QSVC BD-KDD,895,0.05315421568918069
QSVC BD-KDD,896,0.05271334150363103
QSVC BD-KDD,897,0.05246721234345857
QSVC BD-KDD,898,0.051571550495259494
QSVC BD-KDD,899,0.05096151974435137
QSVC BD-KDD,900,0.05070681189528865
QSVC BD-KDD,901,0.05024060092675403
QSVC BD-KDD,902,0.0492765379166008
QSVC BD-KDD,903,0.04822525491491679
QSVC BD-KDD,904,0.047772934887610544
QSVC BD-KDD,905,0.047072703849988635
QSVC BD-KDD,906,0.046995973764620204
QSVC BD-KDD,907,0.046318776712639516
QSVC BD-KDD,908,0.045826072270657256
QSVC BD-KDD,909,0.04548905782637352
QSVC BD-KDD,910,0.04499645318645562
QSVC BD-KDD,911,0.04430821205970706
QSVC BD-KDD,912,0.04355143678869646
QSVC BD-KDD,913,0.04302150231700429
QSVC BD-KDD,914,0.04286130312867398
QSVC BD-KDD,915,0.04229337636052303
QSVC BD-KDD,916,0.041624650867912436
QSVC BD-KDD,917,0.04110914559833161
QSVC BD-KDD,918,0.04045127739676292
QSVC BD-KDD,919,0.04005444003794593
QSVC BD-KDD,920,0.03901478889075837
QSVC BD-KDD,921,0.038485963227900793
QSVC BD-KDD,922,0.03813507139706007
QSVC BD-KDD,923,0.03782145619629694
QSVC BD-KDD,924,0.03698822355185366
QSVC BD-KDD,925,0.03655706894721205
QSVC BD-KDD,926,0.035909025273617834
QSVC BD-KDD,927,0.03575732144278213
QSVC BD-KDD,928,0.034787877990211796
QSVC BD-KDD,929,0.03459746725395244
QSVC BD-KDD,930,0.034161219620199856
QSVC BD-KDD,931,0.03384696543513595
QSVC BD-KDD,932,0.03312614165215598
QSVC BD-KDD,933,0.03214128029829094
QSVC BD-KDD,934,0.0319365225461775
QSVC BD-KDD,935,0.031149141929970668
QSVC BD-KDD,936,0.03084540043422104
QSVC BD-KDD,937,0.02986440616553057
QSVC BD-KDD,938,0.029625570196210548
QSVC BD-KDD,939,0.029388335555194087
QSVC BD-KDD,940,0.028767154146133456
QSVC BD-KDD,941,0.02770684787878418
QSVC BD-KDD,942,0.027232027617176677
QSVC BD-KDD,943,0.0269540445872162
QSVC BD-KDD,944,0.02665360257152249
QSVC BD-KDD,945,0.025550774355663188
QSVC BD-KDD,946,0.025453842880261125
QSVC BD-KDD,947,0.024594000484361923
QSVC BD-KDD,948,0.02406276327624204
QSVC BD-KDD,949,0.0237375594518665
QSVC BD-KDD,950,0.023262394449047732
QSVC BD-KDD,951,0.02295792920102223
QSVC BD-KDD,952,0.022783674661343883
QSVC BD-KDD,953,0.02198354611949676
QSVC BD-KDD,954,0.021077639819701736
QSVC BD-KDD,955,0.02096197205154655
QSVC BD-KDD,956,0.020855528001239493
QSVC BD-KDD,957,0.020197129783175553
QSVC BD-KDD,958,0.01965515946086993
QSVC BD-KDD,959,0.01903971103590018
QSVC BD-KDD,960,0.018941072688065344
QSVC BD-KDD,961,0.01854728492433037
QSVC BD-KDD,962,0.018380464028626465
QSVC BD-KDD,963,0.01730644868044251
QSVC BD-KDD,964,0.01702725998085757
QSVC BD-KDD,965,0.016354221670801437
QSVC BD-KDD,966,0.01578686373200571
QSVC BD-KDD,967,0.015312615885346508
QSVC BD-KDD,968,0.014755459437488044
QSVC BD-KDD,969,0.013647690680671069
QSVC BD-KDD,970,0.013558485598315587
QSVC BD-KDD,971,0.013253938768810918
QSVC BD-KDD,972,0.012862244335554917
QSVC BD-KDD,973,0.01258983118297044
QSVC BD-KDD,974,0.012178121055818824
QSVC BD-KDD,975,0.01151853195600749
QSVC BD-KDD,976,0.01118470355258318
QSVC BD-KDD,977,0.010686981116299605
QSVC BD-KDD,978,0.010051995359958758
QSVC BD-KDD,979,0.00988652554249837
QSVC BD-KDD,980,0.00963844230355204
QSVC BD-KDD,981,0.009338572461846108
QSVC BD-KDD,982,0.008634591240655876
QSVC BD-KDD,983,0.007102571814403724
QSVC BD-KDD,984,0.00681403002808915
QSVC BD-KDD,985,0.006749006171935045
QSVC BD-KDD,986,0.006422154403338536
QSVC BD-KDD,987,0.004233462653932576
QSVC BD-KDD,988,0.00371051079922698
RBF UCI development,1,119.82505466687348
RBF UCI development,2,52.04106839353068
RBF UCI development,3,19.670995212453413
RBF UCI development,4,17.023885011383868
RBF UCI development,5,12.029941785448967
RBF UCI development,6,8.689736892539436
RBF UCI development,7,7.537114774247852
RBF UCI development,8,7.218200736304273
RBF UCI development,9,6.422285867081897
RBF UCI development,10,5.107336457584727
RBF UCI development,11,4.111274687637083
RBF UCI development,12,3.7148991459309726
RBF UCI development,13,3.4075219056402424
RBF UCI development,14,3.1824633611317585
RBF UCI development,15,2.817439508558562
RBF UCI development,16,2.5038465769067026
RBF UCI development,17,2.4763931093045324
RBF UCI development,18,2.325759996663416
RBF UCI development,19,2.014308190751823
RBF UCI development,20,1.8497224406881245
RBF UCI development,21,1.7228822827397536
RBF UCI development,22,1.5953294899225903
RBF UCI development,23,1.5117563519006652
RBF UCI development,24,1.4765791982245127
RBF UCI development,25,1.336524355573776
RBF UCI development,26,1.214056379596343
RBF UCI development,27,1.1369412394785643
RBF UCI development,28,1.068044514349209
RBF UCI development,29,1.0038013520415052
RBF UCI development,30,0.999999999983498
RBF UCI development,31,0.9359523908570949
RBF UCI development,32,0.8733636640830833
RBF UCI development,33,0.8329036009008794
RBF UCI development,34,0.7987879753524996
RBF UCI development,35,0.7681625687435645
RBF UCI development,36,0.7231641222241831
RBF UCI development,37,0.6834174907047503
RBF UCI development,38,0.6406806063840137
RBF UCI development,39,0.6189492202338137
RBF UCI development,40,0.5765775834459751
RBF UCI development,41,0.5586169093185304
RBF UCI development,42,0.5423423695775048
RBF UCI development,43,0.5118270463620828
RBF UCI development,44,0.5041157530352992
RBF UCI development,45,0.4791896325440175
RBF UCI development,46,0.46427458850064873
RBF UCI development,47,0.44196676050424943
RBF UCI development,48,0.4216250923541663
RBF UCI development,49,0.4043727729482672
RBF UCI development,50,0.40327296845974636
RBF UCI development,51,0.386171191388007
RBF UCI development,52,0.37219866431510706
RBF UCI development,53,0.3585176080815368
RBF UCI development,54,0.3469345192096827
RBF UCI development,55,0.34100984190632166
RBF UCI development,56,0.3334939907370092
RBF UCI development,57,0.328427123254846
RBF UCI development,58,0.30609269986827514
RBF UCI development,59,0.289256935916133
RBF UCI development,60,0.27392024178400337
RBF UCI development,61,0.26628905719833684
RBF UCI development,62,0.2572892261309587
RBF UCI development,63,0.2516520647994094
RBF UCI development,64,0.23350481729813125
RBF UCI development,65,0.23163659269291123
RBF UCI development,66,0.2189971627611301
RBF UCI development,67,0.21320033119107154
RBF UCI development,68,0.2046909372046848
RBF UCI development,69,0.19830089416271382
RBF UCI development,70,0.19065583178896942
RBF UCI development,71,0.1821284142833505
RBF UCI development,72,0.1786841600114995
RBF UCI development,73,0.17407507883523418
RBF UCI development,74,0.17150920990579352
RBF UCI development,75,0.15936467020414857
RBF UCI development,76,0.1531625949318743
RBF UCI development,77,0.14827097127805253
RBF UCI development,78,0.1456211541274526
RBF UCI development,79,0.1351675392420038
RBF UCI development,80,0.13414877895655938
RBF UCI development,81,0.12981535439039468
RBF UCI development,82,0.12154060594590942
RBF UCI development,83,0.1183785765160476
RBF UCI development,84,0.1152575133700469
RBF UCI development,85,0.1133990918864871
RBF UCI development,86,0.10608621415671274
RBF UCI development,87,0.10557454177319381
RBF UCI development,88,0.10179067231808735
RBF UCI development,89,0.09815955703244737
RBF UCI development,90,0.09101892659500628
RBF UCI development,91,0.08886672176138363
RBF UCI development,92,0.08576879812220384
RBF UCI development,93,0.080404192628497
RBF UCI development,94,0.0782369249552573
RBF UCI development,95,0.07587515407590445
RBF UCI development,96,0.07317098022088182
RBF UCI development,97,0.07221520476285923
RBF UCI development,98,0.07022007568635807
RBF UCI development,99,0.06793318028323937
RBF UCI development,100,0.06731490845664094
RBF UCI development,101,0.06332304005210873
RBF UCI development,102,0.06172631794459886
RBF UCI development,103,0.057661957288503846
RBF UCI development,104,0.0559342426517958
RBF UCI development,105,0.05310352460301841
RBF UCI development,106,0.05105733396715118
RBF UCI development,107,0.04955292223940573
RBF UCI development,108,0.04770229344757228
RBF UCI development,109,0.04620726528314951
RBF UCI development,110,0.04513157992857584
RBF UCI development,111,0.043868973850228844
RBF UCI development,112,0.04321986409519265
RBF UCI development,113,0.04197676792217441
RBF UCI development,114,0.040676504273219304
RBF UCI development,115,0.03813553840668333
RBF UCI development,116,0.037013800024035315
RBF UCI development,117,0.03599723699795749
RBF UCI development,118,0.0335640028958295
RBF UCI development,119,0.032399903177824235
RBF UCI development,120,0.030611199380778782
RBF UCI development,121,0.03058766588554556
RBF UCI development,122,0.02923054615095219
RBF UCI development,123,0.028879774294789416
RBF UCI development,124,0.02798710907991024
RBF UCI development,125,0.02584837045558289
RBF UCI development,126,0.025178579475993782
RBF UCI development,127,0.02461356063148419
RBF UCI development,128,0.02423624808458424
RBF UCI development,129,0.022755949700642437
RBF UCI development,130,0.02209207776521102
RBF UCI development,131,0.02168093310366932
RBF UCI development,132,0.02052139614391827
RBF UCI development,133,0.019568303371570728
RBF UCI development,134,0.01905732445358494
RBF UCI development,135,0.018486141841878585
RBF UCI development,136,0.018296220325018743
RBF UCI development,137,0.01776638588993429
RBF UCI development,138,0.017227288344760377
RBF UCI development,139,0.016730107372618118
RBF UCI development,140,0.016442856327406146
RBF UCI development,141,0.015886149277157646
RBF UCI development,142,0.015413942298630206
RBF UCI development,143,0.014894563718015537
RBF UCI development,144,0.014328406313584586
RBF UCI development,145,0.013973720873445974
RBF UCI development,146,0.013137261203123508
RBF UCI development,147,0.0128873839516122
RBF UCI development,148,0.012254598114413281
RBF UCI development,149,0.011943523322196897
RBF UCI development,150,0.011249822416957095
RBF UCI development,151,0.01119768447156793
RBF UCI development,152,0.010536472392511681
RBF UCI development,153,0.010289885707246264
RBF UCI development,154,0.009769347664112844
RBF UCI development,155,0.00934912737841994
RBF UCI development,156,0.008878182903374436
RBF UCI development,157,0.008525288260101608
RBF UCI development,158,0.008155351390998327
RBF UCI development,159,0.007488455049848608
RBF UCI development,160,0.0074289915475047414
RBF UCI development,161,0.006899784307513443
RBF UCI development,162,0.006717627167204619
RBF UCI development,163,0.006574809361177425
RBF UCI development,164,0.006485275524530057
RBF UCI development,165,0.006226282422635142
RBF UCI development,166,0.0059460794971223545
RBF UCI development,167,0.005519667799262364
RBF UCI development,168,0.0053478221673816575
RBF UCI development,169,0.005177642915290675
RBF UCI development,170,0.005018889858005198
RBF UCI development,171,0.004860843152493333
RBF UCI development,172,0.004666733869305887
RBF UCI development,173,0.004501242476672147
RBF UCI development,174,0.0043745309655974455
RBF UCI development,175,0.004105486475189637
RBF UCI development,176,0.003996970511582337
RBF UCI development,177,0.0037697974117098126
RBF UCI development,178,0.0034145607586524036
RBF UCI development,179,0.003333257832562481
RBF UCI development,180,0.0032011461681427963
RBF UCI development,181,0.0030725422828980593
RBF UCI development,182,0.0029649372500746454
RBF UCI development,183,0.002806045987404297
RBF UCI development,184,0.0027806106828097963
RBF UCI development,185,0.0026640626788191294
RBF UCI development,186,0.00257834500308217
RBF UCI development,187,0.002375750931150043
RBF UCI development,188,0.002307265521511653
RBF UCI development,189,0.0022210678706883484
RBF UCI development,190,0.002178698282850679
RBF UCI development,191,0.0019620672987306622
RBF UCI development,192,0.001894985893810122
RBF UCI development,193,0.0017806044369004987
RBF UCI development,194,0.0015476608817517796
RBF UCI development,195,0.0014905276913682985
RBF UCI development,196,0.0014364653205525607
RBF UCI development,197,0.0012850030543398844
RBF UCI development,198,0.001232327167624233
RBF UCI development,199,0.0011388455572896906
RBF UCI development,200,0.0010121167859747779
RBF UCI development,201,0.0009865180017972154
RBF UCI development,202,0.0009461194965647385
RBF UCI development,203,0.0008967850663114074
RBF UCI development,204,0.0008597539585538217
RBF UCI development,205,0.0008215036254445796
RBF UCI development,206,0.0007099823669055351
RBF UCI development,207,0.0006205671991215767
RBF UCI development,208,0.0005510952791493711
RBF UCI development,209,0.0005012796036718174
RBF UCI development,210,0.0004730163290360326
RBF UCI development,211,0.0004118757560458815
RBF UCI development,212,0.0003395088403360362
RBF UCI development,213,0.00032868238211224897
RBF UCI development,214,0.000284467572204703
RBF UCI development,215,0.0002644958206456215
RBF UCI development,216,0.00025747788739288415
RBF UCI development,217,0.00024108246004041307
RBF UCI development,218,0.00023539674835351492
RBF UCI development,219,0.00022820281594472305
RBF UCI development,220,0.00020906072809757107
RBF UCI development,221,0.00020301177937975828
RBF UCI development,222,0.00018362734823925092
RBF UCI development,223,0.0001499100322582534
RBF UCI development,224,0.00011486642020124922
RBF UCI development,225,9.256168553419557e-05
RBF UCI development,226,7.714428112539047e-05
RBF UCI development,227,6.90496981264283e-05
RBF UCI development,228,4.560018161322673e-05
RBF UCI development,229,3.863420279517877e-05
RBF UCI development,230,2.9808218936272306e-05
RBF UCI development,231,2.787025106033149e-05
RBF UCI development,232,2.374322928794511e-05
RBF UCI development,233,2.3642665970966865e-05
RBF UCI development,234,1.9574683820205226e-05
RBF UCI development,235,1.4446647683990542e-05
RBF UCI development,236,1.2774031493624455e-05
RBF UCI development,237,1.1811990685402033e-05
RBF UCI development,238,9.246487953029456e-06
RBF UCI development,239,8.038239321048496e-06
RBF UCI development,240,6.862477896472552e-06
RBF UCI development,241,6.170691427537748e-06
RBF UCI development,242,5.450118313393543e-06
RBF UCI development,243,4.797547169370023e-06
RBF UCI development,244,3.888659070921401e-06
RBF UCI development,245,3.1859806256967875e-06
RBF UCI development,246,2.5515666412042796e-06
RBF UCI development,247,2.2097905975559955e-06
RBF UCI development,248,1.921605808209644e-06
RBF UCI development,249,1.0869258916237256e-06
RBF UCI development,250,9.436195704498301e-07
RBF UCI development,251,8.034438743624924e-07
RBF UCI development,252,6.655765616564417e-07
RBF UCI development,253,5.066939005336698e-07
RBF UCI development,254,3.975909742250164e-07
RBF UCI development,255,3.4447284140994684e-07
RBF UCI development,256,3.237773044816034e-07
RBF UCI development,257,2.4208291017991417e-07
RBF UCI development,258,2.1192904291309578e-07
RBF UCI development,259,1.7804370045813712e-07
RBF UCI development,260,1.4543471924204852e-07
RBF UCI development,261,1.2199581792634938e-07
RBF UCI development,262,1.0314122966535168e-07
RBF UCI development,263,8.226585714113111e-08
RBF UCI development,264,7.784206188251275e-08
RBF UCI development,265,5.2053026145931e-08
RBF UCI development,266,4.196125395555576e-08
RBF UCI development,267,3.555390959086012e-08
RBF UCI development,268,3.214188744096735e-08
RBF UCI development,269,2.9612012071402788e-08
RBF UCI development,270,2.7484021801557733e-08
RBF UCI development,271,2.4340600552674004e-08
RBF UCI development,272,1.8185786211057555e-08
RBF UCI development,273,1.4260765993925158e-08
RBF UCI development,274,1.4150204879556696e-08
RBF UCI development,275,1.1862591864119862e-08
RBF UCI development,276,8.618793677867153e-09
RBF UCI development,277,7.195643232020548e-09
RBF UCI development,278,5.619309583083454e-09
RBF UCI development,279,3.738480600229411e-09
RBF UCI development,280,3.149079729929804e-09
RBF UCI development,281,2.92935250964106e-09
RBF UCI development,282,2.484225689124969e-09
RBF UCI development,283,1.7787670720672212e-09
RBF UCI development,284,1.5793544232317942e-09
RBF UCI development,285,1.4413479539730775e-09
RBF UCI development,286,9.68263529714959e-10
RBF UCI development,287,9.484060956184818e-10
RBF UCI development,288,8.97292906221674e-10
RBF UCI development,289,6.773848418259529e-10
RBF UCI development,290,5.624884113928319e-10
RBF UCI development,291,4.3671412383965327e-10
RBF UCI development,292,3.339864919871723e-10
RBF UCI development,293,3.1045605134674223e-10
RBF UCI development,294,2.699152909475334e-10
RBF UCI development,295,2.14254368308744e-10
RBF UCI development,296,1.798456325938216e-10
RBF UCI development,297,1.3844797401866482e-10
RBF UCI development,298,1.310624889770808e-10
RBF UCI development,299,1.0346895790699714e-10
RBF UCI development,300,7.6499891235551e-11
RBF UCI development,301,7.371453242509521e-11
RBF UCI development,302,7.261986501077777e-11
RBF UCI development,303,4.5051197305699086e-11
RBF UCI development,304,2.7538476047346175e-11
RBF UCI development,305,2.552227181290075e-11
RBF UCI development,306,2.083836759943875e-11
RBF UCI development,307,1.3684205824207723e-11
RBF UCI development,308,7.987159066921212e-12
RBF UCI development,309,6.547445455406283e-12
RBF UCI development,310,5.907382328807573e-12
RBF UCI development,311,3.714156279796229e-12
RBF UCI development,312,2.7891625900454743e-12
RBF UCI development,313,1.87941026983663e-12
RBF UCI development,314,9.300884133324046e-13
RBF UCI development,315,5.770414964843307e-13
RBF UCI development,316,6.102446210530174e-14
RBF UCI development,317,2.0657815100103665e-14
RBF UCI development,318,3.489199702936484e-16
RBF UCI development,319,1.800038693644918e-16
RBF UCI development,320,0.0
RBF BD-KDD,1,174.54678757708626
RBF BD-KDD,2,69.45736572918148
RBF BD-KDD,3,59.88560510591231
RBF BD-KDD,4,52.28227009501894
RBF BD-KDD,5,46.54394496907713
RBF BD-KDD,6,29.993800447470434
RBF BD-KDD,7,24.83072028257522
RBF BD-KDD,8,20.940198976183446
RBF BD-KDD,9,19.57147968350453
RBF BD-KDD,10,17.4217723526187
RBF BD-KDD,11,16.923989482472475
RBF BD-KDD,12,16.53822094529532
RBF BD-KDD,13,14.854485127787594
RBF BD-KDD,14,14.317658182888367
RBF BD-KDD,15,14.156458279842214
RBF BD-KDD,16,13.284655337237874
RBF BD-KDD,17,13.110957112521879
RBF BD-KDD,18,11.847480178905373
RBF BD-KDD,19,10.209549995204476
RBF BD-KDD,20,9.084842106102293
RBF BD-KDD,21,8.319932726176628
RBF BD-KDD,22,7.7643087184720745
RBF BD-KDD,23,7.4620788014812875
RBF BD-KDD,24,7.243482707110239
RBF BD-KDD,25,7.026159193904776
RBF BD-KDD,26,6.5104532102556965
RBF BD-KDD,27,6.17864395824104
RBF BD-KDD,28,5.907818408706727
RBF BD-KDD,29,5.817029046887925
RBF BD-KDD,30,5.488180442439211
RBF BD-KDD,31,5.427920814346359
RBF BD-KDD,32,5.275168642914088
RBF BD-KDD,33,5.153472689928813
RBF BD-KDD,34,4.9453138659145095
RBF BD-KDD,35,4.712620521728655
RBF BD-KDD,36,4.648112856457578
RBF BD-KDD,37,4.481637882612583
RBF BD-KDD,38,4.309816906153515
RBF BD-KDD,39,4.275339233860517
RBF BD-KDD,40,4.189912693646807
RBF BD-KDD,41,4.0872209478779835
RBF BD-KDD,42,4.013631498621208
RBF BD-KDD,43,3.891526747784314
RBF BD-KDD,44,3.7900464734739483
RBF BD-KDD,45,3.7098713903806737
RBF BD-KDD,46,3.557946104477032
RBF BD-KDD,47,3.3311159211260106
RBF BD-KDD,48,3.2323600159567785
RBF BD-KDD,49,3.1205395712401107
RBF BD-KDD,50,3.020307159313481
RBF BD-KDD,51,2.9645953386432917
RBF BD-KDD,52,2.8473110286375682
RBF BD-KDD,53,2.75284803118307
RBF BD-KDD,54,2.7014197539761167
RBF BD-KDD,55,2.5864445878436624
RBF BD-KDD,56,2.5613768978912392
RBF BD-KDD,57,2.5078473830936128
RBF BD-KDD,58,2.4247513574640145
RBF BD-KDD,59,2.392227301757843
RBF BD-KDD,60,2.340055515690649
RBF BD-KDD,61,2.2417704469381423
RBF BD-KDD,62,2.2246559102711125
RBF BD-KDD,63,2.181286835031572
RBF BD-KDD,64,2.0705944378771903
RBF BD-KDD,65,2.0436172799908543
RBF BD-KDD,66,1.9942115506879068
RBF BD-KDD,67,1.9844064380708504
RBF BD-KDD,68,1.9297984394393093
RBF BD-KDD,69,1.9161472470192298
RBF BD-KDD,70,1.8899275074442252
RBF BD-KDD,71,1.8051641426645697
RBF BD-KDD,72,1.7556594357685895
RBF BD-KDD,73,1.7279328186584388
RBF BD-KDD,74,1.696428901556494
RBF BD-KDD,75,1.6659883213581614
RBF BD-KDD,76,1.6303942068623567
RBF BD-KDD,77,1.593672240355479
RBF BD-KDD,78,1.581324586434323
RBF BD-KDD,79,1.543394636166305
RBF BD-KDD,80,1.5232373471248823
RBF BD-KDD,81,1.489623188664229
RBF BD-KDD,82,1.4645561057299814
RBF BD-KDD,83,1.438019997713945
RBF BD-KDD,84,1.4071309306632571
RBF BD-KDD,85,1.3882464869337425
RBF BD-KDD,86,1.3774135368376172
RBF BD-KDD,87,1.34867789202886
RBF BD-KDD,88,1.312328290383696
RBF BD-KDD,89,1.2836516525287127
RBF BD-KDD,90,1.2696219144810132
RBF BD-KDD,91,1.2520366619407883
RBF BD-KDD,92,1.2405157520650745
RBF BD-KDD,93,1.2204807444370693
RBF BD-KDD,94,1.2035198623433447
RBF BD-KDD,95,1.20120846856248
RBF BD-KDD,96,1.1871821889633385
RBF BD-KDD,97,1.1429360916813418
RBF BD-KDD,98,1.1327335735862207
RBF BD-KDD,99,1.0973205539242967
RBF BD-KDD,100,1.0894524600713111
RBF BD-KDD,101,1.0841338070921276
RBF BD-KDD,102,1.0687442131907607
RBF BD-KDD,103,1.060912203540257
RBF BD-KDD,104,1.0389566716493772
RBF BD-KDD,105,1.019066703965937
RBF BD-KDD,106,1.0082347356015218
RBF BD-KDD,107,0.9886244687012036
RBF BD-KDD,108,0.9740592171815532
RBF BD-KDD,109,0.9643970051051579
RBF BD-KDD,110,0.9579048979364791
RBF BD-KDD,111,0.9397709422554539
RBF BD-KDD,112,0.9240178974054933
RBF BD-KDD,113,0.8942467307433208
RBF BD-KDD,114,0.8749303044216993
RBF BD-KDD,115,0.8652176758286346
RBF BD-KDD,116,0.8619047770622641
RBF BD-KDD,117,0.850454319767565
RBF BD-KDD,118,0.8313401646893206
RBF BD-KDD,119,0.8156089751477471
RBF BD-KDD,120,0.8037799796654244
RBF BD-KDD,121,0.7897078163725275
RBF BD-KDD,122,0.7792523950882934
RBF BD-KDD,123,0.7726286299936665
RBF BD-KDD,124,0.7655842603209329
RBF BD-KDD,125,0.7521555781726426
RBF BD-KDD,126,0.7298690325425793
RBF BD-KDD,127,0.7218619299155538
RBF BD-KDD,128,0.7111905439354702
RBF BD-KDD,129,0.7056509166027491
RBF BD-KDD,130,0.7004429695993232
RBF BD-KDD,131,0.68984465765601
RBF BD-KDD,132,0.679387459116962
RBF BD-KDD,133,0.668157934155535
RBF BD-KDD,134,0.6599902912009091
RBF BD-KDD,135,0.6519540495835392
RBF BD-KDD,136,0.6471176272158563
RBF BD-KDD,137,0.6311462732963835
RBF BD-KDD,138,0.6273075187566565
RBF BD-KDD,139,0.6232814652085705
RBF BD-KDD,140,0.619059837872945
RBF BD-KDD,141,0.6167785044189537
RBF BD-KDD,142,0.6068585391781212
RBF BD-KDD,143,0.5945510698482406
RBF BD-KDD,144,0.5882652492101056
RBF BD-KDD,145,0.581993705844966
RBF BD-KDD,146,0.573410967414608
RBF BD-KDD,147,0.5690167005003897
RBF BD-KDD,148,0.5601727275422468
RBF BD-KDD,149,0.5518177684200176
RBF BD-KDD,150,0.5498969777063851
RBF BD-KDD,151,0.5395348563774871
RBF BD-KDD,152,0.5285368481941426
RBF BD-KDD,153,0.5246889215637938
RBF BD-KDD,154,0.521404601685776
RBF BD-KDD,155,0.5134240530781427
RBF BD-KDD,156,0.5063765135872069
RBF BD-KDD,157,0.5039017790255903
RBF BD-KDD,158,0.5013320394959128
RBF BD-KDD,159,0.4919183908495819
RBF BD-KDD,160,0.48590189930522193
RBF BD-KDD,161,0.48170828545294425
RBF BD-KDD,162,0.47673442617915973
RBF BD-KDD,163,0.4691520816210738
RBF BD-KDD,164,0.46235472634710867
RBF BD-KDD,165,0.4600612694305604
RBF BD-KDD,166,0.4565866463489418
RBF BD-KDD,167,0.45161645514395793
RBF BD-KDD,168,0.441398465474118
RBF BD-KDD,169,0.4351994359066256
RBF BD-KDD,170,0.43451339932721234
RBF BD-KDD,171,0.4247580052980866
RBF BD-KDD,172,0.41913752648473007
RBF BD-KDD,173,0.4182123767075582
RBF BD-KDD,174,0.4138548825558203
RBF BD-KDD,175,0.40705553792923893
RBF BD-KDD,176,0.4033928787232325
RBF BD-KDD,177,0.40257034930095886
RBF BD-KDD,178,0.3971496405056908
RBF BD-KDD,179,0.3913061485145552
RBF BD-KDD,180,0.38947768891865575
RBF BD-KDD,181,0.3878586743403082
RBF BD-KDD,182,0.37950502550124304
RBF BD-KDD,183,0.37778827378467955
RBF BD-KDD,184,0.37556717781950494
RBF BD-KDD,185,0.3666888257443827
RBF BD-KDD,186,0.3620515151844797
RBF BD-KDD,187,0.3609559567964041
RBF BD-KDD,188,0.3575513427862376
RBF BD-KDD,189,0.35518778049761707
RBF BD-KDD,190,0.3521407485162194
RBF BD-KDD,191,0.34665712600308307
RBF BD-KDD,192,0.34443245627575303
RBF BD-KDD,193,0.3394690855890774
RBF BD-KDD,194,0.33457054799856
RBF BD-KDD,195,0.3339890761666539
RBF BD-KDD,196,0.3273906814669079
RBF BD-KDD,197,0.3243154605050045
RBF BD-KDD,198,0.31919395800717376
RBF BD-KDD,199,0.316784768954723
RBF BD-KDD,200,0.3158019836975212
RBF BD-KDD,201,0.3123310368506505
RBF BD-KDD,202,0.31130538679656267
RBF BD-KDD,203,0.3054104181493806
RBF BD-KDD,204,0.3042659421267253
RBF BD-KDD,205,0.30111637179253437
RBF BD-KDD,206,0.29826144551546263
RBF BD-KDD,207,0.2953804914879442
RBF BD-KDD,208,0.29037957093931394
RBF BD-KDD,209,0.28932345310786106
RBF BD-KDD,210,0.28638405697283137
RBF BD-KDD,211,0.2851735551530794
RBF BD-KDD,212,0.2819462605123676
RBF BD-KDD,213,0.2784364696097082
RBF BD-KDD,214,0.27487459409460946
RBF BD-KDD,215,0.27305804240372117
RBF BD-KDD,216,0.2701314532784755
RBF BD-KDD,217,0.2661442213586529
RBF BD-KDD,218,0.26435236173187393
RBF BD-KDD,219,0.2616815598203363
RBF BD-KDD,220,0.26158039578229847
RBF BD-KDD,221,0.25798788603558626
RBF BD-KDD,222,0.25592607212812396
RBF BD-KDD,223,0.2540118892829352
RBF BD-KDD,224,0.25299047400934493
RBF BD-KDD,225,0.25042563290072417
RBF BD-KDD,226,0.24606226088977098
RBF BD-KDD,227,0.24550053147874795
RBF BD-KDD,228,0.243460302753413
RBF BD-KDD,229,0.24012864474937612
RBF BD-KDD,230,0.23848198984553304
RBF BD-KDD,231,0.2376181087350526
RBF BD-KDD,232,0.23490300368429232
RBF BD-KDD,233,0.23292434237762988
RBF BD-KDD,234,0.2301804429472406
RBF BD-KDD,235,0.2271077114703578
RBF BD-KDD,236,0.22650391977467804
RBF BD-KDD,237,0.22543564323259516
RBF BD-KDD,238,0.22250479719336183
RBF BD-KDD,239,0.22107579479437903
RBF BD-KDD,240,0.2192868274238902
RBF BD-KDD,241,0.21776779045280759
RBF BD-KDD,242,0.21570067483254757
RBF BD-KDD,243,0.21340799843153968
RBF BD-KDD,244,0.209917375995137
RBF BD-KDD,245,0.20651570172804223
RBF BD-KDD,246,0.20550930248529561
RBF BD-KDD,247,0.2036909131142023
RBF BD-KDD,248,0.20276896612378503
RBF BD-KDD,249,0.20053773464664298
RBF BD-KDD,250,0.19844616814060664
RBF BD-KDD,251,0.19769603406429187
RBF BD-KDD,252,0.1963503028591979
RBF BD-KDD,253,0.19410712858116316
RBF BD-KDD,254,0.19325151000932206
RBF BD-KDD,255,0.19170176441051515
RBF BD-KDD,256,0.1895014115858751
RBF BD-KDD,257,0.18918694429625504
RBF BD-KDD,258,0.18753444540595188
RBF BD-KDD,259,0.1852372207751703
RBF BD-KDD,260,0.18446749921461128
RBF BD-KDD,261,0.1809887693715531
RBF BD-KDD,262,0.1789290013266304
RBF BD-KDD,263,0.1772835743442162
RBF BD-KDD,264,0.17600687970282908
RBF BD-KDD,265,0.1742097051327681
RBF BD-KDD,266,0.17368758031694642
RBF BD-KDD,267,0.1731719511870542
RBF BD-KDD,268,0.1725698864100664
RBF BD-KDD,269,0.17075833039568925
RBF BD-KDD,270,0.16921228197466603
RBF BD-KDD,271,0.1662524801229671
RBF BD-KDD,272,0.16586357830534684
RBF BD-KDD,273,0.1635965101077718
RBF BD-KDD,274,0.16283473171715385
RBF BD-KDD,275,0.16178465386683227
RBF BD-KDD,276,0.1595187829549844
RBF BD-KDD,277,0.1579172834128694
RBF BD-KDD,278,0.156474675589607
RBF BD-KDD,279,0.15606279095164008
RBF BD-KDD,280,0.15437230781975506
RBF BD-KDD,281,0.15349632511056316
RBF BD-KDD,282,0.1525437602008672
RBF BD-KDD,283,0.15119889625991842
RBF BD-KDD,284,0.14930204511478568
RBF BD-KDD,285,0.14774578801675828
RBF BD-KDD,286,0.14613484560062087
RBF BD-KDD,287,0.1457678522223393
RBF BD-KDD,288,0.14431007269367394
RBF BD-KDD,289,0.14331323111926672
RBF BD-KDD,290,0.14243363559596436
RBF BD-KDD,291,0.1409082325515308
RBF BD-KDD,292,0.1400266376220052
RBF BD-KDD,293,0.13955070172819115
RBF BD-KDD,294,0.137975554126048
RBF BD-KDD,295,0.13649296605014677
RBF BD-KDD,296,0.13613299105899965
RBF BD-KDD,297,0.13527603657808518
RBF BD-KDD,298,0.1348112550468964
RBF BD-KDD,299,0.13363165269068003
RBF BD-KDD,300,0.13226890763739224
RBF BD-KDD,301,0.13093286964669357
RBF BD-KDD,302,0.1304533127106676
RBF BD-KDD,303,0.1293757662170968
RBF BD-KDD,304,0.1279339781110543
RBF BD-KDD,305,0.12625930422731674
RBF BD-KDD,306,0.12576792139544138
RBF BD-KDD,307,0.1254796285442004
RBF BD-KDD,308,0.12418856713160271
RBF BD-KDD,309,0.12329960028417548
RBF BD-KDD,310,0.12239155284946135
RBF BD-KDD,311,0.12146821540555067
RBF BD-KDD,312,0.12027490011802959
RBF BD-KDD,313,0.11998274860501851
RBF BD-KDD,314,0.11966014727348243
RBF BD-KDD,315,0.11856955618230655
RBF BD-KDD,316,0.1174299410930774
RBF BD-KDD,317,0.1159855257825515
RBF BD-KDD,318,0.11476133325914203
RBF BD-KDD,319,0.11422320158587398
RBF BD-KDD,320,0.11380067589860772
RBF BD-KDD,321,0.11282595612307988
RBF BD-KDD,322,0.11237574282585583
RBF BD-KDD,323,0.11135277793669325
RBF BD-KDD,324,0.11030375663630418
RBF BD-KDD,325,0.1096650740973608
RBF BD-KDD,326,0.10915299869599523
RBF BD-KDD,327,0.10833627223764208
RBF BD-KDD,328,0.10702360132582413
RBF BD-KDD,329,0.10609499750520994
RBF BD-KDD,330,0.1058209627327435
RBF BD-KDD,331,0.10492016001311333
RBF BD-KDD,332,0.10431794060268891
RBF BD-KDD,333,0.10293216778949643
RBF BD-KDD,334,0.10211779558838635
RBF BD-KDD,335,0.10183740647193568
RBF BD-KDD,336,0.10105335675645323
RBF BD-KDD,337,0.10086888137038244
RBF BD-KDD,338,0.09983044556851803
RBF BD-KDD,339,0.09856747981233592
RBF BD-KDD,340,0.09710695794910251
RBF BD-KDD,341,0.09684756816360683
RBF BD-KDD,342,0.09576954580491605
RBF BD-KDD,343,0.09545641009404832
RBF BD-KDD,344,0.09482568463303023
RBF BD-KDD,345,0.09352628982703026
RBF BD-KDD,346,0.09344535067612607
RBF BD-KDD,347,0.09310437692232883
RBF BD-KDD,348,0.09189313906466187
RBF BD-KDD,349,0.09174809230903151
RBF BD-KDD,350,0.09115006080704577
RBF BD-KDD,351,0.0901703737376676
RBF BD-KDD,352,0.08976579995827351
RBF BD-KDD,353,0.0886688857152199
RBF BD-KDD,354,0.08850054327307169
RBF BD-KDD,355,0.08832849585608933
RBF BD-KDD,356,0.08789670975469577
RBF BD-KDD,357,0.08682250182041125
RBF BD-KDD,358,0.08595411006091713
RBF BD-KDD,359,0.08515334985352237
RBF BD-KDD,360,0.08471167366417083
RBF BD-KDD,361,0.08426431777058999
RBF BD-KDD,362,0.08372539175077151
RBF BD-KDD,363,0.08306867421561924
RBF BD-KDD,364,0.08250954310136116
RBF BD-KDD,365,0.08216422880759795
RBF BD-KDD,366,0.08113993389879381
RBF BD-KDD,367,0.08049070108732757
RBF BD-KDD,368,0.07989093900087668
RBF BD-KDD,369,0.07892149604884717
RBF BD-KDD,370,0.07809442386686645
RBF BD-KDD,371,0.07778209123814399
RBF BD-KDD,372,0.0777002252825503
RBF BD-KDD,373,0.07662155820435741
RBF BD-KDD,374,0.07628933605201633
RBF BD-KDD,375,0.07606960412450316
RBF BD-KDD,376,0.07562912996357712
RBF BD-KDD,377,0.07491083947697369
RBF BD-KDD,378,0.07386051896945713
RBF BD-KDD,379,0.07373189767839997
RBF BD-KDD,380,0.07339865647879854
RBF BD-KDD,381,0.07270657549620813
RBF BD-KDD,382,0.07216619491356972
RBF BD-KDD,383,0.0716450320048444
RBF BD-KDD,384,0.07135091745178594
RBF BD-KDD,385,0.07094134796918727
RBF BD-KDD,386,0.06985563761119755
RBF BD-KDD,387,0.06964466328042233
RBF BD-KDD,388,0.06919530629432882
RBF BD-KDD,389,0.0687780089290917
RBF BD-KDD,390,0.06843000841787769
RBF BD-KDD,391,0.06766978851431829
RBF BD-KDD,392,0.06738856603367979
RBF BD-KDD,393,0.06688295132710806
RBF BD-KDD,394,0.06661647598240955
RBF BD-KDD,395,0.0660743677069745
RBF BD-KDD,396,0.06598584670873589
RBF BD-KDD,397,0.06500351934173357
RBF BD-KDD,398,0.06454311407152011
RBF BD-KDD,399,0.06371477342061006
RBF BD-KDD,400,0.06343117321739215
RBF BD-KDD,401,0.06324294889213768
RBF BD-KDD,402,0.06300577284285155
RBF BD-KDD,403,0.06242770380924012
RBF BD-KDD,404,0.06223810330372155
RBF BD-KDD,405,0.061625416284096984
RBF BD-KDD,406,0.06136565233954391
RBF BD-KDD,407,0.06044188066965368
RBF BD-KDD,408,0.06021571733767991
RBF BD-KDD,409,0.05974479336655534
RBF BD-KDD,410,0.059370585695876485
RBF BD-KDD,411,0.05890040113007672
RBF BD-KDD,412,0.05881943287577362
RBF BD-KDD,413,0.05858051598355864
RBF BD-KDD,414,0.057815992079552125
RBF BD-KDD,415,0.05755968822776009
RBF BD-KDD,416,0.05708047743112251
RBF BD-KDD,417,0.05695462259552685
RBF BD-KDD,418,0.05641459228316866
RBF BD-KDD,419,0.056069917804848025
RBF BD-KDD,420,0.05571465272237651
RBF BD-KDD,421,0.05514897648632554
RBF BD-KDD,422,0.05497157280408214
RBF BD-KDD,423,0.05442087058537755
RBF BD-KDD,424,0.054131882319785864
RBF BD-KDD,425,0.05409798997086771
RBF BD-KDD,426,0.05392667609351595
RBF BD-KDD,427,0.05342214431947067
RBF BD-KDD,428,0.05335123841116581
RBF BD-KDD,429,0.05291378989334953
RBF BD-KDD,430,0.052337948759368425
RBF BD-KDD,431,0.05183816182789432
RBF BD-KDD,432,0.051496944431925006
RBF BD-KDD,433,0.051182717065517754
RBF BD-KDD,434,0.05109320352181168
RBF BD-KDD,435,0.05038389090650633
RBF BD-KDD,436,0.05011126369827245
RBF BD-KDD,437,0.049874916347908256
RBF BD-KDD,438,0.04942910423368069
RBF BD-KDD,439,0.04876178581592436
RBF BD-KDD,440,0.048396941710064194
RBF BD-KDD,441,0.04822925403128799
RBF BD-KDD,442,0.048179345247009064
RBF BD-KDD,443,0.04754788994934805
RBF BD-KDD,444,0.047268971619610065
RBF BD-KDD,445,0.047077245379185916
RBF BD-KDD,446,0.046776975157152505
RBF BD-KDD,447,0.04660547426348345
RBF BD-KDD,448,0.046088485561936475
RBF BD-KDD,449,0.04596421669028924
RBF BD-KDD,450,0.04587631401105372
RBF BD-KDD,451,0.04543599857554886
RBF BD-KDD,452,0.045269721184463395
RBF BD-KDD,453,0.04453113010239968
RBF BD-KDD,454,0.04440498485850795
RBF BD-KDD,455,0.04416158370889382
RBF BD-KDD,456,0.043713196540731185
RBF BD-KDD,457,0.04360317242777776
RBF BD-KDD,458,0.04320507322903201
RBF BD-KDD,459,0.04310046812228362
RBF BD-KDD,460,0.042941112953002604
RBF BD-KDD,461,0.04275021891505549
RBF BD-KDD,462,0.042006867849005605
RBF BD-KDD,463,0.041876103229770895
RBF BD-KDD,464,0.04138730736934497
RBF BD-KDD,465,0.04122483688186466
RBF BD-KDD,466,0.04091234808597289
RBF BD-KDD,467,0.04079778087792444
RBF BD-KDD,468,0.04048508771054798
RBF BD-KDD,469,0.040181437772649035
RBF BD-KDD,470,0.03991035166137398
RBF BD-KDD,471,0.039734411404673764
RBF BD-KDD,472,0.03952747957179632
RBF BD-KDD,473,0.03941803910343726
RBF BD-KDD,474,0.03884959966472985
RBF BD-KDD,475,0.038674473159770816
RBF BD-KDD,476,0.03847289900011465
RBF BD-KDD,477,0.03834112537295829
RBF BD-KDD,478,0.038026999830072995
RBF BD-KDD,479,0.03781519394770062
RBF BD-KDD,480,0.0376934621439482
RBF BD-KDD,481,0.03755737466551301
RBF BD-KDD,482,0.037339733411039966
RBF BD-KDD,483,0.036939760591718135
RBF BD-KDD,484,0.03673337394257793
RBF BD-KDD,485,0.03641969264966737
RBF BD-KDD,486,0.036165267053421365
RBF BD-KDD,487,0.03595389411073596
RBF BD-KDD,488,0.035585410247146655
RBF BD-KDD,489,0.03540048518524816
RBF BD-KDD,490,0.03523844264156884
RBF BD-KDD,491,0.03506682721187583
RBF BD-KDD,492,0.03497629177621709
RBF BD-KDD,493,0.03465234949557202
RBF BD-KDD,494,0.03446762183128402
RBF BD-KDD,495,0.034206692698692025
RBF BD-KDD,496,0.034056943436714046
RBF BD-KDD,497,0.03374351963318304
RBF BD-KDD,498,0.03352035551923385
RBF BD-KDD,499,0.03316001400737452
RBF BD-KDD,500,0.0329000740031589
RBF BD-KDD,501,0.03281933789220306
RBF BD-KDD,502,0.03264476042810058
RBF BD-KDD,503,0.032505239967739304
RBF BD-KDD,504,0.032246197951831895
RBF BD-KDD,505,0.03210293575724188
RBF BD-KDD,506,0.0319049247939623
RBF BD-KDD,507,0.03176839580486099
RBF BD-KDD,508,0.0316423569574849
RBF BD-KDD,509,0.03144436709320773
RBF BD-KDD,510,0.031078594281312023
RBF BD-KDD,511,0.030944850906057482
RBF BD-KDD,512,0.03079579044789233
RBF BD-KDD,513,0.030563402754435882
RBF BD-KDD,514,0.03021890952820357
RBF BD-KDD,515,0.029933487032033107
RBF BD-KDD,516,0.029827373837165452
RBF BD-KDD,517,0.029658026857050712
RBF BD-KDD,518,0.02941637367244758
RBF BD-KDD,519,0.02919187282319566
RBF BD-KDD,520,0.028990099753219895
RBF BD-KDD,521,0.028788543349835962
RBF BD-KDD,522,0.02858144068885523
RBF BD-KDD,523,0.02845314154481517
RBF BD-KDD,524,0.028385132780918098
RBF BD-KDD,525,0.028053734834159565
RBF BD-KDD,526,0.027892857720503796
RBF BD-KDD,527,0.027738032249449953
RBF BD-KDD,528,0.027513270962653914
RBF BD-KDD,529,0.027478639530233925
RBF BD-KDD,530,0.02733599868016336
RBF BD-KDD,531,0.027042962860194864
RBF BD-KDD,532,0.02689123542365877
RBF BD-KDD,533,0.02665522649039303
RBF BD-KDD,534,0.026573989038013016
RBF BD-KDD,535,0.026406705154326134
RBF BD-KDD,536,0.026254135109742636
RBF BD-KDD,537,0.025958136288359593
RBF BD-KDD,538,0.025740687951150594
RBF BD-KDD,539,0.02565832155668986
RBF BD-KDD,540,0.025517974228826113
RBF BD-KDD,541,0.02540687794416115
RBF BD-KDD,542,0.025146741156828814
RBF BD-KDD,543,0.025044253839772816
RBF BD-KDD,544,0.024745013718119536
RBF BD-KDD,545,0.024635639681142317
RBF BD-KDD,546,0.024582133915226314
RBF BD-KDD,547,0.02435155709948904
RBF BD-KDD,548,0.02431394131632806
RBF BD-KDD,549,0.024214798719229002
RBF BD-KDD,550,0.024127402100987638
RBF BD-KDD,551,0.023994403145905594
RBF BD-KDD,552,0.023771855830602553
RBF BD-KDD,553,0.023638958075188454
RBF BD-KDD,554,0.02347146885879151
RBF BD-KDD,555,0.023227501844597993
RBF BD-KDD,556,0.023197213779079743
RBF BD-KDD,557,0.02310302572145888
RBF BD-KDD,558,0.02291009230098903
RBF BD-KDD,559,0.022809141169863725
RBF BD-KDD,560,0.02277372464184913
RBF BD-KDD,561,0.02261272137227958
RBF BD-KDD,562,0.022406139973918684
RBF BD-KDD,563,0.022205196623457484
RBF BD-KDD,564,0.02212084969439688
RBF BD-KDD,565,0.021836178157051474
RBF BD-KDD,566,0.02177483704461585
RBF BD-KDD,567,0.02169726155621633
RBF BD-KDD,568,0.021463233509103282
RBF BD-KDD,569,0.0213141987956794
RBF BD-KDD,570,0.02115637756861603
RBF BD-KDD,571,0.021086784081265
RBF BD-KDD,572,0.020930160428444953
RBF BD-KDD,573,0.020662980173251747
RBF BD-KDD,574,0.020602210702553643
RBF BD-KDD,575,0.020593698378956807
RBF BD-KDD,576,0.02048740026853656
RBF BD-KDD,577,0.020314449856742738
RBF BD-KDD,578,0.020227008702064585
RBF BD-KDD,579,0.020170906320389224
RBF BD-KDD,580,0.01995625015333675
RBF BD-KDD,581,0.01984644729840557
RBF BD-KDD,582,0.01982188081715108
RBF BD-KDD,583,0.019713466992583105
RBF BD-KDD,584,0.019641725054554086
RBF BD-KDD,585,0.019375033846690263
RBF BD-KDD,586,0.01924599897273925
RBF BD-KDD,587,0.019037186145773682
RBF BD-KDD,588,0.019007708756643392
RBF BD-KDD,589,0.01889983792966299
RBF BD-KDD,590,0.018705823791480895
RBF BD-KDD,591,0.018641653499793485
RBF BD-KDD,592,0.018446339742268152
RBF BD-KDD,593,0.018323901124041406
RBF BD-KDD,594,0.01827153985759438
RBF BD-KDD,595,0.018098605065284695
RBF BD-KDD,596,0.0180375833527275
RBF BD-KDD,597,0.017987146005843058
RBF BD-KDD,598,0.017847517351946125
RBF BD-KDD,599,0.017705000894492912
RBF BD-KDD,600,0.017581193587058962
RBF BD-KDD,601,0.017391923969206694
RBF BD-KDD,602,0.01731214567188466
RBF BD-KDD,603,0.017168288235621283
RBF BD-KDD,604,0.017063714489775835
RBF BD-KDD,605,0.01697755324188975
RBF BD-KDD,606,0.016883466807773192
RBF BD-KDD,607,0.016703971938373637
RBF BD-KDD,608,0.016640291685582873
RBF BD-KDD,609,0.016602085141033614
RBF BD-KDD,610,0.016549142570492156
RBF BD-KDD,611,0.01641654311173129
RBF BD-KDD,612,0.01631140968977295
RBF BD-KDD,613,0.016215521044539712
RBF BD-KDD,614,0.01609154279321654
RBF BD-KDD,615,0.016040972124762447
RBF BD-KDD,616,0.015952750738241945
RBF BD-KDD,617,0.015832862606636102
RBF BD-KDD,618,0.015816334808245274
RBF BD-KDD,619,0.015648342738979918
RBF BD-KDD,620,0.01559011359953229
RBF BD-KDD,621,0.015522024901116954
RBF BD-KDD,622,0.015303584619180523
RBF BD-KDD,623,0.01523827557886281
RBF BD-KDD,624,0.01511661137746102
RBF BD-KDD,625,0.015032764592145214
RBF BD-KDD,626,0.014913480139054454
RBF BD-KDD,627,0.014889666420750396
RBF BD-KDD,628,0.01478214020424261
RBF BD-KDD,629,0.014691513860612971
RBF BD-KDD,630,0.014592920000657589
RBF BD-KDD,631,0.014426568745089493
RBF BD-KDD,632,0.014289724388248095
RBF BD-KDD,633,0.014207248502255855
RBF BD-KDD,634,0.01412670946882461
RBF BD-KDD,635,0.014036982849100207
RBF BD-KDD,636,0.014024863333662969
RBF BD-KDD,637,0.013944178211287512
RBF BD-KDD,638,0.013924437447251274
RBF BD-KDD,639,0.013788765137460591
RBF BD-KDD,640,0.013754501729291886
RBF BD-KDD,641,0.013573239795520331
RBF BD-KDD,642,0.013543409534948767
RBF BD-KDD,643,0.013356481600185693
RBF BD-KDD,644,0.013301459937819036
RBF BD-KDD,645,0.013249900569887242
RBF BD-KDD,646,0.01315752331515759
RBF BD-KDD,647,0.013086269637118437
RBF BD-KDD,648,0.013038601409482353
RBF BD-KDD,649,0.013014203367105275
RBF BD-KDD,650,0.012930073410716402
RBF BD-KDD,651,0.012839766480342003
RBF BD-KDD,652,0.012800840935782805
RBF BD-KDD,653,0.01267787477064335
RBF BD-KDD,654,0.012632347025610599
RBF BD-KDD,655,0.012475149002480642
RBF BD-KDD,656,0.012397298816240436
RBF BD-KDD,657,0.012312058200586985
RBF BD-KDD,658,0.01220587839958474
RBF BD-KDD,659,0.01213980030472642
RBF BD-KDD,660,0.012051731680336537
RBF BD-KDD,661,0.01200882138709217
RBF BD-KDD,662,0.011821494049881219
RBF BD-KDD,663,0.011788350152946077
RBF BD-KDD,664,0.011769861192221932
RBF BD-KDD,665,0.011687267094670719
RBF BD-KDD,666,0.011536609967675034
RBF BD-KDD,667,0.011528244988236642
RBF BD-KDD,668,0.011419360776450359
RBF BD-KDD,669,0.011358327478095372
RBF BD-KDD,670,0.011279686006847383
RBF BD-KDD,671,0.0112187375209851
RBF BD-KDD,672,0.011207439771509804
RBF BD-KDD,673,0.011124961052828671
RBF BD-KDD,674,0.011035077293232038
RBF BD-KDD,675,0.011020934232166582
RBF BD-KDD,676,0.010945670973436001
RBF BD-KDD,677,0.01088020653975751
RBF BD-KDD,678,0.010770782578263848
RBF BD-KDD,679,0.01071597311542344
RBF BD-KDD,680,0.010610646564447471
RBF BD-KDD,681,0.010546836386546042
RBF BD-KDD,682,0.010531591777709085
RBF BD-KDD,683,0.010466063511374676
RBF BD-KDD,684,0.010308370605524251
RBF BD-KDD,685,0.010246116003569082
RBF BD-KDD,686,0.010201744337149697
RBF BD-KDD,687,0.010153657131135236
RBF BD-KDD,688,0.010002883669646346
RBF BD-KDD,689,0.009980453547211547
RBF BD-KDD,690,0.009890195780006716
RBF BD-KDD,691,0.009796519776782057
RBF BD-KDD,692,0.009779993382095729
RBF BD-KDD,693,0.00969831087783038
RBF BD-KDD,694,0.00964255107184336
RBF BD-KDD,695,0.00955939952964223
RBF BD-KDD,696,0.009479206315106804
RBF BD-KDD,697,0.009435549499396607
RBF BD-KDD,698,0.009352442955241591
RBF BD-KDD,699,0.009302481060408117
RBF BD-KDD,700,0.009260019548320727
RBF BD-KDD,701,0.009229143462412246
RBF BD-KDD,702,0.009144028384331912
RBF BD-KDD,703,0.009047703341300905
RBF BD-KDD,704,0.009008119571335892
RBF BD-KDD,705,0.008982146376638838
RBF BD-KDD,706,0.008934291253457705
RBF BD-KDD,707,0.008885812284036676
RBF BD-KDD,708,0.008857330866475022
RBF BD-KDD,709,0.00875326592896194
RBF BD-KDD,710,0.008717961173164703
RBF BD-KDD,711,0.00869035086466576
RBF BD-KDD,712,0.00862712624511467
RBF BD-KDD,713,0.008475986663056495
RBF BD-KDD,714,0.008441492536955838
RBF BD-KDD,715,0.008429657058969697
RBF BD-KDD,716,0.00831481457836202
RBF BD-KDD,717,0.00829833667065212
RBF BD-KDD,718,0.00822293533274782
RBF BD-KDD,719,0.008157275804865744
RBF BD-KDD,720,0.008124653878280432
RBF BD-KDD,721,0.008103140532610496
RBF BD-KDD,722,0.008034849811628369
RBF BD-KDD,723,0.007958381415294584
RBF BD-KDD,724,0.007878907108079201
RBF BD-KDD,725,0.007864367980841504
RBF BD-KDD,726,0.0077894560853159316
RBF BD-KDD,727,0.007692458447869381
RBF BD-KDD,728,0.007681439545850355
RBF BD-KDD,729,0.007635083178487547
RBF BD-KDD,730,0.007489859854915492
RBF BD-KDD,731,0.007479050608877918
RBF BD-KDD,732,0.0074482621185747045
RBF BD-KDD,733,0.007441496454516995
RBF BD-KDD,734,0.007397028355117723
RBF BD-KDD,735,0.007331757380212884
RBF BD-KDD,736,0.007285213583357697
RBF BD-KDD,737,0.007261753089149754
RBF BD-KDD,738,0.007214479555508164
RBF BD-KDD,739,0.007155854308030484
RBF BD-KDD,740,0.007084367932386038
RBF BD-KDD,741,0.007021624406817666
RBF BD-KDD,742,0.006977972320658353
RBF BD-KDD,743,0.006958474452792858
RBF BD-KDD,744,0.006880042803357708
RBF BD-KDD,745,0.00680780333347948
RBF BD-KDD,746,0.006773891490569065
RBF BD-KDD,747,0.0067406428001387415
RBF BD-KDD,748,0.006695281985748085
RBF BD-KDD,749,0.006666479054672627
RBF BD-KDD,750,0.0065960318473835865
RBF BD-KDD,751,0.006562586079123065
RBF BD-KDD,752,0.0065191746356949845
RBF BD-KDD,753,0.006431709886514836
RBF BD-KDD,754,0.0063913054781718085
RBF BD-KDD,755,0.006339158998310157
RBF BD-KDD,756,0.006293244314372171
RBF BD-KDD,757,0.006280454424405104
RBF BD-KDD,758,0.0062226895854203
RBF BD-KDD,759,0.006210368522937078
RBF BD-KDD,760,0.006125013569714575
RBF BD-KDD,761,0.006094359435089168
RBF BD-KDD,762,0.006083636355541018
RBF BD-KDD,763,0.006038384247492695
RBF BD-KDD,764,0.00600224004239422
RBF BD-KDD,765,0.005971463006138841
RBF BD-KDD,766,0.005913876905528449
RBF BD-KDD,767,0.00588210510287011
RBF BD-KDD,768,0.005815103471739407
RBF BD-KDD,769,0.005790474889539737
RBF BD-KDD,770,0.00573570693044622
RBF BD-KDD,771,0.005699161092179792
RBF BD-KDD,772,0.005611981393573603
RBF BD-KDD,773,0.005561996839896403
RBF BD-KDD,774,0.005519083661093171
RBF BD-KDD,775,0.005499132567903218
RBF BD-KDD,776,0.005481885971508103
RBF BD-KDD,777,0.005423524167157666
RBF BD-KDD,778,0.005388335176219005
RBF BD-KDD,779,0.005371832460791261
RBF BD-KDD,780,0.005300272273475004
RBF BD-KDD,781,0.005286473238156721
RBF BD-KDD,782,0.005206333782258399
RBF BD-KDD,783,0.005176396729615158
RBF BD-KDD,784,0.005159439336796862
RBF BD-KDD,785,0.005079353128493182
RBF BD-KDD,786,0.005054645932025954
RBF BD-KDD,787,0.005014502459805835
RBF BD-KDD,788,0.004990983619705463
RBF BD-KDD,789,0.0049795798715957015
RBF BD-KDD,790,0.004908838449078101
RBF BD-KDD,791,0.004901757491340428
RBF BD-KDD,792,0.004876534495830395
RBF BD-KDD,793,0.0048173394254715785
RBF BD-KDD,794,0.0047748281965053815
RBF BD-KDD,795,0.004741901851590137
RBF BD-KDD,796,0.004709898098097945
RBF BD-KDD,797,0.004659523962792529
RBF BD-KDD,798,0.004649444128221343
RBF BD-KDD,799,0.00462413635992757
RBF BD-KDD,800,0.004586344782116488
RBF BD-KDD,801,0.0045728532438665615
RBF BD-KDD,802,0.0045088309764604
RBF BD-KDD,803,0.004496169856370721
RBF BD-KDD,804,0.0044433224366747705
RBF BD-KDD,805,0.004426401266452412
RBF BD-KDD,806,0.004382925948250071
RBF BD-KDD,807,0.004346914967786134
RBF BD-KDD,808,0.004293026803587891
RBF BD-KDD,809,0.004265849720151683
RBF BD-KDD,810,0.004231896406722994
RBF BD-KDD,811,0.004204983927991808
RBF BD-KDD,812,0.004179242551632848
RBF BD-KDD,813,0.004145812230563303
RBF BD-KDD,814,0.004112577096570413
RBF BD-KDD,815,0.004065349957729315
RBF BD-KDD,816,0.004049083407499574
RBF BD-KDD,817,0.004002715629066446
RBF BD-KDD,818,0.003964006893622434
RBF BD-KDD,819,0.003957345956394348
RBF BD-KDD,820,0.003928624378774026
RBF BD-KDD,821,0.003918923843147577
RBF BD-KDD,822,0.0038925093647109777
RBF BD-KDD,823,0.0038513072443213414
RBF BD-KDD,824,0.003822318576333536
RBF BD-KDD,825,0.003782596961811685
RBF BD-KDD,826,0.003748879261114761
RBF BD-KDD,827,0.0037252180165776912
RBF BD-KDD,828,0.0037014537520299964
RBF BD-KDD,829,0.003627982869386946
RBF BD-KDD,830,0.0036128945746695183
RBF BD-KDD,831,0.003598972836338972
RBF BD-KDD,832,0.003554449268797191
RBF BD-KDD,833,0.003525801830011204
RBF BD-KDD,834,0.0035157369794430833
RBF BD-KDD,835,0.0034880128695604527
RBF BD-KDD,836,0.0034655506638941068
RBF BD-KDD,837,0.0034393324111020498
RBF BD-KDD,838,0.003402977538891963
RBF BD-KDD,839,0.0033660891988883247
RBF BD-KDD,840,0.0033559409882189125
RBF BD-KDD,841,0.0033352507383541683
RBF BD-KDD,842,0.0033099944193092728
RBF BD-KDD,843,0.003299486871465222
RBF BD-KDD,844,0.003281658799587795
RBF BD-KDD,845,0.0032581010380416625
RBF BD-KDD,846,0.003236889688421677
RBF BD-KDD,847,0.003182060239990574
RBF BD-KDD,848,0.0031595344800976694
RBF BD-KDD,849,0.003146282102320965
RBF BD-KDD,850,0.0030950426082612626
RBF BD-KDD,851,0.00304477489194642
RBF BD-KDD,852,0.0030338422659171946
RBF BD-KDD,853,0.003021541037727664
RBF BD-KDD,854,0.0029972449440609237
RBF BD-KDD,855,0.002968114804643812
RBF BD-KDD,856,0.0029463841543872784
RBF BD-KDD,857,0.002913500872378896
RBF BD-KDD,858,0.0029015894245040842
RBF BD-KDD,859,0.0028747747271891367
RBF BD-KDD,860,0.0028572174198322167
RBF BD-KDD,861,0.002820486297369766
RBF BD-KDD,862,0.002817010712089506
RBF BD-KDD,863,0.0027639128917468104
RBF BD-KDD,864,0.0027362977967991023
RBF BD-KDD,865,0.002707056576164297
RBF BD-KDD,866,0.0027010318846082287
RBF BD-KDD,867,0.002654189290110146
RBF BD-KDD,868,0.0026423666170958078
RBF BD-KDD,869,0.0026097015243677895
RBF BD-KDD,870,0.0025914992242730517
RBF BD-KDD,871,0.00257899022235178
RBF BD-KDD,872,0.0025466763187925096
RBF BD-KDD,873,0.0025271823178082057
RBF BD-KDD,874,0.00250873616632214
RBF BD-KDD,875,0.002485929599336219
RBF BD-KDD,876,0.0024479954079514687
RBF BD-KDD,877,0.002407002145995276
RBF BD-KDD,878,0.002398122195948443
RBF BD-KDD,879,0.002368317544385663
RBF BD-KDD,880,0.0023549765367534043
RBF BD-KDD,881,0.0023310785543632817
RBF BD-KDD,882,0.002300965856008489
RBF BD-KDD,883,0.0022790735908091928
RBF BD-KDD,884,0.002266100138291593
RBF BD-KDD,885,0.0022453259281380597
RBF BD-KDD,886,0.0022130482797228426
RBF BD-KDD,887,0.002185973369895977
RBF BD-KDD,888,0.0021783065231217673
RBF BD-KDD,889,0.002153541277123097
RBF BD-KDD,890,0.002138018516728149
RBF BD-KDD,891,0.002125495070677788
RBF BD-KDD,892,0.002098913412950291
RBF BD-KDD,893,0.00206410688149029
RBF BD-KDD,894,0.0020340465777955617
RBF BD-KDD,895,0.002019726713783709
RBF BD-KDD,896,0.0019965974046276787
RBF BD-KDD,897,0.0019859016329084288
RBF BD-KDD,898,0.001972102181095248
RBF BD-KDD,899,0.0019580456326020205
RBF BD-KDD,900,0.001910005029596148
RBF BD-KDD,901,0.0019088632259934657
RBF BD-KDD,902,0.0018911006733579375
RBF BD-KDD,903,0.001885318425362737
RBF BD-KDD,904,0.0018653323192199442
RBF BD-KDD,905,0.0018428392279214887
RBF BD-KDD,906,0.0018289305716497008
RBF BD-KDD,907,0.0017910450492167188
RBF BD-KDD,908,0.0017725620586627937
RBF BD-KDD,909,0.0017599468449530818
RBF BD-KDD,910,0.0017308130644013177
RBF BD-KDD,911,0.001708480381609183
RBF BD-KDD,912,0.0016767863910578486
RBF BD-KDD,913,0.0016674745442782361
RBF BD-KDD,914,0.001652851662196588
RBF BD-KDD,915,0.0016473832722625648
RBF BD-KDD,916,0.0016308094025588124
RBF BD-KDD,917,0.0016186053794681019
RBF BD-KDD,918,0.001606475359566137
RBF BD-KDD,919,0.0015788540154931805
RBF BD-KDD,920,0.0015451545168994872
RBF BD-KDD,921,0.0015290813915086155
RBF BD-KDD,922,0.00149736455171593
RBF BD-KDD,923,0.0014736087867578181
RBF BD-KDD,924,0.0014658963130955438
RBF BD-KDD,925,0.0014500242057603379
RBF BD-KDD,926,0.0014446666664552886
RBF BD-KDD,927,0.0014240270946159267
RBF BD-KDD,928,0.001402533785936806
RBF BD-KDD,929,0.0013828109653540297
RBF BD-KDD,930,0.0013622579005930096
RBF BD-KDD,931,0.001339690251872097
RBF BD-KDD,932,0.001318458437354298
RBF BD-KDD,933,0.001310149550333477
RBF BD-KDD,934,0.001291705641885685
RBF BD-KDD,935,0.0012833631645706718
RBF BD-KDD,936,0.0012539836346885185
RBF BD-KDD,937,0.0012170962700417819
RBF BD-KDD,938,0.0012095453012226694
RBF BD-KDD,939,0.0011824384524932138
RBF BD-KDD,940,0.001162416693621677
RBF BD-KDD,941,0.0011499006779531165
RBF BD-KDD,942,0.001127101799665307
RBF BD-KDD,943,0.0011052873451282525
RBF BD-KDD,944,0.001090958325228949
RBF BD-KDD,945,0.0010684101578430903
RBF BD-KDD,946,0.0010516479860969356
RBF BD-KDD,947,0.0010235097857833767
RBF BD-KDD,948,0.0009978285343369925
RBF BD-KDD,949,0.0009880219031801662
RBF BD-KDD,950,0.0009712214181236194
RBF BD-KDD,951,0.0009599129788136746
RBF BD-KDD,952,0.0009387045632653632
RBF BD-KDD,953,0.0009147866535458028
RBF BD-KDD,954,0.0009042603189796351
RBF BD-KDD,955,0.000889060157856495
RBF BD-KDD,956,0.0008769511402832751
RBF BD-KDD,957,0.0008630829059297665
RBF BD-KDD,958,0.0008402347294777888
RBF BD-KDD,959,0.0008324814070224042
RBF BD-KDD,960,0.0008289540365659065
RBF BD-KDD,961,0.0007884077017708745
RBF BD-KDD,962,0.0007821561383989763
RBF BD-KDD,963,0.0007779899177574025
RBF BD-KDD,964,0.0007399842695145912
RBF BD-KDD,965,0.0007279536724202305
RBF BD-KDD,966,0.0007137640891088949
RBF BD-KDD,967,0.0006924362674053016
RBF BD-KDD,968,0.0006571564389423109
RBF BD-KDD,969,0.0006397832958314336
RBF BD-KDD,970,0.0006240032983022265
RBF BD-KDD,971,0.0006196664786409798
RBF BD-KDD,972,0.0005860994108317402
RBF BD-KDD,973,0.0005761011436903509
RBF BD-KDD,974,0.0005476990805329649
RBF BD-KDD,975,0.0005292485692722066
RBF BD-KDD,976,0.0005059192762326438
RBF BD-KDD,977,0.00047431995370927714
RBF BD-KDD,978,0.0004640077985851423
RBF BD-KDD,979,0.00044449756419387556
RBF BD-KDD,980,0.0004309056910536867
RBF BD-KDD,981,0.00039243122736132963
RBF BD-KDD,982,0.0003595517387199255
RBF BD-KDD,983,0.00030292499402850647
RBF BD-KDD,984,0.0002750157235573197
RBF BD-KDD,985,0.0002488785440098425
RBF BD-KDD,986,0.00024167395859360762
RBF BD-KDD,987,0.000201817749102794
RBF BD-KDD,988,0.00016745418589821358
