representation,selector,budget,model,outer_assessments,accuracy_mean,accuracy_std,accuracy_ci95_low,accuracy_ci95_high,sensitivity_mean,sensitivity_std,sensitivity_ci95_low,sensitivity_ci95_high,specificity_mean,specificity_std,specificity_ci95_low,specificity_ci95_high,precision_mean,precision_std,precision_ci95_low,precision_ci95_high,f1_mean,f1_std,f1_ci95_low,f1_ci95_high,roc_auc_mean,roc_auc_std,roc_auc_ci95_low,roc_auc_ci95_high,pr_auc_mean,pr_auc_std,pr_auc_ci95_low,pr_auc_ci95_high,runtime_seconds_mean,runtime_seconds_std,runtime_seconds_ci95_low,runtime_seconds_ci95_high,pca_explained_variance_mean,sensitivity_delta_vs_same_model_full,specificity_delta_vs_same_model_full,roc_auc_delta_vs_same_model_full,meets_sensitivity_tolerance,meets_roc_auc_tolerance,meets_joint_tolerance
full,none,24,logistic_regression,10,0.9921875,0.011048543456039806,0.9842838481378049,1.0,0.9875,0.017677669529663705,0.9748541570204879,1.0,1.0,0.0,1.0,1.0,1.0,0.0,1.0,1.0,0.993638429081467,0.00902747994349492,0.9871805589603763,1.0,1.0,0.0,1.0,1.0,1.0,0.0,1.0,1.0,0.24025109180220167,0.002209537664729456,0.23867048377473515,0.24183169982966818,,0.0,0.0,0.0,True,True,True
full,none,24,random_forest,10,0.99375,0.008068715304598784,0.9879779887845441,0.9995220112154559,1.0,0.0,1.0,1.0,0.9833333333333334,0.02151657414559674,0.9679413034254509,0.9987253632412159,0.9902439024390244,0.012595067792544457,0.981233933712459,0.9992538711655897,0.9950617283950617,0.006375281228324937,0.9905011269408743,0.999622329849249,0.9998958333333332,0.0003294039229342577,0.9996601919622083,1.0,0.999939024390244,0.00019282180854685257,0.9998010879778783,1.0,2.8189806083013536,0.07115194994846069,2.768081569532443,2.869879647070264,,0.0,0.0,0.0,True,True,True
full,none,24,svm_rbf,10,0.990625,0.013176156917368247,0.9811993451550075,1.0,0.985,0.021081851067789214,0.969918952248012,1.0,1.0,0.0,1.0,1.0,1.0,0.0,1.0,1.0,0.9923401493021746,0.010794302659925098,0.9846183703492597,1.0,1.0,0.0,1.0,1.0,1.0,0.0,1.0,1.0,0.4439283999017789,0.006494246992099809,0.4392826954669011,0.44857410433665673,,0.0,0.0,0.0,True,True,True
full,none,24,xgboost,10,0.98125,0.014358384116760646,0.9709786307634958,0.9915213692365041,0.985,0.017480147469502542,0.9724954557903057,0.9975045442096943,0.975,0.035136418446315335,0.9498649204133532,1.0,0.9854819976771196,0.020355599195297325,0.9709204792175928,1.0,0.9850265651850503,0.01138993016155874,0.9768786999854556,0.9931744303846449,0.999375,0.0011197580205970445,0.9985739733669499,1.0,0.9996384291521487,0.0006478730222496442,0.9991749687114904,1.0,0.28350681680021805,0.009571803371229686,0.2766595611560156,0.2903540724444205,,0.0,0.0,0.0,True,True,True
pca,pca,4,logistic_regression,10,0.9890625,0.012863634411696322,0.9798604102877111,0.9982645897122888,0.9875,0.017677669529663705,0.9748541570204879,1.0,0.9916666666666668,0.01756820922315765,0.9790991268733434,1.0,0.9950609756097561,0.010413369496022486,0.9876116998263522,1.0,0.9911696839650427,0.010411503456040241,0.9837217430662268,0.9986176248638585,0.9996875,0.0007030714142818482,0.9991845530084029,1.0,0.9998199767711963,0.0004034507307816645,0.9995313655047127,1.0,0.24689460420049728,0.012652934144306797,0.23784324037957538,0.25594596802141917,0.5997404201329678,0.0,-0.008333333333333193,-0.00031250000000004885,True,True,True
pca,pca,4,svm_rbf,10,0.9890625,0.010546071214227388,0.9815182951260439,0.996606704873956,0.99,0.017480147469502542,0.9774954557903057,1.0,0.9875,0.020126912147485312,0.9731020743994315,1.0,0.9926829268292682,0.011781607110723133,0.9842548728191793,1.0,0.9912005481625735,0.008569114467851973,0.9850705729499425,0.9973305233752046,0.9996875,0.0007030714142818482,0.9991845530084029,1.0,0.9998199767711963,0.0004034507307816645,0.9995313655047127,1.0,0.45413917079858945,0.004169805559531584,0.45115627159502364,0.45712207000215527,0.5997404201329678,0.0050000000000000044,-0.012499999999999956,-0.00031250000000004885,True,True,True
pca,pca,6,logistic_regression,10,0.990625,0.01092509216843908,0.9828096598689411,0.9984403401310589,0.9925,0.016873713942763838,0.9804292722016704,1.0,0.9875,0.020126912147485312,0.9731020743994315,1.0,0.9926829268292682,0.011781607110723133,0.9842548728191793,1.0,0.9924663709473837,0.008865567801466119,0.9861243257952537,0.9988084160995137,0.9998958333333334,0.00032940392293418744,0.9996601919622087,1.0,0.999939024390244,0.00019282180854686038,0.9998010879778783,1.0,0.2432718753974768,0.002554068747221486,0.24144480468082807,0.24509894611412553,0.7232612242796888,0.0050000000000000044,-0.012499999999999956,-0.00010416666666657193,True,True,True
pca,pca,6,svm_rbf,10,0.990625,0.01092509216843908,0.9828096598689411,0.9984403401310589,0.9875,0.017677669529663705,0.9748541570204879,1.0,0.9958333333333333,0.013176156917368237,0.9864076784883409,1.0,0.9975609756097562,0.007712872341874104,0.9920435191151264,1.0,0.9924038611802324,0.008904162155800768,0.9860342072901976,0.9987735150702671,0.9998958333333334,0.00032940392293418744,0.9996601919622087,1.0,0.999939024390244,0.00019282180854685257,0.9998010879778783,1.0,0.46021041260391937,0.009644659815622812,0.45331103859907584,0.4671097866087629,0.7232612242796888,0.0025000000000000577,-0.004166666666666652,-0.00010416666666657193,True,True,True
pca,pca,8,logistic_regression,10,0.9890625,0.010546071214227388,0.9815182951260439,0.996606704873956,0.9875,0.017677669529663705,0.9748541570204879,1.0,0.9916666666666668,0.01756820922315765,0.9790991268733434,1.0,0.9951219512195122,0.01028382978916547,0.9877653425600058,1.0,0.9911692932789979,0.0085840430859648,0.9850286387763033,0.9973099477816926,1.0,0.0,1.0,1.0,1.0,7.401486830834377e-17,1.0,1.0,0.24627395009883907,0.004216669247583394,0.24325752663238617,0.24929037356529196,0.818898019457291,0.0,-0.008333333333333193,0.0,True,True,True
pca,pca,8,svm_rbf,10,0.9875,0.012325166214790868,0.978683107231013,0.996316892768987,0.985,0.021081851067789214,0.969918952248012,1.0,0.9916666666666668,0.01756820922315765,0.9790991268733434,1.0,0.9951219512195122,0.01028382978916547,0.9877653425600058,1.0,0.9898710134997055,0.010078876489837624,0.9826610195982748,0.9970810074011363,1.0,0.0,1.0,1.0,1.0,0.0,1.0,1.0,0.4578978375007864,0.0047404288870237865,0.4545067389591911,0.4612889360423817,0.818898019457291,0.0,-0.008333333333333193,0.0,True,True,True
selected,mutual_information,4,logistic_regression,10,0.9625,0.015095184110613998,0.9517015557995736,0.9732984442004264,0.96,0.021081851067789197,0.9449189522480119,0.975081047751988,0.9666666666666668,0.038289024311361726,0.9392763487026555,0.994056984630678,0.9801993691742774,0.021696782905875678,0.964678425685213,0.9957203126633418,0.9697050812793531,0.012225083273782193,0.9609597835333865,0.9784503790253196,0.9842187499999999,0.010358780131375768,0.9768085250955886,0.9916289749044113,0.9924426209019046,0.004282937293494927,0.9893787921311638,0.9955064496726455,0.11469922080141255,0.01586175370234546,0.10335240574963397,0.12604603585319113,,-0.02750000000000008,-0.033333333333333215,-0.01578125000000008,True,True,True
selected,mutual_information,4,svm_rbf,10,0.959375,0.02109214242845478,0.9442865902520879,0.974463409747912,0.9549999999999998,0.022973414586817027,0.938565809221593,0.9714341907784066,0.9666666666666666,0.032867109906108985,0.9431549526160347,0.9901783807172985,0.9797370889700799,0.019982937496212612,0.9654421566305841,0.9940320213095758,0.9670525142149614,0.017102172035850665,0.9548183573420173,0.9792866710879056,0.9802604166666669,0.010354123584007596,0.9728535228555732,0.9876673104777605,0.990694674715155,0.004420908698175922,0.9875321471472491,0.993857202283061,0.20120931649871632,0.0016863740737178353,0.20000295715903238,0.20241567583840026,,-0.030000000000000138,-0.03333333333333344,-0.019739583333333144,True,True,True
selected,mutual_information,4,xgboost,10,0.959375,0.0183404342308948,0.9462550437144286,0.9724949562855714,0.9599999999999997,0.012909944487358068,0.9507647820552703,0.9692352179447292,0.9583333333333333,0.0340206908719886,0.9339963971721631,0.9826702694945034,0.9748717948717948,0.020414203830220027,0.960268353181954,0.9894752365616355,0.9673093151574162,0.014625958985620338,0.9568465343906091,0.9777720959242234,0.9872916666666667,0.007284222390436307,0.9820808478750419,0.9925024854582915,0.9936365768980056,0.0034465762511740384,0.9911710447747737,0.9961021090212374,0.17147217079909746,0.00270630006994975,0.16953620035443,0.1734081412437649,,-0.025000000000000244,-0.01666666666666672,-0.012083333333333335,True,True,True
selected,mutual_information,6,logistic_regression,10,0.975,0.01092509216843908,0.9671846598689411,0.9828153401310589,0.975,0.01666666666666668,0.9630773849004889,0.9869226150995111,0.975,0.02151657414559674,0.9596079700921175,0.9903920299078824,0.9850578486554096,0.01286490196498565,0.9758548521901215,0.9942608451206977,0.9798718249245676,0.00887335740577898,0.9735242074251976,0.9862194424239376,0.9988541666666666,0.0022205940215721948,0.9972656493979778,1.0,0.9993502534051315,0.0012354239713962465,0.9984664843353915,1.0,0.12129775400098874,0.021303959000325914,0.1060578198055897,0.13653768819638779,,-0.012500000000000067,-0.025000000000000022,-0.0011458333333334014,True,True,True
selected,mutual_information,6,svm_rbf,10,0.98125,0.012325166214790868,0.972433107231013,0.990066892768987,0.985,0.017480147469502542,0.9724954557903057,0.9975045442096943,0.975,0.02151657414559674,0.9596079700921175,0.9903920299078824,0.9851829268292682,0.012754935512678223,0.9760585956250634,0.9943072580334731,0.9849663709473837,0.009943396882627865,0.9778532933185887,0.9920794485761787,0.9990625,0.0022742392908073786,0.997435607217491,1.0,0.9994736684386074,0.001261643635270811,0.9985711429512425,1.0,0.21857227499858706,0.03941181179693548,0.19037876325283315,0.24676578674434096,,0.0,-0.025000000000000022,-0.0009375000000000355,True,True,True
selected,mutual_information,6,xgboost,10,0.9828125,0.011529137302697216,0.9745650520106315,0.9910599479893685,0.985,0.017480147469502542,0.9724954557903057,0.9975045442096943,0.9791666666666666,0.02946278254943948,0.9580902617008131,1.0,0.9878600464576074,0.01702467807256915,0.9756813254264677,1.0,0.9862302688887541,0.00923047502147778,0.9796271848367503,0.9928333529407579,0.9989583333333334,0.0017704928866641913,0.9976917990198862,1.0,0.9994030349377414,0.0010151435172876028,0.9986768450120984,1.0,0.17546640410000686,0.016158885047382814,0.16390703408857546,0.18702577411143825,,0.0,0.004166666666666652,-0.0004166666666666208,True,True,True
selected,mutual_information,8,logistic_regression,10,0.9875,0.012325166214790868,0.978683107231013,0.996316892768987,0.99,0.017480147469502542,0.9774954557903057,1.0,0.9833333333333334,0.02151657414559674,0.9679413034254509,0.9987253632412159,0.9901829268292683,0.012675009254725492,0.9811157714256584,0.9992500822328783,0.9899663709473836,0.009962168323494404,0.9828398650387297,0.9970928768560375,0.9996875,0.0007030714142817861,0.9991845530084029,1.0,0.9998155487804878,0.0004158261649591216,0.999518084661701,1.0,0.16290710419852983,0.0032783742495901716,0.1605618965387291,0.16525231185833056,,0.0024999999999999467,-0.016666666666666607,-0.00031250000000004885,True,True,True
selected,mutual_information,8,svm_rbf,10,0.9890625,0.010546071214227388,0.9815182951260439,0.996606704873956,0.9925,0.012076147288491209,0.983861244639659,1.0,0.9833333333333334,0.02151657414559674,0.9679413034254509,0.9987253632412159,0.9901829268292683,0.012675009254725492,0.9811157714256584,0.9992500822328783,0.991264650726676,0.008430405065178564,0.9852339022431704,0.9972953992101816,0.9996875,0.0007030714142817861,0.9991845530084029,1.0,0.9998155487804878,0.00041582616495911066,0.999518084661701,1.0,0.29940482070087454,0.0045742560705453374,0.2961325950311317,0.3026770463706174,,0.007500000000000062,-0.016666666666666607,-0.00031250000000004885,True,True,True
selected,mutual_information,8,xgboost,10,0.9859375,0.013681172433920516,0.9761505788176195,0.9957244211823806,0.9875,0.017677669529663702,0.9748541570204879,1.0,0.9833333333333334,0.029133579115837548,0.9624924263171762,1.0,0.9902990708478514,0.01682054771738525,0.9782663758760107,1.0,0.9887306595747987,0.01095568402518986,0.9808934353477466,0.9965678838018507,0.999375,0.0011197580205970536,0.9985739733669499,1.0,0.9996384291521487,0.000647873022249621,0.9991749687114904,1.0,0.20535348740086187,0.0022281533851717453,0.20375956248921734,0.2069474123125064,,0.0025000000000000577,0.008333333333333415,0.0,True,True,True
selected,permutation_importance,4,logistic_regression,10,0.978125,0.015095184110613996,0.9673265557995736,0.9889234442004264,0.9799999999999999,0.010540925533894607,0.9724594761240059,0.9875405238759939,0.975,0.035136418446315335,0.9498649204133532,1.0,0.9853048780487805,0.020600673902062393,0.9705680437052906,1.0,0.9825289107673074,0.011877448691377525,0.9740322958206182,0.9910255257139966,0.9979166666666666,0.001770492886664206,0.9966501323532194,0.9991832009801137,0.9987781121317708,0.0010317235730534083,0.9980400615487344,0.9995161627148073,0.12471162069996349,0.023855409896255775,0.10764648848591599,0.14177675291401098,,-0.007500000000000173,-0.025000000000000022,-0.002083333333333437,True,True,True
selected,permutation_importance,4,svm_rbf,10,0.9796875,0.014823176532039278,0.9690836382993835,0.9902913617006166,0.9674999999999999,0.023717082451262844,0.9505338212790134,0.9844661787209864,1.0,0.0,1.0,1.0,1.0,0.0,1.0,1.0,0.9833482972723478,0.012285854722727177,0.9745595262506926,0.992137068294003,0.9986458333333331,0.002865372366080251,0.9965960694230801,1.0,0.9992388418782147,0.001407282203007588,0.9982321328356436,1.0,0.22740756250132108,0.04552015418212653,0.19484440584628743,0.2599707191563547,,-0.01750000000000007,0.0,-0.0013541666666668783,True,True,True
selected,permutation_importance,4,xgboost,10,0.9828125,0.01719538960335331,0.970511659296385,0.9951133407036149,0.985,0.017480147469502542,0.9724954557903057,0.9975045442096943,0.9791666666666666,0.03540985773328324,0.9538359803977238,1.0,0.9878600464576074,0.020543517405504707,0.973164099408651,1.0,0.9862615237723297,0.01367110692077475,0.9764818030242901,0.9960412445203692,0.9991666666666665,0.0015372183070263283,0.9980670069347507,1.0,0.9994570267131243,0.001002202609441464,0.9987400941552785,1.0,0.18121982070006196,0.025373277683269194,0.163068871282224,0.19937077011789991,,0.0,0.004166666666666652,-0.00020833333333347692,True,True,True
selected,permutation_importance,6,logistic_regression,10,0.98125,0.01613743060919757,0.969705977569088,0.9927940224309119,0.9775,0.02188987589427282,0.9618409261081912,0.9931590738918089,0.9875,0.020126912147485312,0.9731020743994315,1.0,0.9925,0.012076147288491209,0.983861244639659,1.0,0.9848064277494657,0.013187571490548238,0.9753726074107202,0.9942402480882112,0.9984374999999999,0.001787435788365823,0.9971588454648133,0.9997161545351865,0.9991091427833843,0.0010203657888025622,0.9983792170697481,0.9998390684970204,0.1690533749017049,0.012390289255421889,0.16018989591586474,0.17791685388754508,,-0.010000000000000009,-0.012499999999999956,-0.0015625000000001332,True,True,True
selected,permutation_importance,6,svm_rbf,10,0.9859375,0.015537951968933645,0.9748223187543829,0.9970526812456172,0.9800000000000001,0.02581988897471611,0.9615295641105411,0.998470435889459,0.9958333333333333,0.013176156917368237,0.9864076784883409,1.0,0.9975609756097562,0.007712872341874104,0.9920435191151264,1.0,0.9885077572841287,0.012857407348302055,0.9793101221446429,0.9977053924236144,0.9986458333333333,0.0029071438456853495,0.9965661879066722,1.0,0.9992953894972623,0.0014293911916885924,0.9982728646369542,1.0,0.3043908917039516,0.016123671944275404,0.2928567116290087,0.3159250717788945,,-0.004999999999999893,-0.004166666666666652,-0.0013541666666666563,True,True,True
selected,permutation_importance,6,xgboost,10,0.9828125,0.015537951968933643,0.9716973187543828,0.9939276812456171,0.9824999999999999,0.016873713942763838,0.9704292722016703,0.9945707277983296,0.9833333333333334,0.029133579115837548,0.9624924263171762,1.0,0.9901829268292683,0.01711292796464225,0.977941075628383,1.0,0.9862001574765287,0.01239603771246532,0.9773325662922439,0.9950677486608135,0.9992708333333333,0.0013038182885776962,0.9983381379164684,1.0,0.999523606947033,0.0008789215660192626,0.9988948643349745,1.0,0.20619625420076773,0.0066236925357406815,0.2014579500022993,0.21093455839923617,,-0.0025000000000000577,0.008333333333333415,-0.00010416666666668295,True,True,True
selected,permutation_importance,8,logistic_regression,10,0.984375,0.01647019614671031,0.9725929314437594,0.9961570685562406,0.9800000000000001,0.02581988897471611,0.9615295641105411,0.998470435889459,0.9916666666666668,0.01756820922315765,0.9790991268733434,1.0,0.9950609756097561,0.010413369496022486,0.9876116998263522,1.0,0.9872735800689387,0.013555172710957394,0.9775767936585302,0.9969703664793472,0.9986458333333333,0.0017045746817546366,0.9974264540629975,0.9998652126036692,0.9992340367965369,0.000954449305846285,0.9985512648942009,0.9999168086988729,0.17752637070079796,0.018754570257896667,0.16411015934829956,0.19094258205329637,,-0.007499999999999951,-0.008333333333333193,-0.0013541666666666563,True,True,True
selected,permutation_importance,8,svm_rbf,10,0.9890625,0.016552342272990316,0.9772216676450262,1.0,0.9824999999999999,0.026483747636784502,0.9635546682320418,1.0,1.0,0.0,1.0,1.0,1.0,0.0,1.0,1.0,0.9910081479701732,0.013692464221417691,0.9812131491296259,1.0,0.9996875,0.0007030714142818481,0.9991845530084029,1.0,0.9998199767711963,0.0004034507307816645,0.9995313655047127,1.0,0.3162748958013253,0.012350717680915151,0.3074397246145886,0.32511006698806194,,-0.0025000000000000577,0.0,-0.00031250000000004885,True,True,True
selected,permutation_importance,8,xgboost,10,0.98125,0.019207384286026846,0.9675098650053582,0.9949901349946417,0.985,0.017480147469502542,0.9724954557903057,0.9975045442096943,0.975,0.035136418446315335,0.9498649204133532,1.0,0.9853048780487805,0.020600673902062393,0.9705680437052906,1.0,0.9850280993424452,0.015264391571464305,0.9741086114163577,0.9959475872685326,0.999375,0.0011197580205970215,0.9985739733669499,1.0,0.9995789779326365,0.0008044656104278788,0.999003497902601,1.0,0.22406740020232968,0.035475594857167184,0.19868968842783774,0.24944511197682162,,0.0,0.0,0.0,True,True,True
selected,wrapper_rfe,4,logistic_regression,10,0.9625,0.02109214242845478,0.947411590252088,0.9775884097479121,0.9549999999999998,0.032914029430219136,0.9314547217437709,0.9785452782562288,0.975,0.035136418446315335,0.9498649204133532,1.0,0.985112323491656,0.020710071726942652,0.9702972306586398,0.9999274163246722,0.9693773762078225,0.017471728943058897,0.9568788542491578,0.9818758981664872,0.9961458333333333,0.004050760578636082,0.9932480937789723,0.9990435728876943,0.9976666067427017,0.002410835825559482,0.9959419986857262,0.9993912147996772,0.15861756680096728,0.0017708142536975253,0.15735080259539347,0.1598843310065411,,-0.032500000000000195,-0.025000000000000022,-0.003854166666666714,True,True,True
selected,wrapper_rfe,4,svm_rbf,10,0.965625,0.02185018433687816,0.9499943197378821,0.9812556802621178,0.95,0.03535533905932736,0.9247083140409758,0.9752916859590242,0.9916666666666666,0.026352313834736504,0.9728153569766815,1.0,0.9951219512195122,0.01542574468374817,0.9840870382302527,1.0,0.9716134685754938,0.018520283354893398,0.9583648559770372,0.9848620811739504,0.9978125,0.0033466891000059748,0.995418422840174,1.0,0.9985379283391624,0.0021361861359181235,0.9970097928343946,1.0,0.2933550498972181,0.004007905678803405,0.29048796689140705,0.2962221329030292,,-0.03500000000000003,-0.008333333333333415,-0.002187500000000009,True,True,True
selected,wrapper_rfe,4,xgboost,10,0.9765625,0.01518477055949297,0.9656999695146866,0.9874250304853134,0.9824999999999999,0.016873713942763838,0.9704292722016703,0.9945707277983296,0.9666666666666666,0.032867109906108985,0.9431549526160347,0.9901783807172985,0.9804268292682927,0.01925741949050477,0.9666509012445861,0.9942027572919994,0.981293140755166,0.012037854313076449,0.9726817785392381,0.989904502971094,0.9959895833333332,0.00558828251142238,0.9919919668462721,0.9999871998203943,0.9976417266676412,0.0030872029188332745,0.995433274739521,0.9998501785957613,0.1962268583010882,0.0026803823656737064,0.1943094282651615,0.19814428833701486,,-0.0025000000000000577,-0.008333333333333415,-0.0033854166666668073,True,True,True
selected,wrapper_rfe,6,logistic_regression,10,0.978125,0.01679637030895531,0.9661096005042482,0.9901403994957518,0.975,0.023570226039551608,0.9581388760273172,0.9918611239726828,0.9833333333333332,0.03513641844631534,0.9581982537466864,1.0,0.9903600464576074,0.020324650177752413,0.9758206675915143,1.0,0.982335038864832,0.01348331111239515,0.9726896591452291,0.9919804185844349,0.99921875,0.0011318059731254835,0.9984091047809058,1.0,0.9993945267131243,0.0008544739240623039,0.9987832728905746,1.0,0.16659303759806787,0.0015439081042073202,0.1654885922735391,0.16769748292259665,,-0.012500000000000067,-0.01666666666666683,-0.0007812499999999556,True,True,True
selected,wrapper_rfe,6,svm_rbf,10,0.9828125,0.01719538960335331,0.970511659296385,0.9951133407036149,0.985,0.021081851067789214,0.969918952248012,1.0,0.9791666666666666,0.03540985773328324,0.9538359803977238,1.0,0.9879210220673634,0.020501969025427367,0.9732547969390273,1.0,0.9862286760918024,0.013734398836644547,0.9764036790346533,0.9960536731489515,0.9995312499999999,0.0007137084996908142,0.9990206936958961,1.0,0.9995789779326365,0.000569686444036779,0.9991714488006569,0.9999865070646161,0.3056987289019162,0.003935274154640971,0.3028836033585059,0.3085138544453265,,0.0,-0.02083333333333337,-0.0004687500000001288,True,True,True
selected,wrapper_rfe,6,xgboost,10,0.98125,0.012325166214790868,0.972433107231013,0.990066892768987,0.99,0.012909944487358068,0.9807647820552705,0.9992352179447295,0.9666666666666666,0.032867109906108985,0.9431549526160347,0.9901783807172985,0.9806039488966318,0.019045494343411084,0.9669796229904475,0.9942282748028162,0.9851215319466837,0.009679837876481148,0.9781969930730665,0.9920460708203009,0.9989062499999999,0.002060786559128318,0.997432052103196,1.0,0.9992100754936122,0.001283344772073464,0.9982920259481681,1.0,0.2034923082013847,0.0028673026523908735,0.20144116344748889,0.2055434529552805,,0.0050000000000000044,-0.008333333333333415,-0.0004687500000001288,True,True,True
selected,wrapper_rfe,8,logistic_regression,10,0.9953125,0.007547592055306998,0.9899132778997869,1.0,0.9949999999999999,0.010540925533894607,0.9874594761240059,1.0,0.9958333333333333,0.013176156917368237,0.9864076784883409,1.0,0.9975609756097562,0.007712872341874104,0.9920435191151264,1.0,0.9962337865291453,0.006064776406103614,0.9918953068438712,1.0,0.9997916666666666,0.0004392052305789166,0.9994774781718335,1.0,0.9998780487804879,0.00025709574472913675,0.9996941335640003,1.0,0.1749203790997853,0.0028319845342847615,0.17289449940558257,0.17694625879398804,,0.00749999999999984,-0.004166666666666652,-0.0002083333333333659,True,True,True
selected,wrapper_rfe,8,svm_rbf,10,0.9953125,0.010546071214227388,0.987768295126044,1.0,0.9949999999999999,0.01581138830084191,0.9836892141860089,1.0,0.9958333333333333,0.013176156917368237,0.9864076784883409,1.0,0.9975609756097562,0.007712872341874104,0.9920435191151264,1.0,0.996201329534663,0.008599606019123822,0.9900495419802559,1.0,1.0,0.0,1.0,1.0,1.0,0.0,1.0,1.0,0.32023890420095996,0.007307211201087748,0.31501164020487565,0.32546616819704427,,0.009999999999999898,-0.004166666666666652,0.0,True,True,True
selected,wrapper_rfe,8,xgboost,10,0.9828125,0.018706546870904135,0.9694306425090348,0.9961943574909652,0.9824999999999999,0.016873713942763838,0.9704292722016703,0.9945707277983296,0.9833333333333332,0.03513641844631534,0.9581982537466864,1.0,0.9902439024390244,0.020567659578330892,0.9755306851200117,1.0,0.9862310216740596,0.014854071556500153,0.9756050590043348,0.9968569843437844,0.9993229166666667,0.001253130724487367,0.9984264809488207,1.0,0.9995743265880461,0.0008172758795963514,0.9989896826434936,1.0,0.21111774590244745,0.0016351242640259965,0.20994804846805626,0.21228744333683863,,-0.0025000000000000577,0.008333333333333193,-5.2083333333285964e-05,True,True,True
