fold,row_id,target,model,method,score,probability
1,ckd-0003,1,classical_rbf_svm,platt,1.532184785579215,0.9929836098535841
1,ckd-0009,1,classical_rbf_svm,platt,1.5988197024500233,0.9941873016549002
1,ckd-0010,1,classical_rbf_svm,platt,1.6351889624438818,0.9947552202480551
1,ckd-0018,1,classical_rbf_svm,platt,1.0265630170238655,0.9711169595529137
1,ckd-0026,1,classical_rbf_svm,platt,1.328620873816861,0.987553823443212
1,ckd-0034,1,classical_rbf_svm,platt,1.5504938789665719,0.9933370682141253
1,ckd-0036,1,classical_rbf_svm,platt,1.700891289624257,0.9956448341641192
1,ckd-0038,1,classical_rbf_svm,platt,1.592353543337266,0.9940801111136096
1,ckd-0040,1,classical_rbf_svm,platt,1.642077993533376,0.9948564047303589
1,ckd-0053,1,classical_rbf_svm,platt,1.268748501468706,0.9852786432333405
1,ckd-0055,1,classical_rbf_svm,platt,1.5548873636706082,0.9934192189466451
1,ckd-0068,1,classical_rbf_svm,platt,1.204867249823423,0.9823989219108492
1,ckd-0072,1,classical_rbf_svm,platt,1.555893852492376,0.9934378964790538
1,ckd-0073,1,classical_rbf_svm,platt,1.516243538782648,0.9926607400724612
1,ckd-0074,1,classical_rbf_svm,platt,1.001581213360734,0.9690570836344141
1,ckd-0078,1,classical_rbf_svm,platt,1.7027451143871983,0.9956676248538021
1,ckd-0080,1,classical_rbf_svm,platt,1.553447466749931,0.9933924067578496
1,ckd-0081,1,classical_rbf_svm,platt,1.573615253947772,0.9937582596634088
1,ckd-0091,1,classical_rbf_svm,platt,1.5490597336326148,0.9933100322171958
1,ckd-0092,1,classical_rbf_svm,platt,0.9159492393449353,0.9608629890317472
1,ckd-0095,1,classical_rbf_svm,platt,1.4511957932438024,0.9911832593797625
1,ckd-0099,1,classical_rbf_svm,platt,1.1461649011130703,0.9792688916943121
1,ckd-0111,1,classical_rbf_svm,platt,0.8875976620905551,0.9577171720357884
1,ckd-0115,1,classical_rbf_svm,platt,1.3348976572419256,0.987771230844769
1,ckd-0120,1,classical_rbf_svm,platt,1.0250700055681568,0.9709976817481129
1,ckd-0138,1,classical_rbf_svm,platt,1.5480581988877906,0.9932910870503936
1,ckd-0162,1,classical_rbf_svm,platt,1.387933656828321,0.9894645603393822
1,ckd-0170,1,classical_rbf_svm,platt,1.418124319179467,0.9903226117046685
1,ckd-0175,1,classical_rbf_svm,platt,0.8266656210790864,0.9501199417206257
1,ckd-0188,1,classical_rbf_svm,platt,1.529906915584362,0.9929383529079595
1,ckd-0192,1,classical_rbf_svm,platt,1.2747596516736934,0.9855244428245823
1,ckd-0193,1,classical_rbf_svm,platt,0.30429795584531893,0.8118524831375848
1,ckd-0200,1,classical_rbf_svm,platt,1.331150338538456,0.9876418912499288
1,ckd-0201,1,classical_rbf_svm,platt,1.2100724725264134,0.9826529508711764
1,ckd-0204,1,classical_rbf_svm,platt,1.4536385537212657,0.9912437343905365
1,ckd-0218,1,classical_rbf_svm,platt,1.5700805144787724,0.9936956251571996
1,ckd-0219,1,classical_rbf_svm,platt,0.8040810368436,0.9469880109366948
1,ckd-0221,1,classical_rbf_svm,platt,1.2303704448977093,0.9836095844836333
1,ckd-0224,1,classical_rbf_svm,platt,1.4190468055195646,0.9903477103347956
1,ckd-0226,1,classical_rbf_svm,platt,1.5378538737337613,0.993094997397967
1,ckd-0258,0,classical_rbf_svm,platt,-1.0838426445726532,0.07700058147154763
1,ckd-0260,0,classical_rbf_svm,platt,-1.2373075967996663,0.05117113546721739
1,ckd-0263,0,classical_rbf_svm,platt,-1.1563940775762516,0.06356308601063901
1,ckd-0270,0,classical_rbf_svm,platt,-1.2919713077651453,0.04413181399997699
1,ckd-0272,0,classical_rbf_svm,platt,-1.0041163325282545,0.094731347033194
1,ckd-0277,0,classical_rbf_svm,platt,-0.9344840279386231,0.113120948028887
1,ckd-0281,0,classical_rbf_svm,platt,-0.9568421216915763,0.10689989667678243
1,ckd-0287,0,classical_rbf_svm,platt,-1.1192835286398253,0.0701387887270239
1,ckd-0289,0,classical_rbf_svm,platt,-1.2565016067242978,0.048586019837801905
1,ckd-0298,0,classical_rbf_svm,platt,-1.3027090879893974,0.04286199094162097
1,ckd-0308,0,classical_rbf_svm,platt,-0.9314962067093508,0.11397582236415044
1,ckd-0313,0,classical_rbf_svm,platt,-1.2328379295438736,0.05179154638347465
1,ckd-0317,0,classical_rbf_svm,platt,-1.286333797949932,0.04481278017736279
1,ckd-0318,0,classical_rbf_svm,platt,-0.8951137391484092,0.12484395255188387
1,ckd-0325,0,classical_rbf_svm,platt,-0.39640862372012586,0.3705808341070149
1,ckd-0327,0,classical_rbf_svm,platt,-1.0553784090802312,0.08295154908565862
1,ckd-0353,0,classical_rbf_svm,platt,-1.2290839099409465,0.05231810988830828
1,ckd-0355,0,classical_rbf_svm,platt,-1.0726599994097108,0.07929037122719196
1,ckd-0363,0,classical_rbf_svm,platt,-1.0215431123406342,0.09056761930082348
1,ckd-0367,0,classical_rbf_svm,platt,-1.313197919941038,0.04165535449946951
1,ckd-0374,0,classical_rbf_svm,platt,-1.1504495660336327,0.06457633800770868
1,ckd-0378,0,classical_rbf_svm,platt,-1.0930199880746365,0.07516685148643473
1,ckd-0384,0,classical_rbf_svm,platt,-1.196526196265305,0.05710150134980083
1,ckd-0395,0,classical_rbf_svm,platt,-1.0622999676994156,0.08146707975410059
1,ckd-0003,1,classical_rbf_svm,isotonic,1.532184785579215,1.0
1,ckd-0009,1,classical_rbf_svm,isotonic,1.5988197024500233,1.0
1,ckd-0010,1,classical_rbf_svm,isotonic,1.6351889624438818,1.0
1,ckd-0018,1,classical_rbf_svm,isotonic,1.0265630170238655,1.0
1,ckd-0026,1,classical_rbf_svm,isotonic,1.328620873816861,1.0
1,ckd-0034,1,classical_rbf_svm,isotonic,1.5504938789665719,1.0
1,ckd-0036,1,classical_rbf_svm,isotonic,1.700891289624257,1.0
1,ckd-0038,1,classical_rbf_svm,isotonic,1.592353543337266,1.0
1,ckd-0040,1,classical_rbf_svm,isotonic,1.642077993533376,1.0
1,ckd-0053,1,classical_rbf_svm,isotonic,1.268748501468706,1.0
1,ckd-0055,1,classical_rbf_svm,isotonic,1.5548873636706082,1.0
1,ckd-0068,1,classical_rbf_svm,isotonic,1.204867249823423,1.0
1,ckd-0072,1,classical_rbf_svm,isotonic,1.555893852492376,1.0
1,ckd-0073,1,classical_rbf_svm,isotonic,1.516243538782648,1.0
1,ckd-0074,1,classical_rbf_svm,isotonic,1.001581213360734,1.0
1,ckd-0078,1,classical_rbf_svm,isotonic,1.7027451143871983,1.0
1,ckd-0080,1,classical_rbf_svm,isotonic,1.553447466749931,1.0
1,ckd-0081,1,classical_rbf_svm,isotonic,1.573615253947772,1.0
1,ckd-0091,1,classical_rbf_svm,isotonic,1.5490597336326148,1.0
1,ckd-0092,1,classical_rbf_svm,isotonic,0.9159492393449353,1.0
1,ckd-0095,1,classical_rbf_svm,isotonic,1.4511957932438024,1.0
1,ckd-0099,1,classical_rbf_svm,isotonic,1.1461649011130703,1.0
1,ckd-0111,1,classical_rbf_svm,isotonic,0.8875976620905551,1.0
1,ckd-0115,1,classical_rbf_svm,isotonic,1.3348976572419256,1.0
1,ckd-0120,1,classical_rbf_svm,isotonic,1.0250700055681568,1.0
1,ckd-0138,1,classical_rbf_svm,isotonic,1.5480581988877906,1.0
1,ckd-0162,1,classical_rbf_svm,isotonic,1.387933656828321,1.0
1,ckd-0170,1,classical_rbf_svm,isotonic,1.418124319179467,1.0
1,ckd-0175,1,classical_rbf_svm,isotonic,0.8266656210790864,1.0
1,ckd-0188,1,classical_rbf_svm,isotonic,1.529906915584362,1.0
1,ckd-0192,1,classical_rbf_svm,isotonic,1.2747596516736934,1.0
1,ckd-0193,1,classical_rbf_svm,isotonic,0.30429795584531893,1.0
1,ckd-0200,1,classical_rbf_svm,isotonic,1.331150338538456,1.0
1,ckd-0201,1,classical_rbf_svm,isotonic,1.2100724725264134,1.0
1,ckd-0204,1,classical_rbf_svm,isotonic,1.4536385537212657,1.0
1,ckd-0218,1,classical_rbf_svm,isotonic,1.5700805144787724,1.0
1,ckd-0219,1,classical_rbf_svm,isotonic,0.8040810368436,1.0
1,ckd-0221,1,classical_rbf_svm,isotonic,1.2303704448977093,1.0
1,ckd-0224,1,classical_rbf_svm,isotonic,1.4190468055195646,1.0
1,ckd-0226,1,classical_rbf_svm,isotonic,1.5378538737337613,1.0
1,ckd-0258,0,classical_rbf_svm,isotonic,-1.0838426445726532,0.0
1,ckd-0260,0,classical_rbf_svm,isotonic,-1.2373075967996663,0.0
1,ckd-0263,0,classical_rbf_svm,isotonic,-1.1563940775762516,0.0
1,ckd-0270,0,classical_rbf_svm,isotonic,-1.2919713077651453,0.0
1,ckd-0272,0,classical_rbf_svm,isotonic,-1.0041163325282545,0.0
1,ckd-0277,0,classical_rbf_svm,isotonic,-0.9344840279386231,0.0
1,ckd-0281,0,classical_rbf_svm,isotonic,-0.9568421216915763,0.0
1,ckd-0287,0,classical_rbf_svm,isotonic,-1.1192835286398253,0.0
1,ckd-0289,0,classical_rbf_svm,isotonic,-1.2565016067242978,0.0
1,ckd-0298,0,classical_rbf_svm,isotonic,-1.3027090879893974,0.0
1,ckd-0308,0,classical_rbf_svm,isotonic,-0.9314962067093508,0.0
1,ckd-0313,0,classical_rbf_svm,isotonic,-1.2328379295438736,0.0
1,ckd-0317,0,classical_rbf_svm,isotonic,-1.286333797949932,0.0
1,ckd-0318,0,classical_rbf_svm,isotonic,-0.8951137391484092,0.0
1,ckd-0325,0,classical_rbf_svm,isotonic,-0.39640862372012586,0.5281403239778172
1,ckd-0327,0,classical_rbf_svm,isotonic,-1.0553784090802312,0.0
1,ckd-0353,0,classical_rbf_svm,isotonic,-1.2290839099409465,0.0
1,ckd-0355,0,classical_rbf_svm,isotonic,-1.0726599994097108,0.0
1,ckd-0363,0,classical_rbf_svm,isotonic,-1.0215431123406342,0.0
1,ckd-0367,0,classical_rbf_svm,isotonic,-1.313197919941038,0.0
1,ckd-0374,0,classical_rbf_svm,isotonic,-1.1504495660336327,0.0
1,ckd-0378,0,classical_rbf_svm,isotonic,-1.0930199880746365,0.0
1,ckd-0384,0,classical_rbf_svm,isotonic,-1.196526196265305,0.0
1,ckd-0395,0,classical_rbf_svm,isotonic,-1.0622999676994156,0.0
1,ckd-0003,1,qsvc,platt,0.9499792150192761,0.9758195529556782
1,ckd-0009,1,qsvc,platt,0.9895141300361543,0.9783663688133942
1,ckd-0010,1,qsvc,platt,0.9324841445716713,0.9746012713961619
1,ckd-0018,1,qsvc,platt,1.034589328406168,0.9809508271359455
1,ckd-0026,1,qsvc,platt,0.9549161686405755,0.9761529071188189
1,ckd-0034,1,qsvc,platt,0.9653093975074705,0.976840091261118
1,ckd-0036,1,qsvc,platt,0.9653741344341319,0.9768443103957098
1,ckd-0038,1,qsvc,platt,1.0133844430856964,0.9797750593195035
1,ckd-0040,1,qsvc,platt,0.9981656935242749,0.9788876898244292
1,ckd-0053,1,qsvc,platt,1.0682470934821233,0.9826807907373651
1,ckd-0055,1,qsvc,platt,1.0413843308260682,0.9813132193894267
1,ckd-0068,1,qsvc,platt,0.9345364629593687,0.9747472250624201
1,ckd-0072,1,qsvc,platt,0.9428864663634959,0.975332668256862
1,ckd-0073,1,qsvc,platt,0.9377919427813279,0.974977069000351
1,ckd-0074,1,qsvc,platt,0.9572965745826448,0.9763120313656743
1,ckd-0078,1,qsvc,platt,0.9936272572168441,0.9786157666609583
1,ckd-0080,1,qsvc,platt,0.9855563127118895,0.9781237039143408
1,ckd-0081,1,qsvc,platt,0.9698162103039998,0.9771320306945294
1,ckd-0091,1,qsvc,platt,1.0423174186165576,0.9813624519494126
1,ckd-0092,1,qsvc,platt,0.5817181955655228,0.9331901117344571
1,ckd-0095,1,qsvc,platt,1.0553333391830637,0.9820360848180222
1,ckd-0099,1,qsvc,platt,0.9857767353341853,0.9781372883464551
1,ckd-0111,1,qsvc,platt,1.0955557412548824,0.9839701894699449
1,ckd-0115,1,qsvc,platt,1.0596747508725948,0.9822554121738452
1,ckd-0120,1,qsvc,platt,0.8388488746086665,0.9669958904837191
1,ckd-0138,1,qsvc,platt,0.9567231397432326,0.976273793650952
1,ckd-0162,1,qsvc,platt,0.9817161958425915,0.977885712892469
1,ckd-0170,1,qsvc,platt,0.8885944007190979,0.9712760964212336
1,ckd-0175,1,qsvc,platt,0.8466131703608063,0.9677023920701685
1,ckd-0188,1,qsvc,platt,1.0233832029356371,0.9803380724953145
1,ckd-0192,1,qsvc,platt,0.9782343406168511,0.9776677389147058
1,ckd-0193,1,qsvc,platt,0.9879887949279591,0.9782731595561178
1,ckd-0200,1,qsvc,platt,0.9426495954904257,0.9753162443264334
1,ckd-0201,1,qsvc,platt,1.0065855763061395,0.979383239458472
1,ckd-0204,1,qsvc,platt,0.9518846409662669,0.9759487467070449
1,ckd-0218,1,qsvc,platt,1.0723439089909514,0.9828805304018957
1,ckd-0219,1,qsvc,platt,1.0869563349256297,0.9835746910109581
1,ckd-0221,1,qsvc,platt,1.186988216351002,0.9876365016371297
1,ckd-0224,1,qsvc,platt,1.0004360634360334,0.9790224479755985
1,ckd-0226,1,qsvc,platt,1.0069321039156462,0.9794033884217235
1,ckd-0258,0,qsvc,platt,-1.3772667516576895,0.047103441708927794
1,ckd-0260,0,qsvc,platt,-1.4428955403983998,0.03930747924134101
1,ckd-0263,0,qsvc,platt,-1.4883267296713965,0.03465214907992627
1,ckd-0270,0,qsvc,platt,-1.6098829179516665,0.02466640764494498
1,ckd-0272,0,qsvc,platt,-0.8452478224897313,0.18627606866585622
1,ckd-0277,0,qsvc,platt,-0.7308855422703251,0.24142023996767836
1,ckd-0281,0,qsvc,platt,-0.397626057721743,0.45393743184293434
1,ckd-0287,0,qsvc,platt,-1.5212647311784222,0.03161418922275143
1,ckd-0289,0,qsvc,platt,-1.4416003456688844,0.03944863253047085
1,ckd-0298,0,qsvc,platt,-1.5630107474672275,0.028132429701560793
1,ckd-0308,0,qsvc,platt,-1.307712129845438,0.056959406080629896
1,ckd-0313,0,qsvc,platt,-1.401867751765613,0.04402236151052946
1,ckd-0317,0,qsvc,platt,-1.425126433984929,0.04128692224132768
1,ckd-0318,0,qsvc,platt,-1.271180359617861,0.06288366963090765
1,ckd-0325,0,qsvc,platt,-0.6124553964277539,0.30923320825808304
1,ckd-0327,0,qsvc,platt,-1.3194274413599758,0.055173278561417266
1,ckd-0353,0,qsvc,platt,-1.4022355163527105,0.04397779272771632
1,ckd-0355,0,qsvc,platt,-0.9781991468783022,0.13500292170442404
1,ckd-0363,0,qsvc,platt,-0.9414939691198878,0.14783535742561218
1,ckd-0367,0,qsvc,platt,-1.6176365883464054,0.02413465336248426
1,ckd-0374,0,qsvc,platt,-1.3360563828564778,0.052728408333930187
1,ckd-0378,0,qsvc,platt,-1.0414977367249263,0.1150875457963896
1,ckd-0384,0,qsvc,platt,-1.3363105851570376,0.05269183993034553
1,ckd-0395,0,qsvc,platt,-1.432447888503205,0.04046002750105834
1,ckd-0003,1,qsvc,isotonic,0.9499792150192761,1.0
1,ckd-0009,1,qsvc,isotonic,0.9895141300361543,1.0
1,ckd-0010,1,qsvc,isotonic,0.9324841445716713,1.0
1,ckd-0018,1,qsvc,isotonic,1.034589328406168,1.0
1,ckd-0026,1,qsvc,isotonic,0.9549161686405755,1.0
1,ckd-0034,1,qsvc,isotonic,0.9653093975074705,1.0
1,ckd-0036,1,qsvc,isotonic,0.9653741344341319,1.0
1,ckd-0038,1,qsvc,isotonic,1.0133844430856964,1.0
1,ckd-0040,1,qsvc,isotonic,0.9981656935242749,1.0
1,ckd-0053,1,qsvc,isotonic,1.0682470934821233,1.0
1,ckd-0055,1,qsvc,isotonic,1.0413843308260682,1.0
1,ckd-0068,1,qsvc,isotonic,0.9345364629593687,1.0
1,ckd-0072,1,qsvc,isotonic,0.9428864663634959,1.0
1,ckd-0073,1,qsvc,isotonic,0.9377919427813279,1.0
1,ckd-0074,1,qsvc,isotonic,0.9572965745826448,1.0
1,ckd-0078,1,qsvc,isotonic,0.9936272572168441,1.0
1,ckd-0080,1,qsvc,isotonic,0.9855563127118895,1.0
1,ckd-0081,1,qsvc,isotonic,0.9698162103039998,1.0
1,ckd-0091,1,qsvc,isotonic,1.0423174186165576,1.0
1,ckd-0092,1,qsvc,isotonic,0.5817181955655228,1.0
1,ckd-0095,1,qsvc,isotonic,1.0553333391830637,1.0
1,ckd-0099,1,qsvc,isotonic,0.9857767353341853,1.0
1,ckd-0111,1,qsvc,isotonic,1.0955557412548824,1.0
1,ckd-0115,1,qsvc,isotonic,1.0596747508725948,1.0
1,ckd-0120,1,qsvc,isotonic,0.8388488746086665,1.0
1,ckd-0138,1,qsvc,isotonic,0.9567231397432326,1.0
1,ckd-0162,1,qsvc,isotonic,0.9817161958425915,1.0
1,ckd-0170,1,qsvc,isotonic,0.8885944007190979,1.0
1,ckd-0175,1,qsvc,isotonic,0.8466131703608063,1.0
1,ckd-0188,1,qsvc,isotonic,1.0233832029356371,1.0
1,ckd-0192,1,qsvc,isotonic,0.9782343406168511,1.0
1,ckd-0193,1,qsvc,isotonic,0.9879887949279591,1.0
1,ckd-0200,1,qsvc,isotonic,0.9426495954904257,1.0
1,ckd-0201,1,qsvc,isotonic,1.0065855763061395,1.0
1,ckd-0204,1,qsvc,isotonic,0.9518846409662669,1.0
1,ckd-0218,1,qsvc,isotonic,1.0723439089909514,1.0
1,ckd-0219,1,qsvc,isotonic,1.0869563349256297,1.0
1,ckd-0221,1,qsvc,isotonic,1.186988216351002,1.0
1,ckd-0224,1,qsvc,isotonic,1.0004360634360334,1.0
1,ckd-0226,1,qsvc,isotonic,1.0069321039156462,1.0
1,ckd-0258,0,qsvc,isotonic,-1.3772667516576895,0.0
1,ckd-0260,0,qsvc,isotonic,-1.4428955403983998,0.0
1,ckd-0263,0,qsvc,isotonic,-1.4883267296713965,0.0
1,ckd-0270,0,qsvc,isotonic,-1.6098829179516665,0.0
1,ckd-0272,0,qsvc,isotonic,-0.8452478224897313,0.0
1,ckd-0277,0,qsvc,isotonic,-0.7308855422703251,0.0
1,ckd-0281,0,qsvc,isotonic,-0.397626057721743,1.0
1,ckd-0287,0,qsvc,isotonic,-1.5212647311784222,0.0
1,ckd-0289,0,qsvc,isotonic,-1.4416003456688844,0.0
1,ckd-0298,0,qsvc,isotonic,-1.5630107474672275,0.0
1,ckd-0308,0,qsvc,isotonic,-1.307712129845438,0.0
1,ckd-0313,0,qsvc,isotonic,-1.401867751765613,0.0
1,ckd-0317,0,qsvc,isotonic,-1.425126433984929,0.0
1,ckd-0318,0,qsvc,isotonic,-1.271180359617861,0.0
1,ckd-0325,0,qsvc,isotonic,-0.6124553964277539,0.0
1,ckd-0327,0,qsvc,isotonic,-1.3194274413599758,0.0
1,ckd-0353,0,qsvc,isotonic,-1.4022355163527105,0.0
1,ckd-0355,0,qsvc,isotonic,-0.9781991468783022,0.0
1,ckd-0363,0,qsvc,isotonic,-0.9414939691198878,0.0
1,ckd-0367,0,qsvc,isotonic,-1.6176365883464054,0.0
1,ckd-0374,0,qsvc,isotonic,-1.3360563828564778,0.0
1,ckd-0378,0,qsvc,isotonic,-1.0414977367249263,0.0
1,ckd-0384,0,qsvc,isotonic,-1.3363105851570376,0.0
1,ckd-0395,0,qsvc,isotonic,-1.432447888503205,0.0
2,ckd-0012,1,classical_rbf_svm,platt,1.3722419709255502,0.9843035665046975
2,ckd-0029,1,classical_rbf_svm,platt,1.0534977985222291,0.9624206740936728
2,ckd-0048,1,classical_rbf_svm,platt,1.2076925161456469,0.9753063025713203
2,ckd-0052,1,classical_rbf_svm,platt,1.405474502992576,0.9856827118767636
2,ckd-0057,1,classical_rbf_svm,platt,1.323398138085136,0.9820363029846771
2,ckd-0058,1,classical_rbf_svm,platt,1.2776117532544922,0.9796205799259091
2,ckd-0060,1,classical_rbf_svm,platt,1.283669411138545,0.9799575865222311
2,ckd-0062,1,classical_rbf_svm,platt,0.8972322613166368,0.9428901799383893
2,ckd-0064,1,classical_rbf_svm,platt,1.4578641644646355,0.9876180234749878
2,ckd-0077,1,classical_rbf_svm,platt,1.1311789490736461,0.9695646002396201
2,ckd-0079,1,classical_rbf_svm,platt,1.5111864740033008,0.9893222893729864
2,ckd-0097,1,classical_rbf_svm,platt,1.6731778843129737,0.9931997487766261
2,ckd-0102,1,classical_rbf_svm,platt,1.5685576290043874,0.9908973415575517
2,ckd-0108,1,classical_rbf_svm,platt,1.5639206591709645,0.9907790820136401
2,ckd-0114,1,classical_rbf_svm,platt,0.9925508101407785,0.9557130920577166
2,ckd-0123,1,classical_rbf_svm,platt,1.173840377150891,0.9729092073786817
2,ckd-0136,1,classical_rbf_svm,platt,0.9121108534969603,0.945099862486343
2,ckd-0146,1,classical_rbf_svm,platt,0.9636077993112122,0.9521410042068522
2,ckd-0150,1,classical_rbf_svm,platt,1.1969740697450941,0.9745705842426695
2,ckd-0154,1,classical_rbf_svm,platt,1.0979966327932327,0.9666898603764845
2,ckd-0160,1,classical_rbf_svm,platt,1.6505507607827699,0.9927566513174364
2,ckd-0163,1,classical_rbf_svm,platt,1.3915543105981292,0.9851201891276845
2,ckd-0171,1,classical_rbf_svm,platt,1.4667958772232654,0.9879211572649104
2,ckd-0172,1,classical_rbf_svm,platt,1.2070624093443363,0.9752636316820644
2,ckd-0174,1,classical_rbf_svm,platt,1.0381769382747337,0.9608325476934904
2,ckd-0180,1,classical_rbf_svm,platt,1.631901723676231,0.9923699984635961
2,ckd-0185,1,classical_rbf_svm,platt,1.404754715844484,0.9856541456086071
2,ckd-0186,1,classical_rbf_svm,platt,0.6797773116062115,0.899622744589666
2,ckd-0187,1,classical_rbf_svm,platt,1.038486826772441,0.9608652990398877
2,ckd-0194,1,classical_rbf_svm,platt,0.8753182293787619,0.9394830819553168
2,ckd-0195,1,classical_rbf_svm,platt,1.4966401007089047,0.9888818291441348
2,ckd-0198,1,classical_rbf_svm,platt,1.2706651649162357,0.9792272865851219
2,ckd-0202,1,classical_rbf_svm,platt,1.2108198400766854,0.9755170257289234
2,ckd-0203,1,classical_rbf_svm,platt,1.3423422420710416,0.982951513149516
2,ckd-0207,1,classical_rbf_svm,platt,1.3329958055760769,0.9825058503294386
2,ckd-0215,1,classical_rbf_svm,platt,0.3422040261598059,0.7763700727387385
2,ckd-0222,1,classical_rbf_svm,platt,0.784722176213016,0.9232877587513
2,ckd-0223,1,classical_rbf_svm,platt,0.9927815556394061,0.9557405224957464
2,ckd-0244,1,classical_rbf_svm,platt,0.4339627956615144,0.8179367031361526
2,ckd-0248,1,classical_rbf_svm,platt,0.08813633476025884,0.629679085244655
2,ckd-0251,0,classical_rbf_svm,platt,-1.31508076536263,0.03193920492304662
2,ckd-0254,0,classical_rbf_svm,platt,-1.2537776119262796,0.03771578768322744
2,ckd-0256,0,classical_rbf_svm,platt,-1.0139648924918832,0.07139314270495481
2,ckd-0274,0,classical_rbf_svm,platt,-0.20838165940818665,0.4250151070784048
2,ckd-0276,0,classical_rbf_svm,platt,-1.1772341488970863,0.04634519036831217
2,ckd-0288,0,classical_rbf_svm,platt,-1.0048144655851303,0.07311636907503072
2,ckd-0304,0,classical_rbf_svm,platt,-1.1767715772089098,0.0464026623124745
2,ckd-0306,0,classical_rbf_svm,platt,-1.0780313171387255,0.06034262684725457
2,ckd-0307,0,classical_rbf_svm,platt,-1.1435543210727142,0.05071142162888764
2,ckd-0315,0,classical_rbf_svm,platt,-1.233657771120366,0.03982178007597478
2,ckd-0323,0,classical_rbf_svm,platt,-0.4158930242967034,0.2920979197594745
2,ckd-0340,0,classical_rbf_svm,platt,-0.9008155531770028,0.09555723923978081
2,ckd-0341,0,classical_rbf_svm,platt,-1.1754399680940817,0.04656848604883044
2,ckd-0344,0,classical_rbf_svm,platt,-1.2569972226455135,0.037388869083797245
2,ckd-0358,0,classical_rbf_svm,platt,-0.9854841845252893,0.07688323803392838
2,ckd-0359,0,classical_rbf_svm,platt,-0.6777162010993596,0.16509430588805385
2,ckd-0366,0,classical_rbf_svm,platt,-0.2031993708890074,0.42857694386804934
2,ckd-0373,0,classical_rbf_svm,platt,-1.1411646876500923,0.05103558994203927
2,ckd-0383,0,classical_rbf_svm,platt,-1.1469022266183997,0.05026053482767258
2,ckd-0387,0,classical_rbf_svm,platt,-1.3107787212831854,0.032315029390202026
2,ckd-0388,0,classical_rbf_svm,platt,-1.2071777006625861,0.042765779755387145
2,ckd-0397,0,classical_rbf_svm,platt,-0.9758827370257523,0.07881969854449086
2,ckd-0399,0,classical_rbf_svm,platt,-1.152556934991203,0.0495075856129749
2,ckd-0400,0,classical_rbf_svm,platt,-1.1000075976982624,0.0569353556779475
2,ckd-0012,1,classical_rbf_svm,isotonic,1.3722419709255502,1.0
2,ckd-0029,1,classical_rbf_svm,isotonic,1.0534977985222291,1.0
2,ckd-0048,1,classical_rbf_svm,isotonic,1.2076925161456469,1.0
2,ckd-0052,1,classical_rbf_svm,isotonic,1.405474502992576,1.0
2,ckd-0057,1,classical_rbf_svm,isotonic,1.323398138085136,1.0
2,ckd-0058,1,classical_rbf_svm,isotonic,1.2776117532544922,1.0
2,ckd-0060,1,classical_rbf_svm,isotonic,1.283669411138545,1.0
2,ckd-0062,1,classical_rbf_svm,isotonic,0.8972322613166368,1.0
2,ckd-0064,1,classical_rbf_svm,isotonic,1.4578641644646355,1.0
2,ckd-0077,1,classical_rbf_svm,isotonic,1.1311789490736461,1.0
2,ckd-0079,1,classical_rbf_svm,isotonic,1.5111864740033008,1.0
2,ckd-0097,1,classical_rbf_svm,isotonic,1.6731778843129737,1.0
2,ckd-0102,1,classical_rbf_svm,isotonic,1.5685576290043874,1.0
2,ckd-0108,1,classical_rbf_svm,isotonic,1.5639206591709645,1.0
2,ckd-0114,1,classical_rbf_svm,isotonic,0.9925508101407785,1.0
2,ckd-0123,1,classical_rbf_svm,isotonic,1.173840377150891,1.0
2,ckd-0136,1,classical_rbf_svm,isotonic,0.9121108534969603,1.0
2,ckd-0146,1,classical_rbf_svm,isotonic,0.9636077993112122,1.0
2,ckd-0150,1,classical_rbf_svm,isotonic,1.1969740697450941,1.0
2,ckd-0154,1,classical_rbf_svm,isotonic,1.0979966327932327,1.0
2,ckd-0160,1,classical_rbf_svm,isotonic,1.6505507607827699,1.0
2,ckd-0163,1,classical_rbf_svm,isotonic,1.3915543105981292,1.0
2,ckd-0171,1,classical_rbf_svm,isotonic,1.4667958772232654,1.0
2,ckd-0172,1,classical_rbf_svm,isotonic,1.2070624093443363,1.0
2,ckd-0174,1,classical_rbf_svm,isotonic,1.0381769382747337,1.0
2,ckd-0180,1,classical_rbf_svm,isotonic,1.631901723676231,1.0
2,ckd-0185,1,classical_rbf_svm,isotonic,1.404754715844484,1.0
2,ckd-0186,1,classical_rbf_svm,isotonic,0.6797773116062115,1.0
2,ckd-0187,1,classical_rbf_svm,isotonic,1.038486826772441,1.0
2,ckd-0194,1,classical_rbf_svm,isotonic,0.8753182293787619,1.0
2,ckd-0195,1,classical_rbf_svm,isotonic,1.4966401007089047,1.0
2,ckd-0198,1,classical_rbf_svm,isotonic,1.2706651649162357,1.0
2,ckd-0202,1,classical_rbf_svm,isotonic,1.2108198400766854,1.0
2,ckd-0203,1,classical_rbf_svm,isotonic,1.3423422420710416,1.0
2,ckd-0207,1,classical_rbf_svm,isotonic,1.3329958055760769,1.0
2,ckd-0215,1,classical_rbf_svm,isotonic,0.3422040261598059,1.0
2,ckd-0222,1,classical_rbf_svm,isotonic,0.784722176213016,1.0
2,ckd-0223,1,classical_rbf_svm,isotonic,0.9927815556394061,1.0
2,ckd-0244,1,classical_rbf_svm,isotonic,0.4339627956615144,1.0
2,ckd-0248,1,classical_rbf_svm,isotonic,0.08813633476025884,0.774677682463634
2,ckd-0251,0,classical_rbf_svm,isotonic,-1.31508076536263,0.0
2,ckd-0254,0,classical_rbf_svm,isotonic,-1.2537776119262796,0.0
2,ckd-0256,0,classical_rbf_svm,isotonic,-1.0139648924918832,0.0
2,ckd-0274,0,classical_rbf_svm,isotonic,-0.20838165940818665,0.0
2,ckd-0276,0,classical_rbf_svm,isotonic,-1.1772341488970863,0.0
2,ckd-0288,0,classical_rbf_svm,isotonic,-1.0048144655851303,0.0
2,ckd-0304,0,classical_rbf_svm,isotonic,-1.1767715772089098,0.0
2,ckd-0306,0,classical_rbf_svm,isotonic,-1.0780313171387255,0.0
2,ckd-0307,0,classical_rbf_svm,isotonic,-1.1435543210727142,0.0
2,ckd-0315,0,classical_rbf_svm,isotonic,-1.233657771120366,0.0
2,ckd-0323,0,classical_rbf_svm,isotonic,-0.4158930242967034,0.0
2,ckd-0340,0,classical_rbf_svm,isotonic,-0.9008155531770028,0.0
2,ckd-0341,0,classical_rbf_svm,isotonic,-1.1754399680940817,0.0
2,ckd-0344,0,classical_rbf_svm,isotonic,-1.2569972226455135,0.0
2,ckd-0358,0,classical_rbf_svm,isotonic,-0.9854841845252893,0.0
2,ckd-0359,0,classical_rbf_svm,isotonic,-0.6777162010993596,0.0
2,ckd-0366,0,classical_rbf_svm,isotonic,-0.2031993708890074,0.0
2,ckd-0373,0,classical_rbf_svm,isotonic,-1.1411646876500923,0.0
2,ckd-0383,0,classical_rbf_svm,isotonic,-1.1469022266183997,0.0
2,ckd-0387,0,classical_rbf_svm,isotonic,-1.3107787212831854,0.0
2,ckd-0388,0,classical_rbf_svm,isotonic,-1.2071777006625861,0.0
2,ckd-0397,0,classical_rbf_svm,isotonic,-0.9758827370257523,0.0
2,ckd-0399,0,classical_rbf_svm,isotonic,-1.152556934991203,0.0
2,ckd-0400,0,classical_rbf_svm,isotonic,-1.1000075976982624,0.0
2,ckd-0012,1,qsvc,platt,0.9549816714891008,0.9655612558698999
2,ckd-0029,1,qsvc,platt,1.000648051308777,0.9699107877785976
2,ckd-0048,1,qsvc,platt,0.4914584649713752,0.8718561961538891
2,ckd-0052,1,qsvc,platt,0.9811035635336031,0.9681185215417821
2,ckd-0057,1,qsvc,platt,1.0184421258380743,0.9714573525177611
2,ckd-0058,1,qsvc,platt,0.9391023369335408,0.9639111865508192
2,ckd-0060,1,qsvc,platt,1.0013587017608379,0.9699740820730741
2,ckd-0062,1,qsvc,platt,0.8273552758681748,0.949961595004584
2,ckd-0064,1,qsvc,platt,0.7517339111775866,0.9377665671734957
2,ckd-0077,1,qsvc,platt,0.8451431063730698,0.9524824372219266
2,ckd-0079,1,qsvc,platt,0.987584171660272,0.9687239616122074
2,ckd-0097,1,qsvc,platt,0.9702701775073796,0.96708103862926
2,ckd-0102,1,qsvc,platt,1.0502749993794445,0.9740337140280457
2,ckd-0108,1,qsvc,platt,0.9971214687691922,0.9695947742813921
2,ckd-0114,1,qsvc,platt,0.9545634140212413,0.965518741265955
2,ckd-0123,1,qsvc,platt,0.8884600815135787,0.958125629304824
2,ckd-0136,1,qsvc,platt,0.9417493612160306,0.9641914380356686
2,ckd-0146,1,qsvc,platt,0.8461518865759851,0.9526217243812363
2,ckd-0150,1,qsvc,platt,0.864646234433615,0.9551075372360358
2,ckd-0154,1,qsvc,platt,0.903201398468496,0.9598956368024313
2,ckd-0160,1,qsvc,platt,0.9644716946562724,0.9665124094450516
2,ckd-0163,1,qsvc,platt,0.904474842601002,0.9600451321207661
2,ckd-0171,1,qsvc,platt,0.9260835835021934,0.9625018408937777
2,ckd-0172,1,qsvc,platt,0.8838875688478091,0.9575615817762719
2,ckd-0174,1,qsvc,platt,0.9760543043476927,0.9676389622828526
2,ckd-0180,1,qsvc,platt,1.1676976486238333,0.98171771441688
2,ckd-0185,1,qsvc,platt,0.9661275562327138,0.9666757521248043
2,ckd-0186,1,qsvc,platt,0.8452886975495562,0.9525025636966964
2,ckd-0187,1,qsvc,platt,-0.18524773573012876,0.4626061636610153
2,ckd-0194,1,qsvc,platt,0.9381520647019569,0.9638100631725146
2,ckd-0195,1,qsvc,platt,1.0165113040800065,0.9712933398942238
2,ckd-0198,1,qsvc,platt,0.9604348722356848,0.9661109513844158
2,ckd-0202,1,qsvc,platt,1.010317656757708,0.9707610286655878
2,ckd-0203,1,qsvc,platt,0.817043397491485,0.94844272731861
2,ckd-0207,1,qsvc,platt,0.9170811076677019,0.961496497783399
2,ckd-0215,1,qsvc,platt,0.8542387926769018,0.9537243797678645
2,ckd-0222,1,qsvc,platt,0.9087962956813818,0.9605484751943093
2,ckd-0223,1,qsvc,platt,1.0097891773318537,0.9707151678740206
2,ckd-0244,1,qsvc,platt,0.8799402940354776,0.9570688281498609
2,ckd-0248,1,qsvc,platt,0.8562618913661921,0.9539963889592281
2,ckd-0251,0,qsvc,platt,-1.3644809474085946,0.022923695595661566
2,ckd-0254,0,qsvc,platt,-1.2257457325734848,0.03460431113680066
2,ckd-0256,0,qsvc,platt,-0.4470933904990728,0.2789271746375591
2,ckd-0274,0,qsvc,platt,-0.22475644301059883,0.43277118772536904
2,ckd-0276,0,qsvc,platt,-1.2127490206306977,0.03595551228704785
2,ckd-0288,0,qsvc,platt,-0.9224300960172258,0.08302523181523387
2,ckd-0304,0,qsvc,platt,-1.0059376868011636,0.06555582959968281
2,ckd-0306,0,qsvc,platt,-0.8938150501594979,0.0899277933247624
2,ckd-0307,0,qsvc,platt,-1.1018632183372414,0.04973175254601078
2,ckd-0315,0,qsvc,platt,-1.128195140895615,0.04606490313687155
2,ckd-0323,0,qsvc,platt,0.5538349062422777,0.8916812465532438
2,ckd-0340,0,qsvc,platt,-0.8845877017893296,0.09226166024877755
2,ckd-0341,0,qsvc,platt,-1.21268595581037,0.03596219107220738
2,ckd-0344,0,qsvc,platt,-1.295344411861048,0.028162901644596124
2,ckd-0358,0,qsvc,platt,-0.8754421009889575,0.09462839967993567
2,ckd-0359,0,qsvc,platt,-0.8339872080327217,0.10604956071713031
2,ckd-0366,0,qsvc,platt,-0.2213469283593954,0.43532988203841394
2,ckd-0373,0,qsvc,platt,-1.0749999558745411,0.053756575426276126
2,ckd-0383,0,qsvc,platt,-1.1384348366799928,0.04470963125957426
2,ckd-0387,0,qsvc,platt,-1.1037617598435967,0.04945836729466773
2,ckd-0388,0,qsvc,platt,-1.211284437070745,0.036110925364114206
2,ckd-0397,0,qsvc,platt,-0.941591957027478,0.07867593032006891
2,ckd-0399,0,qsvc,platt,-0.8449543118248655,0.10291491595922649
2,ckd-0400,0,qsvc,platt,-1.0535057145141933,0.05719627752134087
2,ckd-0012,1,qsvc,isotonic,0.9549816714891008,1.0
2,ckd-0029,1,qsvc,isotonic,1.000648051308777,1.0
2,ckd-0048,1,qsvc,isotonic,0.4914584649713752,1.0
2,ckd-0052,1,qsvc,isotonic,0.9811035635336031,1.0
2,ckd-0057,1,qsvc,isotonic,1.0184421258380743,1.0
2,ckd-0058,1,qsvc,isotonic,0.9391023369335408,1.0
2,ckd-0060,1,qsvc,isotonic,1.0013587017608379,1.0
2,ckd-0062,1,qsvc,isotonic,0.8273552758681748,1.0
2,ckd-0064,1,qsvc,isotonic,0.7517339111775866,1.0
2,ckd-0077,1,qsvc,isotonic,0.8451431063730698,1.0
2,ckd-0079,1,qsvc,isotonic,0.987584171660272,1.0
2,ckd-0097,1,qsvc,isotonic,0.9702701775073796,1.0
2,ckd-0102,1,qsvc,isotonic,1.0502749993794445,1.0
2,ckd-0108,1,qsvc,isotonic,0.9971214687691922,1.0
2,ckd-0114,1,qsvc,isotonic,0.9545634140212413,1.0
2,ckd-0123,1,qsvc,isotonic,0.8884600815135787,1.0
2,ckd-0136,1,qsvc,isotonic,0.9417493612160306,1.0
2,ckd-0146,1,qsvc,isotonic,0.8461518865759851,1.0
2,ckd-0150,1,qsvc,isotonic,0.864646234433615,1.0
2,ckd-0154,1,qsvc,isotonic,0.903201398468496,1.0
2,ckd-0160,1,qsvc,isotonic,0.9644716946562724,1.0
2,ckd-0163,1,qsvc,isotonic,0.904474842601002,1.0
2,ckd-0171,1,qsvc,isotonic,0.9260835835021934,1.0
2,ckd-0172,1,qsvc,isotonic,0.8838875688478091,1.0
2,ckd-0174,1,qsvc,isotonic,0.9760543043476927,1.0
2,ckd-0180,1,qsvc,isotonic,1.1676976486238333,1.0
2,ckd-0185,1,qsvc,isotonic,0.9661275562327138,1.0
2,ckd-0186,1,qsvc,isotonic,0.8452886975495562,1.0
2,ckd-0187,1,qsvc,isotonic,-0.18524773573012876,0.06635735253422123
2,ckd-0194,1,qsvc,isotonic,0.9381520647019569,1.0
2,ckd-0195,1,qsvc,isotonic,1.0165113040800065,1.0
2,ckd-0198,1,qsvc,isotonic,0.9604348722356848,1.0
2,ckd-0202,1,qsvc,isotonic,1.010317656757708,1.0
2,ckd-0203,1,qsvc,isotonic,0.817043397491485,1.0
2,ckd-0207,1,qsvc,isotonic,0.9170811076677019,1.0
2,ckd-0215,1,qsvc,isotonic,0.8542387926769018,1.0
2,ckd-0222,1,qsvc,isotonic,0.9087962956813818,1.0
2,ckd-0223,1,qsvc,isotonic,1.0097891773318537,1.0
2,ckd-0244,1,qsvc,isotonic,0.8799402940354776,1.0
2,ckd-0248,1,qsvc,isotonic,0.8562618913661921,1.0
2,ckd-0251,0,qsvc,isotonic,-1.3644809474085946,0.0
2,ckd-0254,0,qsvc,isotonic,-1.2257457325734848,0.0
2,ckd-0256,0,qsvc,isotonic,-0.4470933904990728,0.0
2,ckd-0274,0,qsvc,isotonic,-0.22475644301059883,0.0
2,ckd-0276,0,qsvc,isotonic,-1.2127490206306977,0.0
2,ckd-0288,0,qsvc,isotonic,-0.9224300960172258,0.0
2,ckd-0304,0,qsvc,isotonic,-1.0059376868011636,0.0
2,ckd-0306,0,qsvc,isotonic,-0.8938150501594979,0.0
2,ckd-0307,0,qsvc,isotonic,-1.1018632183372414,0.0
2,ckd-0315,0,qsvc,isotonic,-1.128195140895615,0.0
2,ckd-0323,0,qsvc,isotonic,0.5538349062422777,1.0
2,ckd-0340,0,qsvc,isotonic,-0.8845877017893296,0.0
2,ckd-0341,0,qsvc,isotonic,-1.21268595581037,0.0
2,ckd-0344,0,qsvc,isotonic,-1.295344411861048,0.0
2,ckd-0358,0,qsvc,isotonic,-0.8754421009889575,0.0
2,ckd-0359,0,qsvc,isotonic,-0.8339872080327217,0.0
2,ckd-0366,0,qsvc,isotonic,-0.2213469283593954,0.0
2,ckd-0373,0,qsvc,isotonic,-1.0749999558745411,0.0
2,ckd-0383,0,qsvc,isotonic,-1.1384348366799928,0.0
2,ckd-0387,0,qsvc,isotonic,-1.1037617598435967,0.0
2,ckd-0388,0,qsvc,isotonic,-1.211284437070745,0.0
2,ckd-0397,0,qsvc,isotonic,-0.941591957027478,0.0
2,ckd-0399,0,qsvc,isotonic,-0.8449543118248655,0.0
2,ckd-0400,0,qsvc,isotonic,-1.0535057145141933,0.0
3,ckd-0001,1,classical_rbf_svm,platt,0.45207987354875145,0.7712492569747568
3,ckd-0002,1,classical_rbf_svm,platt,1.3029427508010514,0.9716721550692996
3,ckd-0006,1,classical_rbf_svm,platt,1.6241344346846054,0.9880011255028159
3,ckd-0021,1,classical_rbf_svm,platt,1.4002724665522872,0.9781301376314182
3,ckd-0023,1,classical_rbf_svm,platt,1.2337176127478133,0.9659879878323157
3,ckd-0030,1,classical_rbf_svm,platt,1.38706869421034,0.9773466662229958
3,ckd-0047,1,classical_rbf_svm,platt,1.2570663675746088,0.9680185665665796
3,ckd-0049,1,classical_rbf_svm,platt,1.394509261587957,0.9777914785119916
3,ckd-0051,1,classical_rbf_svm,platt,1.7472567871904054,0.9913931438378629
3,ckd-0059,1,classical_rbf_svm,platt,1.8770872439495756,0.9939433424688554
3,ckd-0063,1,classical_rbf_svm,platt,1.6427757216279115,0.9885889296152671
3,ckd-0066,1,classical_rbf_svm,platt,0.5167184163170292,0.8008490400586434
3,ckd-0076,1,classical_rbf_svm,platt,1.4153156608755215,0.9789904951243554
3,ckd-0082,1,classical_rbf_svm,platt,1.6734570117201182,0.9894950082771461
3,ckd-0085,1,classical_rbf_svm,platt,1.0399993137721983,0.9436558763541912
3,ckd-0086,1,classical_rbf_svm,platt,1.8080791646583307,0.9926987257316326
3,ckd-0106,1,classical_rbf_svm,platt,0.6134257814025298,0.8396023744169389
3,ckd-0116,1,classical_rbf_svm,platt,0.8193079332095284,0.9017294471137434
3,ckd-0125,1,classical_rbf_svm,platt,1.6136703737125528,0.9876581625946196
3,ckd-0127,1,classical_rbf_svm,platt,1.8368404383615617,0.9932456624844354
3,ckd-0133,1,classical_rbf_svm,platt,1.2929524500694545,0.9709127207336126
3,ckd-0139,1,classical_rbf_svm,platt,1.2653055569930305,0.9687067369207139
3,ckd-0140,1,classical_rbf_svm,platt,1.756862734748007,0.9916137627033184
3,ckd-0147,1,classical_rbf_svm,platt,1.5236080566628645,0.9842771992638836
3,ckd-0152,1,classical_rbf_svm,platt,1.7490143369970674,0.9914339349745491
3,ckd-0156,1,classical_rbf_svm,platt,1.456572655320695,0.9811835886337824
3,ckd-0196,1,classical_rbf_svm,platt,1.3805222426058994,0.9769481178865494
3,ckd-0197,1,classical_rbf_svm,platt,1.1316520225058222,0.9555603473758582
3,ckd-0206,1,classical_rbf_svm,platt,0.7910102579053633,0.8946777839459142
3,ckd-0210,1,classical_rbf_svm,platt,0.22425705723049694,0.6443378632855499
3,ckd-0214,1,classical_rbf_svm,platt,1.5282734725086093,0.9844728379854542
3,ckd-0220,1,classical_rbf_svm,platt,1.6228621895175634,0.9879599352906522
3,ckd-0230,1,classical_rbf_svm,platt,1.3233739400286162,0.9731657891694824
3,ckd-0231,1,classical_rbf_svm,platt,1.6759401177736524,0.9895651467131559
3,ckd-0232,1,classical_rbf_svm,platt,1.5592198853313732,0.985711205707937
3,ckd-0233,1,classical_rbf_svm,platt,0.8493892138508917,0.9087613388939648
3,ckd-0234,1,classical_rbf_svm,platt,1.4752251689605997,0.9820998591220697
3,ckd-0237,1,classical_rbf_svm,platt,1.630205426295754,0.9881957707607809
3,ckd-0238,1,classical_rbf_svm,platt,1.803213593359679,0.9926019466876093
3,ckd-0242,1,classical_rbf_svm,platt,1.6704193953215323,0.9894085724355586
3,ckd-0252,0,classical_rbf_svm,platt,-1.094835470321602,0.0473295146934115
3,ckd-0255,0,classical_rbf_svm,platt,-1.0705915977390608,0.05040063327068867
3,ckd-0262,0,classical_rbf_svm,platt,-1.0782819708242966,0.04940654903288618
3,ckd-0271,0,classical_rbf_svm,platt,-1.0090422029276147,0.059065417280946136
3,ckd-0279,0,classical_rbf_svm,platt,-1.0832134011333407,0.04877890622775653
3,ckd-0284,0,classical_rbf_svm,platt,-1.2032981238797675,0.0356450954461839
3,ckd-0290,0,classical_rbf_svm,platt,-1.2183119411675385,0.034264454488857024
3,ckd-0294,0,classical_rbf_svm,platt,-1.2785988423152301,0.02922279664737248
3,ckd-0299,0,classical_rbf_svm,platt,-1.0217387084136456,0.05717069542724063
3,ckd-0303,0,classical_rbf_svm,platt,-1.267295426809219,0.0301098568974224
3,ckd-0314,0,classical_rbf_svm,platt,-1.0389314122315974,0.054695894332048356
3,ckd-0324,0,classical_rbf_svm,platt,-1.3914716142954715,0.021649524552609604
3,ckd-0335,0,classical_rbf_svm,platt,-1.2913627241824503,0.02825158552999442
3,ckd-0345,0,classical_rbf_svm,platt,-0.9397299580045915,0.07048552876706257
3,ckd-0348,0,classical_rbf_svm,platt,-1.1209301582070026,0.04422299999262524
3,ckd-0350,0,classical_rbf_svm,platt,-1.235195812351046,0.032773458142333074
3,ckd-0351,0,classical_rbf_svm,platt,-1.3217166530257858,0.02606618725194004
3,ckd-0357,0,classical_rbf_svm,platt,-1.2932119422588704,0.028113501923850218
3,ckd-0365,0,classical_rbf_svm,platt,-1.3523432682002827,0.024028216312219547
3,ckd-0370,0,classical_rbf_svm,platt,-0.9976364776482831,0.060817546536758915
3,ckd-0371,0,classical_rbf_svm,platt,-1.2704473615737948,0.02985991123388703
3,ckd-0372,0,classical_rbf_svm,platt,-1.0423932723401812,0.05420993377166063
3,ckd-0381,0,classical_rbf_svm,platt,-1.09169653442284,0.047716888455860404
3,ckd-0382,0,classical_rbf_svm,platt,-1.1366820155438186,0.04244290824345436
3,ckd-0001,1,classical_rbf_svm,isotonic,0.45207987354875145,1.0
3,ckd-0002,1,classical_rbf_svm,isotonic,1.3029427508010514,1.0
3,ckd-0006,1,classical_rbf_svm,isotonic,1.6241344346846054,1.0
3,ckd-0021,1,classical_rbf_svm,isotonic,1.4002724665522872,1.0
3,ckd-0023,1,classical_rbf_svm,isotonic,1.2337176127478133,1.0
3,ckd-0030,1,classical_rbf_svm,isotonic,1.38706869421034,1.0
3,ckd-0047,1,classical_rbf_svm,isotonic,1.2570663675746088,1.0
3,ckd-0049,1,classical_rbf_svm,isotonic,1.394509261587957,1.0
3,ckd-0051,1,classical_rbf_svm,isotonic,1.7472567871904054,1.0
3,ckd-0059,1,classical_rbf_svm,isotonic,1.8770872439495756,1.0
3,ckd-0063,1,classical_rbf_svm,isotonic,1.6427757216279115,1.0
3,ckd-0066,1,classical_rbf_svm,isotonic,0.5167184163170292,1.0
3,ckd-0076,1,classical_rbf_svm,isotonic,1.4153156608755215,1.0
3,ckd-0082,1,classical_rbf_svm,isotonic,1.6734570117201182,1.0
3,ckd-0085,1,classical_rbf_svm,isotonic,1.0399993137721983,1.0
3,ckd-0086,1,classical_rbf_svm,isotonic,1.8080791646583307,1.0
3,ckd-0106,1,classical_rbf_svm,isotonic,0.6134257814025298,1.0
3,ckd-0116,1,classical_rbf_svm,isotonic,0.8193079332095284,1.0
3,ckd-0125,1,classical_rbf_svm,isotonic,1.6136703737125528,1.0
3,ckd-0127,1,classical_rbf_svm,isotonic,1.8368404383615617,1.0
3,ckd-0133,1,classical_rbf_svm,isotonic,1.2929524500694545,1.0
3,ckd-0139,1,classical_rbf_svm,isotonic,1.2653055569930305,1.0
3,ckd-0140,1,classical_rbf_svm,isotonic,1.756862734748007,1.0
3,ckd-0147,1,classical_rbf_svm,isotonic,1.5236080566628645,1.0
3,ckd-0152,1,classical_rbf_svm,isotonic,1.7490143369970674,1.0
3,ckd-0156,1,classical_rbf_svm,isotonic,1.456572655320695,1.0
3,ckd-0196,1,classical_rbf_svm,isotonic,1.3805222426058994,1.0
3,ckd-0197,1,classical_rbf_svm,isotonic,1.1316520225058222,1.0
3,ckd-0206,1,classical_rbf_svm,isotonic,0.7910102579053633,1.0
3,ckd-0210,1,classical_rbf_svm,isotonic,0.22425705723049694,0.6767570342107977
3,ckd-0214,1,classical_rbf_svm,isotonic,1.5282734725086093,1.0
3,ckd-0220,1,classical_rbf_svm,isotonic,1.6228621895175634,1.0
3,ckd-0230,1,classical_rbf_svm,isotonic,1.3233739400286162,1.0
3,ckd-0231,1,classical_rbf_svm,isotonic,1.6759401177736524,1.0
3,ckd-0232,1,classical_rbf_svm,isotonic,1.5592198853313732,1.0
3,ckd-0233,1,classical_rbf_svm,isotonic,0.8493892138508917,1.0
3,ckd-0234,1,classical_rbf_svm,isotonic,1.4752251689605997,1.0
3,ckd-0237,1,classical_rbf_svm,isotonic,1.630205426295754,1.0
3,ckd-0238,1,classical_rbf_svm,isotonic,1.803213593359679,1.0
3,ckd-0242,1,classical_rbf_svm,isotonic,1.6704193953215323,1.0
3,ckd-0252,0,classical_rbf_svm,isotonic,-1.094835470321602,0.0
3,ckd-0255,0,classical_rbf_svm,isotonic,-1.0705915977390608,0.0
3,ckd-0262,0,classical_rbf_svm,isotonic,-1.0782819708242966,0.0
3,ckd-0271,0,classical_rbf_svm,isotonic,-1.0090422029276147,0.0
3,ckd-0279,0,classical_rbf_svm,isotonic,-1.0832134011333407,0.0
3,ckd-0284,0,classical_rbf_svm,isotonic,-1.2032981238797675,0.0
3,ckd-0290,0,classical_rbf_svm,isotonic,-1.2183119411675385,0.0
3,ckd-0294,0,classical_rbf_svm,isotonic,-1.2785988423152301,0.0
3,ckd-0299,0,classical_rbf_svm,isotonic,-1.0217387084136456,0.0
3,ckd-0303,0,classical_rbf_svm,isotonic,-1.267295426809219,0.0
3,ckd-0314,0,classical_rbf_svm,isotonic,-1.0389314122315974,0.0
3,ckd-0324,0,classical_rbf_svm,isotonic,-1.3914716142954715,0.0
3,ckd-0335,0,classical_rbf_svm,isotonic,-1.2913627241824503,0.0
3,ckd-0345,0,classical_rbf_svm,isotonic,-0.9397299580045915,0.0
3,ckd-0348,0,classical_rbf_svm,isotonic,-1.1209301582070026,0.0
3,ckd-0350,0,classical_rbf_svm,isotonic,-1.235195812351046,0.0
3,ckd-0351,0,classical_rbf_svm,isotonic,-1.3217166530257858,0.0
3,ckd-0357,0,classical_rbf_svm,isotonic,-1.2932119422588704,0.0
3,ckd-0365,0,classical_rbf_svm,isotonic,-1.3523432682002827,0.0
3,ckd-0370,0,classical_rbf_svm,isotonic,-0.9976364776482831,0.0
3,ckd-0371,0,classical_rbf_svm,isotonic,-1.2704473615737948,0.0
3,ckd-0372,0,classical_rbf_svm,isotonic,-1.0423932723401812,0.0
3,ckd-0381,0,classical_rbf_svm,isotonic,-1.09169653442284,0.0
3,ckd-0382,0,classical_rbf_svm,isotonic,-1.1366820155438186,0.0
3,ckd-0001,1,qsvc,platt,0.8582703583456696,0.9531889586934346
3,ckd-0002,1,qsvc,platt,-0.1307086055240504,0.5526825018718388
3,ckd-0006,1,qsvc,platt,0.9987232434871397,0.968066776668302
3,ckd-0021,1,qsvc,platt,0.9000945831947019,0.9582015575681663
3,ckd-0023,1,qsvc,platt,0.8976034490755231,0.9579179433832966
3,ckd-0030,1,qsvc,platt,0.4149578876197822,0.8529100541641934
3,ckd-0047,1,qsvc,platt,1.120686676005005,0.9771842926216331
3,ckd-0049,1,qsvc,platt,0.9957426803988954,0.9678046732159877
3,ckd-0051,1,qsvc,platt,0.9714695678630237,0.965591372009163
3,ckd-0059,1,qsvc,platt,0.9298084974149352,0.9614464489960984
3,ckd-0063,1,qsvc,platt,0.9755388933332476,0.9659724044984547
3,ckd-0066,1,qsvc,platt,0.21076838341615522,0.7647783946470363
3,ckd-0076,1,qsvc,platt,0.587239898863402,0.9042837159000267
3,ckd-0082,1,qsvc,platt,0.9117631807476522,0.9595058521542545
3,ckd-0085,1,qsvc,platt,0.8695298515834954,0.9545920457130297
3,ckd-0086,1,qsvc,platt,0.8987410934670743,0.9580476910831567
3,ckd-0106,1,qsvc,platt,0.8953307050863585,0.957657588552367
3,ckd-0116,1,qsvc,platt,0.4168788869037821,0.8535915885093824
3,ckd-0125,1,qsvc,platt,0.9417242563799573,0.9626786044252685
3,ckd-0127,1,qsvc,platt,0.9859767404879808,0.9669312317592403
3,ckd-0133,1,qsvc,platt,0.7746150814056166,0.9414017244726806
3,ckd-0139,1,qsvc,platt,0.931898979856921,0.9616654056527325
3,ckd-0140,1,qsvc,platt,0.9898660869418237,0.9672817944515123
3,ckd-0147,1,qsvc,platt,0.9353852614373651,0.9620279044712664
3,ckd-0152,1,qsvc,platt,0.9917200183211672,0.9674476306194179
3,ckd-0156,1,qsvc,platt,0.5715605567982596,0.9003687715576721
3,ckd-0196,1,qsvc,platt,0.9211558330801459,0.9605273392734425
3,ckd-0197,1,qsvc,platt,0.9492980020479892,0.9634420031848282
3,ckd-0206,1,qsvc,platt,0.9359527453269565,0.9620865982375489
3,ckd-0210,1,qsvc,platt,-0.5040044399818628,0.3002340446256773
3,ckd-0214,1,qsvc,platt,1.01556124074056,0.969509141932325
3,ckd-0220,1,qsvc,platt,0.9648867076347851,0.9649662576952324
3,ckd-0230,1,qsvc,platt,0.8770213475846591,0.9555033016849335
3,ckd-0231,1,qsvc,platt,0.9575382368638845,0.9642555131048591
3,ckd-0232,1,qsvc,platt,1.064768957604787,0.9733716217398848
3,ckd-0233,1,qsvc,platt,0.9895702075069945,0.9672552522935363
3,ckd-0234,1,qsvc,platt,0.9944961884845287,0.9676944440504309
3,ckd-0237,1,qsvc,platt,0.9529978654395074,0.9638094493047198
3,ckd-0238,1,qsvc,platt,0.9382580647871717,0.9623241380745873
3,ckd-0242,1,qsvc,platt,1.0143286900806838,0.9694057355377224
3,ckd-0252,0,qsvc,platt,-0.9112084894904082,0.11920732838182621
3,ckd-0255,0,qsvc,platt,-0.8303320842553472,0.1454425790099916
3,ckd-0262,0,qsvc,platt,-1.011041824420567,0.09255529284095612
3,ckd-0271,0,qsvc,platt,-0.9725606481882616,0.10212864000750263
3,ckd-0279,0,qsvc,platt,-1.3873423278998085,0.03392666261575443
3,ckd-0284,0,qsvc,platt,-1.2079758824245017,0.0551577582212968
3,ckd-0290,0,qsvc,platt,-1.1934907526900593,0.057336156863891784
3,ckd-0294,0,qsvc,platt,-1.3734500799594218,0.035240727817289805
3,ckd-0299,0,qsvc,platt,-1.0653438699762836,0.08041763268855757
3,ckd-0303,0,qsvc,platt,-1.3650983755375439,0.03605417635920931
3,ckd-0314,0,qsvc,platt,-0.5416756411529939,0.2782976804727331
3,ckd-0324,0,qsvc,platt,-1.2525642004445587,0.04893184228348341
3,ckd-0335,0,qsvc,platt,-1.2253574680511559,0.052646644385049055
3,ckd-0345,0,qsvc,platt,-1.2793224266659653,0.045521764273389755
3,ckd-0348,0,qsvc,platt,-0.4473985726003944,0.3349688804299193
3,ckd-0350,0,qsvc,platt,-0.9763856879661765,0.10113909962967504
3,ckd-0351,0,qsvc,platt,-1.0928176103725653,0.07484580086231922
3,ckd-0357,0,qsvc,platt,-0.9506414939813461,0.10796601338278418
3,ckd-0365,0,qsvc,platt,-1.395086541619821,0.033214791708735564
3,ckd-0370,0,qsvc,platt,-1.2716106128971645,0.046480651220265005
3,ckd-0371,0,qsvc,platt,-1.160544263540975,0.06259514611822209
3,ckd-0372,0,qsvc,platt,-0.7302167076047053,0.18435216464990956
3,ckd-0381,0,qsvc,platt,-1.0271487887644084,0.08879286218386417
3,ckd-0382,0,qsvc,platt,-0.7352713781301214,0.18220835448644818
3,ckd-0001,1,qsvc,isotonic,0.8582703583456696,1.0
3,ckd-0002,1,qsvc,isotonic,-0.1307086055240504,0.4489486304910514
3,ckd-0006,1,qsvc,isotonic,0.9987232434871397,1.0
3,ckd-0021,1,qsvc,isotonic,0.9000945831947019,1.0
3,ckd-0023,1,qsvc,isotonic,0.8976034490755231,1.0
3,ckd-0030,1,qsvc,isotonic,0.4149578876197822,0.9109654961883105
3,ckd-0047,1,qsvc,isotonic,1.120686676005005,1.0
3,ckd-0049,1,qsvc,isotonic,0.9957426803988954,1.0
3,ckd-0051,1,qsvc,isotonic,0.9714695678630237,1.0
3,ckd-0059,1,qsvc,isotonic,0.9298084974149352,1.0
3,ckd-0063,1,qsvc,isotonic,0.9755388933332476,1.0
3,ckd-0066,1,qsvc,isotonic,0.21076838341615522,0.7380778515816072
3,ckd-0076,1,qsvc,isotonic,0.587239898863402,1.0
3,ckd-0082,1,qsvc,isotonic,0.9117631807476522,1.0
3,ckd-0085,1,qsvc,isotonic,0.8695298515834954,1.0
3,ckd-0086,1,qsvc,isotonic,0.8987410934670743,1.0
3,ckd-0106,1,qsvc,isotonic,0.8953307050863585,1.0
3,ckd-0116,1,qsvc,isotonic,0.4168788869037821,0.912592009964311
3,ckd-0125,1,qsvc,isotonic,0.9417242563799573,1.0
3,ckd-0127,1,qsvc,isotonic,0.9859767404879808,1.0
3,ckd-0133,1,qsvc,isotonic,0.7746150814056166,1.0
3,ckd-0139,1,qsvc,isotonic,0.931898979856921,1.0
3,ckd-0140,1,qsvc,isotonic,0.9898660869418237,1.0
3,ckd-0147,1,qsvc,isotonic,0.9353852614373651,1.0
3,ckd-0152,1,qsvc,isotonic,0.9917200183211672,1.0
3,ckd-0156,1,qsvc,isotonic,0.5715605567982596,1.0
3,ckd-0196,1,qsvc,isotonic,0.9211558330801459,1.0
3,ckd-0197,1,qsvc,isotonic,0.9492980020479892,1.0
3,ckd-0206,1,qsvc,isotonic,0.9359527453269565,1.0
3,ckd-0210,1,qsvc,isotonic,-0.5040044399818628,0.25
3,ckd-0214,1,qsvc,isotonic,1.01556124074056,1.0
3,ckd-0220,1,qsvc,isotonic,0.9648867076347851,1.0
3,ckd-0230,1,qsvc,isotonic,0.8770213475846591,1.0
3,ckd-0231,1,qsvc,isotonic,0.9575382368638845,1.0
3,ckd-0232,1,qsvc,isotonic,1.064768957604787,1.0
3,ckd-0233,1,qsvc,isotonic,0.9895702075069945,1.0
3,ckd-0234,1,qsvc,isotonic,0.9944961884845287,1.0
3,ckd-0237,1,qsvc,isotonic,0.9529978654395074,1.0
3,ckd-0238,1,qsvc,isotonic,0.9382580647871717,1.0
3,ckd-0242,1,qsvc,isotonic,1.0143286900806838,1.0
3,ckd-0252,0,qsvc,isotonic,-0.9112084894904082,0.0
3,ckd-0255,0,qsvc,isotonic,-0.8303320842553472,0.0
3,ckd-0262,0,qsvc,isotonic,-1.011041824420567,0.0
3,ckd-0271,0,qsvc,isotonic,-0.9725606481882616,0.0
3,ckd-0279,0,qsvc,isotonic,-1.3873423278998085,0.0
3,ckd-0284,0,qsvc,isotonic,-1.2079758824245017,0.0
3,ckd-0290,0,qsvc,isotonic,-1.1934907526900593,0.0
3,ckd-0294,0,qsvc,isotonic,-1.3734500799594218,0.0
3,ckd-0299,0,qsvc,isotonic,-1.0653438699762836,0.0
3,ckd-0303,0,qsvc,isotonic,-1.3650983755375439,0.0
3,ckd-0314,0,qsvc,isotonic,-0.5416756411529939,0.25
3,ckd-0324,0,qsvc,isotonic,-1.2525642004445587,0.0
3,ckd-0335,0,qsvc,isotonic,-1.2253574680511559,0.0
3,ckd-0345,0,qsvc,isotonic,-1.2793224266659653,0.0
3,ckd-0348,0,qsvc,isotonic,-0.4473985726003944,0.25
3,ckd-0350,0,qsvc,isotonic,-0.9763856879661765,0.0
3,ckd-0351,0,qsvc,isotonic,-1.0928176103725653,0.0
3,ckd-0357,0,qsvc,isotonic,-0.9506414939813461,0.0
3,ckd-0365,0,qsvc,isotonic,-1.395086541619821,0.0
3,ckd-0370,0,qsvc,isotonic,-1.2716106128971645,0.0
3,ckd-0371,0,qsvc,isotonic,-1.160544263540975,0.0
3,ckd-0372,0,qsvc,isotonic,-0.7302167076047053,0.0
3,ckd-0381,0,qsvc,isotonic,-1.0271487887644084,0.0
3,ckd-0382,0,qsvc,isotonic,-0.7352713781301214,0.0
4,ckd-0008,1,classical_rbf_svm,platt,1.2266416760498167,0.9690251038529445
4,ckd-0013,1,classical_rbf_svm,platt,1.4105596631945956,0.980914785380469
4,ckd-0015,1,classical_rbf_svm,platt,0.9931766828004404,0.9433695215201405
4,ckd-0020,1,classical_rbf_svm,platt,1.6224758026427977,0.9891384637821065
4,ckd-0024,1,classical_rbf_svm,platt,1.324775515583692,0.9760608700538146
4,ckd-0028,1,classical_rbf_svm,platt,1.5428401435401438,0.9865686633865607
4,ckd-0031,1,classical_rbf_svm,platt,1.2536563314620246,0.9711405955728449
4,ckd-0033,1,classical_rbf_svm,platt,1.7405135119680746,0.9920785745349178
4,ckd-0045,1,classical_rbf_svm,platt,1.321400719170106,0.9758470857262427
4,ckd-0069,1,classical_rbf_svm,platt,1.6276172082127105,0.9892865598563483
4,ckd-0083,1,classical_rbf_svm,platt,0.762092323176514,0.8992695039579491
4,ckd-0094,1,classical_rbf_svm,platt,1.338141971368446,0.9768896082399263
4,ckd-0096,1,classical_rbf_svm,platt,1.1354111209603166,0.9607155891851553
4,ckd-0098,1,classical_rbf_svm,platt,1.8103731141095887,0.9934310219101353
4,ckd-0101,1,classical_rbf_svm,platt,1.2185821178392109,0.9683653961237656
4,ckd-0109,1,classical_rbf_svm,platt,0.8306686083400936,0.9148421756538535
4,ckd-0121,1,classical_rbf_svm,platt,0.6691094047926727,0.8741477863668485
4,ckd-0122,1,classical_rbf_svm,platt,1.0194618917405973,0.9470429680376261
4,ckd-0126,1,classical_rbf_svm,platt,1.2593508295175848,0.9715682973546116
4,ckd-0129,1,classical_rbf_svm,platt,1.1177357895278477,0.9588747752857013
4,ckd-0130,1,classical_rbf_svm,platt,0.8565351392498477,0.920126570020314
4,ckd-0134,1,classical_rbf_svm,platt,1.3122457622491628,0.9752577252340418
4,ckd-0141,1,classical_rbf_svm,platt,1.1747697419253695,0.9645347721695708
4,ckd-0158,1,classical_rbf_svm,platt,1.1208310331805393,0.9592029908075485
4,ckd-0161,1,classical_rbf_svm,platt,1.6001718149919943,0.988472215766593
4,ckd-0166,1,classical_rbf_svm,platt,0.4410443593548931,0.7895997924766069
4,ckd-0169,1,classical_rbf_svm,platt,1.332287199098476,0.9765301091659414
4,ckd-0178,1,classical_rbf_svm,platt,1.313053955234956,0.9753103127158389
4,ckd-0179,1,classical_rbf_svm,platt,1.4072632105691234,0.9807474864157164
4,ckd-0182,1,classical_rbf_svm,platt,1.103412648830371,0.9573227954455183
4,ckd-0183,1,classical_rbf_svm,platt,0.5148829652588147,0.820807898835608
4,ckd-0189,1,classical_rbf_svm,platt,0.10168113590312133,0.6002378200005354
4,ckd-0190,1,classical_rbf_svm,platt,1.173293047546601,0.9643981648067079
4,ckd-0199,1,classical_rbf_svm,platt,1.247486450159824,0.9706701429761218
4,ckd-0205,1,classical_rbf_svm,platt,1.1200048533726228,0.95911562998237
4,ckd-0208,1,classical_rbf_svm,platt,1.611902087073545,0.9888274995105518
4,ckd-0217,1,classical_rbf_svm,platt,1.2046485999587728,0.9671926945997958
4,ckd-0236,1,classical_rbf_svm,platt,1.3739027927219376,0.9789714634729089
4,ckd-0247,1,classical_rbf_svm,platt,1.2065487321189912,0.967355057004941
4,ckd-0249,1,classical_rbf_svm,platt,1.739656670989253,0.9920603774212229
4,ckd-0259,0,classical_rbf_svm,platt,-0.9787145586827963,0.07516669408092296
4,ckd-0266,0,classical_rbf_svm,platt,-1.1708284633697577,0.04615538658206543
4,ckd-0267,0,classical_rbf_svm,platt,-0.5505584081995001,0.20519046831659668
4,ckd-0273,0,classical_rbf_svm,platt,-1.1896789399337229,0.043966244284988604
4,ckd-0280,0,classical_rbf_svm,platt,-1.3600588343275424,0.028214878089105153
4,ckd-0282,0,classical_rbf_svm,platt,-1.1767133933559195,0.045461048592891504
4,ckd-0283,0,classical_rbf_svm,platt,-1.0750755785119936,0.058966071559289825
4,ckd-0285,0,classical_rbf_svm,platt,-1.1180503663303918,0.052848947962934566
4,ckd-0297,0,classical_rbf_svm,platt,-1.0349627783052155,0.06526917896173812
4,ckd-0305,0,classical_rbf_svm,platt,-1.0798563456656944,0.058254050587638107
4,ckd-0312,0,classical_rbf_svm,platt,-1.186361687066155,0.044344167729891415
4,ckd-0319,0,classical_rbf_svm,platt,-1.0396502899821598,0.06450145090256706
4,ckd-0322,0,classical_rbf_svm,platt,-1.105179351837456,0.05461532105537583
4,ckd-0328,0,classical_rbf_svm,platt,-1.092725861669235,0.05637722656394727
4,ckd-0332,0,classical_rbf_svm,platt,-1.1991240696285097,0.04290695299723954
4,ckd-0339,0,classical_rbf_svm,platt,-1.0402530219862214,0.06440334669240827
4,ckd-0361,0,classical_rbf_svm,platt,-1.2654177959035262,0.03613057384134702
4,ckd-0364,0,classical_rbf_svm,platt,-1.128755882523414,0.05142098816226436
4,ckd-0368,0,classical_rbf_svm,platt,-1.1264810697814605,0.051721329164380374
4,ckd-0377,0,classical_rbf_svm,platt,-1.132605000972578,0.050916547178544644
4,ckd-0379,0,classical_rbf_svm,platt,-1.236551044057901,0.0389444826639808
4,ckd-0385,0,classical_rbf_svm,platt,-1.045159356169312,0.06360991752258172
4,ckd-0391,0,classical_rbf_svm,platt,-1.2838770629299405,0.03443485316283318
4,ckd-0396,0,classical_rbf_svm,platt,-1.2729411744507504,0.03542996174483226
4,ckd-0008,1,classical_rbf_svm,isotonic,1.2266416760498167,1.0
4,ckd-0013,1,classical_rbf_svm,isotonic,1.4105596631945956,1.0
4,ckd-0015,1,classical_rbf_svm,isotonic,0.9931766828004404,1.0
4,ckd-0020,1,classical_rbf_svm,isotonic,1.6224758026427977,1.0
4,ckd-0024,1,classical_rbf_svm,isotonic,1.324775515583692,1.0
4,ckd-0028,1,classical_rbf_svm,isotonic,1.5428401435401438,1.0
4,ckd-0031,1,classical_rbf_svm,isotonic,1.2536563314620246,1.0
4,ckd-0033,1,classical_rbf_svm,isotonic,1.7405135119680746,1.0
4,ckd-0045,1,classical_rbf_svm,isotonic,1.321400719170106,1.0
4,ckd-0069,1,classical_rbf_svm,isotonic,1.6276172082127105,1.0
4,ckd-0083,1,classical_rbf_svm,isotonic,0.762092323176514,1.0
4,ckd-0094,1,classical_rbf_svm,isotonic,1.338141971368446,1.0
4,ckd-0096,1,classical_rbf_svm,isotonic,1.1354111209603166,1.0
4,ckd-0098,1,classical_rbf_svm,isotonic,1.8103731141095887,1.0
4,ckd-0101,1,classical_rbf_svm,isotonic,1.2185821178392109,1.0
4,ckd-0109,1,classical_rbf_svm,isotonic,0.8306686083400936,1.0
4,ckd-0121,1,classical_rbf_svm,isotonic,0.6691094047926727,1.0
4,ckd-0122,1,classical_rbf_svm,isotonic,1.0194618917405973,1.0
4,ckd-0126,1,classical_rbf_svm,isotonic,1.2593508295175848,1.0
4,ckd-0129,1,classical_rbf_svm,isotonic,1.1177357895278477,1.0
4,ckd-0130,1,classical_rbf_svm,isotonic,0.8565351392498477,1.0
4,ckd-0134,1,classical_rbf_svm,isotonic,1.3122457622491628,1.0
4,ckd-0141,1,classical_rbf_svm,isotonic,1.1747697419253695,1.0
4,ckd-0158,1,classical_rbf_svm,isotonic,1.1208310331805393,1.0
4,ckd-0161,1,classical_rbf_svm,isotonic,1.6001718149919943,1.0
4,ckd-0166,1,classical_rbf_svm,isotonic,0.4410443593548931,1.0
4,ckd-0169,1,classical_rbf_svm,isotonic,1.332287199098476,1.0
4,ckd-0178,1,classical_rbf_svm,isotonic,1.313053955234956,1.0
4,ckd-0179,1,classical_rbf_svm,isotonic,1.4072632105691234,1.0
4,ckd-0182,1,classical_rbf_svm,isotonic,1.103412648830371,1.0
4,ckd-0183,1,classical_rbf_svm,isotonic,0.5148829652588147,1.0
4,ckd-0189,1,classical_rbf_svm,isotonic,0.10168113590312133,0.7498599542963935
4,ckd-0190,1,classical_rbf_svm,isotonic,1.173293047546601,1.0
4,ckd-0199,1,classical_rbf_svm,isotonic,1.247486450159824,1.0
4,ckd-0205,1,classical_rbf_svm,isotonic,1.1200048533726228,1.0
4,ckd-0208,1,classical_rbf_svm,isotonic,1.611902087073545,1.0
4,ckd-0217,1,classical_rbf_svm,isotonic,1.2046485999587728,1.0
4,ckd-0236,1,classical_rbf_svm,isotonic,1.3739027927219376,1.0
4,ckd-0247,1,classical_rbf_svm,isotonic,1.2065487321189912,1.0
4,ckd-0249,1,classical_rbf_svm,isotonic,1.739656670989253,1.0
4,ckd-0259,0,classical_rbf_svm,isotonic,-0.9787145586827963,0.0
4,ckd-0266,0,classical_rbf_svm,isotonic,-1.1708284633697577,0.0
4,ckd-0267,0,classical_rbf_svm,isotonic,-0.5505584081995001,0.0
4,ckd-0273,0,classical_rbf_svm,isotonic,-1.1896789399337229,0.0
4,ckd-0280,0,classical_rbf_svm,isotonic,-1.3600588343275424,0.0
4,ckd-0282,0,classical_rbf_svm,isotonic,-1.1767133933559195,0.0
4,ckd-0283,0,classical_rbf_svm,isotonic,-1.0750755785119936,0.0
4,ckd-0285,0,classical_rbf_svm,isotonic,-1.1180503663303918,0.0
4,ckd-0297,0,classical_rbf_svm,isotonic,-1.0349627783052155,0.0
4,ckd-0305,0,classical_rbf_svm,isotonic,-1.0798563456656944,0.0
4,ckd-0312,0,classical_rbf_svm,isotonic,-1.186361687066155,0.0
4,ckd-0319,0,classical_rbf_svm,isotonic,-1.0396502899821598,0.0
4,ckd-0322,0,classical_rbf_svm,isotonic,-1.105179351837456,0.0
4,ckd-0328,0,classical_rbf_svm,isotonic,-1.092725861669235,0.0
4,ckd-0332,0,classical_rbf_svm,isotonic,-1.1991240696285097,0.0
4,ckd-0339,0,classical_rbf_svm,isotonic,-1.0402530219862214,0.0
4,ckd-0361,0,classical_rbf_svm,isotonic,-1.2654177959035262,0.0
4,ckd-0364,0,classical_rbf_svm,isotonic,-1.128755882523414,0.0
4,ckd-0368,0,classical_rbf_svm,isotonic,-1.1264810697814605,0.0
4,ckd-0377,0,classical_rbf_svm,isotonic,-1.132605000972578,0.0
4,ckd-0379,0,classical_rbf_svm,isotonic,-1.236551044057901,0.0
4,ckd-0385,0,classical_rbf_svm,isotonic,-1.045159356169312,0.0
4,ckd-0391,0,classical_rbf_svm,isotonic,-1.2838770629299405,0.0
4,ckd-0396,0,classical_rbf_svm,isotonic,-1.2729411744507504,0.0
4,ckd-0008,1,qsvc,platt,0.9410983082626885,0.9568678625529833
4,ckd-0013,1,qsvc,platt,0.9978573266576524,0.9633505291576946
4,ckd-0015,1,qsvc,platt,0.9068470195792548,0.952440166717661
4,ckd-0020,1,qsvc,platt,0.9892193598348735,0.9624281470290789
4,ckd-0024,1,qsvc,platt,0.8913686104737863,0.9503004486511235
4,ckd-0028,1,qsvc,platt,0.99354987341214,0.9628933246476152
4,ckd-0031,1,qsvc,platt,1.0103994007127761,0.9646511167064263
4,ckd-0033,1,qsvc,platt,0.9764105497860416,0.9610192221020701
4,ckd-0045,1,qsvc,platt,1.0081394543590207,0.9644200947486524
4,ckd-0069,1,qsvc,platt,1.0719600271427172,0.9704154056709188
4,ckd-0083,1,qsvc,platt,0.9813331206096741,0.961566587241772
4,ckd-0094,1,qsvc,platt,1.002892917901553,0.9638781506149718
4,ckd-0096,1,qsvc,platt,0.9874497582688876,0.9622364503574041
4,ckd-0098,1,qsvc,platt,0.9671412360564879,0.9599681566451337
4,ckd-0101,1,qsvc,platt,1.0063981864106841,0.9642411032966564
4,ckd-0109,1,qsvc,platt,1.0856645411688302,0.9715688208516622
4,ckd-0121,1,qsvc,platt,0.9511963496043551,0.9580963100958302
4,ckd-0122,1,qsvc,platt,0.8851031946702418,0.9494086362106269
4,ckd-0126,1,qsvc,platt,1.0196213728638464,0.9655789338350412
4,ckd-0129,1,qsvc,platt,1.013787664850497,0.9649947749907627
4,ckd-0130,1,qsvc,platt,0.9370791759302262,0.9563694195230648
4,ckd-0134,1,qsvc,platt,1.0092358161630588,0.9645323508646227
4,ckd-0141,1,qsvc,platt,0.7806701222093226,0.9321355265934927
4,ckd-0158,1,qsvc,platt,0.9691611324119298,0.9601994865745204
4,ckd-0161,1,qsvc,platt,1.0224187071974753,0.9658556998256855
4,ckd-0166,1,qsvc,platt,0.7171517753545231,0.9190972573850762
4,ckd-0169,1,qsvc,platt,1.0180512262200874,0.9654226380986021
4,ckd-0178,1,qsvc,platt,0.9580409647892367,0.9589098723029594
4,ckd-0179,1,qsvc,platt,0.9692821949992684,0.9602133105701894
4,ckd-0182,1,qsvc,platt,0.9715997839314141,0.9604770675248598
4,ckd-0183,1,qsvc,platt,0.6861935053784226,0.9119457194069437
4,ckd-0189,1,qsvc,platt,0.2388076705663119,0.7311838842762877
4,ckd-0190,1,qsvc,platt,1.005023104592796,0.9640991410744915
4,ckd-0199,1,qsvc,platt,0.9712530440013339,0.960437713146773
4,ckd-0205,1,qsvc,platt,0.9092540740243674,0.9527649522903753
4,ckd-0208,1,qsvc,platt,1.0025779267641113,0.9638453617865835
4,ckd-0217,1,qsvc,platt,0.7644737154754954,0.9290088741863398
4,ckd-0236,1,qsvc,platt,1.03911021281837,0.9674630380029429
4,ckd-0247,1,qsvc,platt,0.9027127992169776,0.9518773767506252
4,ckd-0249,1,qsvc,platt,1.006643758967329,0.9642663990388213
4,ckd-0259,0,qsvc,platt,-1.2783634250991152,0.02837805848323324
4,ckd-0266,0,qsvc,platt,-1.3811928367726702,0.021027942738130304
4,ckd-0267,0,qsvc,platt,-0.7173331009168752,0.13508346122264334
4,ckd-0273,0,qsvc,platt,-1.4198741924185296,0.018775504920860418
4,ckd-0280,0,qsvc,platt,-1.3411944310855275,0.023634770845731044
4,ckd-0282,0,qsvc,platt,-1.4040912808787187,0.01966446366854925
4,ckd-0283,0,qsvc,platt,-1.4260519228881696,0.018438387512538148
4,ckd-0285,0,qsvc,platt,-0.678969900701159,0.14904718561000913
4,ckd-0297,0,qsvc,platt,-0.7076422955741685,0.13850298392986976
4,ckd-0305,0,qsvc,platt,-0.7788240986101459,0.11501553481616407
4,ckd-0312,0,qsvc,platt,-1.116108921880706,0.04528395145375562
4,ckd-0319,0,qsvc,platt,-0.5360421091221844,0.2116578110705916
4,ckd-0322,0,qsvc,platt,-1.3027636989702147,0.0264351599388932
4,ckd-0328,0,qsvc,platt,-0.9061017255874982,0.08159537038443009
4,ckd-0332,0,qsvc,platt,-1.018546060543791,0.05969816371939613
4,ckd-0339,0,qsvc,platt,-0.5924507503091271,0.18489396623881896
4,ckd-0361,0,qsvc,platt,-1.4844199127475597,0.015532905605348288
4,ckd-0364,0,qsvc,platt,-0.6751904140088446,0.15048541508169092
4,ckd-0368,0,qsvc,platt,-0.743453234479584,0.12622036798716238
4,ckd-0377,0,qsvc,platt,-0.6725624442306523,0.15149216806736554
4,ckd-0379,0,qsvc,platt,-1.5090533538850073,0.014446438910479484
4,ckd-0385,0,qsvc,platt,-1.2565869122698543,0.030228580842214837
4,ckd-0391,0,qsvc,platt,-0.8488515126275659,0.09536876954004174
4,ckd-0396,0,qsvc,platt,-1.4603100095372419,0.016674025139373005
4,ckd-0008,1,qsvc,isotonic,0.9410983082626885,1.0
4,ckd-0013,1,qsvc,isotonic,0.9978573266576524,1.0
4,ckd-0015,1,qsvc,isotonic,0.9068470195792548,1.0
4,ckd-0020,1,qsvc,isotonic,0.9892193598348735,1.0
4,ckd-0024,1,qsvc,isotonic,0.8913686104737863,1.0
4,ckd-0028,1,qsvc,isotonic,0.99354987341214,1.0
4,ckd-0031,1,qsvc,isotonic,1.0103994007127761,1.0
4,ckd-0033,1,qsvc,isotonic,0.9764105497860416,1.0
4,ckd-0045,1,qsvc,isotonic,1.0081394543590207,1.0
4,ckd-0069,1,qsvc,isotonic,1.0719600271427172,1.0
4,ckd-0083,1,qsvc,isotonic,0.9813331206096741,1.0
4,ckd-0094,1,qsvc,isotonic,1.002892917901553,1.0
4,ckd-0096,1,qsvc,isotonic,0.9874497582688876,1.0
4,ckd-0098,1,qsvc,isotonic,0.9671412360564879,1.0
4,ckd-0101,1,qsvc,isotonic,1.0063981864106841,1.0
4,ckd-0109,1,qsvc,isotonic,1.0856645411688302,1.0
4,ckd-0121,1,qsvc,isotonic,0.9511963496043551,1.0
4,ckd-0122,1,qsvc,isotonic,0.8851031946702418,1.0
4,ckd-0126,1,qsvc,isotonic,1.0196213728638464,1.0
4,ckd-0129,1,qsvc,isotonic,1.013787664850497,1.0
4,ckd-0130,1,qsvc,isotonic,0.9370791759302262,1.0
4,ckd-0134,1,qsvc,isotonic,1.0092358161630588,1.0
4,ckd-0141,1,qsvc,isotonic,0.7806701222093226,1.0
4,ckd-0158,1,qsvc,isotonic,0.9691611324119298,1.0
4,ckd-0161,1,qsvc,isotonic,1.0224187071974753,1.0
4,ckd-0166,1,qsvc,isotonic,0.7171517753545231,1.0
4,ckd-0169,1,qsvc,isotonic,1.0180512262200874,1.0
4,ckd-0178,1,qsvc,isotonic,0.9580409647892367,1.0
4,ckd-0179,1,qsvc,isotonic,0.9692821949992684,1.0
4,ckd-0182,1,qsvc,isotonic,0.9715997839314141,1.0
4,ckd-0183,1,qsvc,isotonic,0.6861935053784226,1.0
4,ckd-0189,1,qsvc,isotonic,0.2388076705663119,1.0
4,ckd-0190,1,qsvc,isotonic,1.005023104592796,1.0
4,ckd-0199,1,qsvc,isotonic,0.9712530440013339,1.0
4,ckd-0205,1,qsvc,isotonic,0.9092540740243674,1.0
4,ckd-0208,1,qsvc,isotonic,1.0025779267641113,1.0
4,ckd-0217,1,qsvc,isotonic,0.7644737154754954,1.0
4,ckd-0236,1,qsvc,isotonic,1.03911021281837,1.0
4,ckd-0247,1,qsvc,isotonic,0.9027127992169776,1.0
4,ckd-0249,1,qsvc,isotonic,1.006643758967329,1.0
4,ckd-0259,0,qsvc,isotonic,-1.2783634250991152,0.0
4,ckd-0266,0,qsvc,isotonic,-1.3811928367726702,0.0
4,ckd-0267,0,qsvc,isotonic,-0.7173331009168752,0.0
4,ckd-0273,0,qsvc,isotonic,-1.4198741924185296,0.0
4,ckd-0280,0,qsvc,isotonic,-1.3411944310855275,0.0
4,ckd-0282,0,qsvc,isotonic,-1.4040912808787187,0.0
4,ckd-0283,0,qsvc,isotonic,-1.4260519228881696,0.0
4,ckd-0285,0,qsvc,isotonic,-0.678969900701159,0.0
4,ckd-0297,0,qsvc,isotonic,-0.7076422955741685,0.0
4,ckd-0305,0,qsvc,isotonic,-0.7788240986101459,0.0
4,ckd-0312,0,qsvc,isotonic,-1.116108921880706,0.0
4,ckd-0319,0,qsvc,isotonic,-0.5360421091221844,0.0
4,ckd-0322,0,qsvc,isotonic,-1.3027636989702147,0.0
4,ckd-0328,0,qsvc,isotonic,-0.9061017255874982,0.0
4,ckd-0332,0,qsvc,isotonic,-1.018546060543791,0.0
4,ckd-0339,0,qsvc,isotonic,-0.5924507503091271,0.0
4,ckd-0361,0,qsvc,isotonic,-1.4844199127475597,0.0
4,ckd-0364,0,qsvc,isotonic,-0.6751904140088446,0.0
4,ckd-0368,0,qsvc,isotonic,-0.743453234479584,0.0
4,ckd-0377,0,qsvc,isotonic,-0.6725624442306523,0.0
4,ckd-0379,0,qsvc,isotonic,-1.5090533538850073,0.0
4,ckd-0385,0,qsvc,isotonic,-1.2565869122698543,0.0
4,ckd-0391,0,qsvc,isotonic,-0.8488515126275659,0.0
4,ckd-0396,0,qsvc,isotonic,-1.4603100095372419,0.0
5,ckd-0004,1,classical_rbf_svm,platt,1.099717168893606,0.9698955290632479
5,ckd-0005,1,classical_rbf_svm,platt,1.6484455925148107,0.9933427411003858
5,ckd-0007,1,classical_rbf_svm,platt,0.91412773966381,0.9504558357865807
5,ckd-0014,1,classical_rbf_svm,platt,1.515010368093062,0.9903645242172204
5,ckd-0019,1,classical_rbf_svm,platt,0.7976111806728617,0.9326792198850038
5,ckd-0022,1,classical_rbf_svm,platt,0.90761286198525,0.9495917900633968
5,ckd-0025,1,classical_rbf_svm,platt,1.3943732155267203,0.9865551861271709
5,ckd-0027,1,classical_rbf_svm,platt,1.7620868798683231,0.9951447171904936
5,ckd-0032,1,classical_rbf_svm,platt,1.466872024839617,0.9889929220180389
5,ckd-0042,1,classical_rbf_svm,platt,1.0316852484927121,0.963822505382139
5,ckd-0075,1,classical_rbf_svm,platt,1.3805128952131054,0.9860318305873489
5,ckd-0088,1,classical_rbf_svm,platt,1.445615822211216,0.9883274047083926
5,ckd-0089,1,classical_rbf_svm,platt,1.3804150576106353,0.9860280658294831
5,ckd-0090,1,classical_rbf_svm,platt,-0.004563639000955688,0.595739888753645
5,ckd-0093,1,classical_rbf_svm,platt,1.4996989014201012,0.9899476872136704
5,ckd-0105,1,classical_rbf_svm,platt,1.228919898751484,0.978823056798963
5,ckd-0107,1,classical_rbf_svm,platt,1.0414328714705516,0.9647600678958673
5,ckd-0112,1,classical_rbf_svm,platt,1.4276464725711313,0.987733894012459
5,ckd-0113,1,classical_rbf_svm,platt,1.5524054765902253,0.9913119719789513
5,ckd-0117,1,classical_rbf_svm,platt,1.3197963158847656,0.983492544195292
5,ckd-0119,1,classical_rbf_svm,platt,1.4527187422331669,0.9885541020699782
5,ckd-0128,1,classical_rbf_svm,platt,1.343097973818589,0.984516721706471
5,ckd-0131,1,classical_rbf_svm,platt,1.0610298190344734,0.9665746175788477
5,ckd-0132,1,classical_rbf_svm,platt,1.3548188134812778,0.9850079848045628
5,ckd-0153,1,classical_rbf_svm,platt,1.6714372353375277,0.9937542845223339
5,ckd-0155,1,classical_rbf_svm,platt,0.9591314613613388,0.9560515092954409
5,ckd-0157,1,classical_rbf_svm,platt,1.380569144674491,0.9860339945948319
5,ckd-0167,1,classical_rbf_svm,platt,0.2918209735365086,0.7713033816110649
5,ckd-0173,1,classical_rbf_svm,platt,1.6453701999868273,0.99328568788106
5,ckd-0176,1,classical_rbf_svm,platt,1.29806150357418,0.9824773418777146
5,ckd-0177,1,classical_rbf_svm,platt,1.0892353029089952,0.9690287206438841
5,ckd-0181,1,classical_rbf_svm,platt,1.6709590768959626,0.993745988639298
5,ckd-0184,1,classical_rbf_svm,platt,0.9718070451577464,0.9575154875896952
5,ckd-0191,1,classical_rbf_svm,platt,1.1958883015953614,0.9768234580743717
5,ckd-0211,1,classical_rbf_svm,platt,1.0019506615475613,0.9608119711701226
5,ckd-0213,1,classical_rbf_svm,platt,1.0883144264901727,0.9689514233396912
5,ckd-0216,1,classical_rbf_svm,platt,1.4506113519466162,0.9884873002921859
5,ckd-0227,1,classical_rbf_svm,platt,1.0919809439097417,0.9692580824153586
5,ckd-0228,1,classical_rbf_svm,platt,1.723916909678732,0.9946013569198212
5,ckd-0246,1,classical_rbf_svm,platt,1.0705934679255804,0.9674270756885659
5,ckd-0253,0,classical_rbf_svm,platt,-1.3746437472079358,0.031082808608269903
5,ckd-0257,0,classical_rbf_svm,platt,-1.1181178654877946,0.06163388628019566
5,ckd-0265,0,classical_rbf_svm,platt,-1.0920774947036391,0.06597757610165002
5,ckd-0269,0,classical_rbf_svm,platt,-1.045012537489273,0.07455681844766016
5,ckd-0292,0,classical_rbf_svm,platt,-1.146446908654585,0.05721271417252626
5,ckd-0295,0,classical_rbf_svm,platt,-0.7309778698558113,0.16226560072751003
5,ckd-0300,0,classical_rbf_svm,platt,-1.1027740744304864,0.06415991150849876
5,ckd-0301,0,classical_rbf_svm,platt,-1.0563549430681318,0.0723998966564824
5,ckd-0302,0,classical_rbf_svm,platt,-1.1454493133521728,0.05736321529297412
5,ckd-0310,0,classical_rbf_svm,platt,-0.9120677114710819,0.10458055637075056
5,ckd-0316,0,classical_rbf_svm,platt,-1.1702136588979966,0.05373510137110996
5,ckd-0320,0,classical_rbf_svm,platt,-0.46997715054566014,0.28651502416531116
5,ckd-0326,0,classical_rbf_svm,platt,-0.9989401874802301,0.08393768037073762
5,ckd-0334,0,classical_rbf_svm,platt,-1.0818398723781115,0.06776196813538783
5,ckd-0342,0,classical_rbf_svm,platt,-0.9046734590997006,0.10653067492796846
5,ckd-0349,0,classical_rbf_svm,platt,-0.8503548992359117,0.12185904938381377
5,ckd-0352,0,classical_rbf_svm,platt,-0.9022404997135479,0.1071792997568561
5,ckd-0362,0,classical_rbf_svm,platt,-0.8299539756592852,0.12809002735525146
5,ckd-0369,0,classical_rbf_svm,platt,-1.3331737823588394,0.03476772040436687
5,ckd-0376,0,classical_rbf_svm,platt,-1.2043188022814681,0.04909170231004547
5,ckd-0386,0,classical_rbf_svm,platt,-1.0995431505526319,0.06470396804501216
5,ckd-0389,0,classical_rbf_svm,platt,-1.186950497929438,0.051406786255580775
5,ckd-0393,0,classical_rbf_svm,platt,-1.1160472327737452,0.061969268053073415
5,ckd-0398,0,classical_rbf_svm,platt,-1.2273582776391052,0.046172979893032824
5,ckd-0004,1,classical_rbf_svm,isotonic,1.099717168893606,1.0
5,ckd-0005,1,classical_rbf_svm,isotonic,1.6484455925148107,1.0
5,ckd-0007,1,classical_rbf_svm,isotonic,0.91412773966381,1.0
5,ckd-0014,1,classical_rbf_svm,isotonic,1.515010368093062,1.0
5,ckd-0019,1,classical_rbf_svm,isotonic,0.7976111806728617,1.0
5,ckd-0022,1,classical_rbf_svm,isotonic,0.90761286198525,1.0
5,ckd-0025,1,classical_rbf_svm,isotonic,1.3943732155267203,1.0
5,ckd-0027,1,classical_rbf_svm,isotonic,1.7620868798683231,1.0
5,ckd-0032,1,classical_rbf_svm,isotonic,1.466872024839617,1.0
5,ckd-0042,1,classical_rbf_svm,isotonic,1.0316852484927121,1.0
5,ckd-0075,1,classical_rbf_svm,isotonic,1.3805128952131054,1.0
5,ckd-0088,1,classical_rbf_svm,isotonic,1.445615822211216,1.0
5,ckd-0089,1,classical_rbf_svm,isotonic,1.3804150576106353,1.0
5,ckd-0090,1,classical_rbf_svm,isotonic,-0.004563639000955688,1.0
5,ckd-0093,1,classical_rbf_svm,isotonic,1.4996989014201012,1.0
5,ckd-0105,1,classical_rbf_svm,isotonic,1.228919898751484,1.0
5,ckd-0107,1,classical_rbf_svm,isotonic,1.0414328714705516,1.0
5,ckd-0112,1,classical_rbf_svm,isotonic,1.4276464725711313,1.0
5,ckd-0113,1,classical_rbf_svm,isotonic,1.5524054765902253,1.0
5,ckd-0117,1,classical_rbf_svm,isotonic,1.3197963158847656,1.0
5,ckd-0119,1,classical_rbf_svm,isotonic,1.4527187422331669,1.0
5,ckd-0128,1,classical_rbf_svm,isotonic,1.343097973818589,1.0
5,ckd-0131,1,classical_rbf_svm,isotonic,1.0610298190344734,1.0
5,ckd-0132,1,classical_rbf_svm,isotonic,1.3548188134812778,1.0
5,ckd-0153,1,classical_rbf_svm,isotonic,1.6714372353375277,1.0
5,ckd-0155,1,classical_rbf_svm,isotonic,0.9591314613613388,1.0
5,ckd-0157,1,classical_rbf_svm,isotonic,1.380569144674491,1.0
5,ckd-0167,1,classical_rbf_svm,isotonic,0.2918209735365086,1.0
5,ckd-0173,1,classical_rbf_svm,isotonic,1.6453701999868273,1.0
5,ckd-0176,1,classical_rbf_svm,isotonic,1.29806150357418,1.0
5,ckd-0177,1,classical_rbf_svm,isotonic,1.0892353029089952,1.0
5,ckd-0181,1,classical_rbf_svm,isotonic,1.6709590768959626,1.0
5,ckd-0184,1,classical_rbf_svm,isotonic,0.9718070451577464,1.0
5,ckd-0191,1,classical_rbf_svm,isotonic,1.1958883015953614,1.0
5,ckd-0211,1,classical_rbf_svm,isotonic,1.0019506615475613,1.0
5,ckd-0213,1,classical_rbf_svm,isotonic,1.0883144264901727,1.0
5,ckd-0216,1,classical_rbf_svm,isotonic,1.4506113519466162,1.0
5,ckd-0227,1,classical_rbf_svm,isotonic,1.0919809439097417,1.0
5,ckd-0228,1,classical_rbf_svm,isotonic,1.723916909678732,1.0
5,ckd-0246,1,classical_rbf_svm,isotonic,1.0705934679255804,1.0
5,ckd-0253,0,classical_rbf_svm,isotonic,-1.3746437472079358,0.0
5,ckd-0257,0,classical_rbf_svm,isotonic,-1.1181178654877946,0.0
5,ckd-0265,0,classical_rbf_svm,isotonic,-1.0920774947036391,0.0
5,ckd-0269,0,classical_rbf_svm,isotonic,-1.045012537489273,0.0
5,ckd-0292,0,classical_rbf_svm,isotonic,-1.146446908654585,0.0
5,ckd-0295,0,classical_rbf_svm,isotonic,-0.7309778698558113,0.0
5,ckd-0300,0,classical_rbf_svm,isotonic,-1.1027740744304864,0.0
5,ckd-0301,0,classical_rbf_svm,isotonic,-1.0563549430681318,0.0
5,ckd-0302,0,classical_rbf_svm,isotonic,-1.1454493133521728,0.0
5,ckd-0310,0,classical_rbf_svm,isotonic,-0.9120677114710819,0.0
5,ckd-0316,0,classical_rbf_svm,isotonic,-1.1702136588979966,0.0
5,ckd-0320,0,classical_rbf_svm,isotonic,-0.46997715054566014,0.05251051246052884
5,ckd-0326,0,classical_rbf_svm,isotonic,-0.9989401874802301,0.0
5,ckd-0334,0,classical_rbf_svm,isotonic,-1.0818398723781115,0.0
5,ckd-0342,0,classical_rbf_svm,isotonic,-0.9046734590997006,0.0
5,ckd-0349,0,classical_rbf_svm,isotonic,-0.8503548992359117,0.0
5,ckd-0352,0,classical_rbf_svm,isotonic,-0.9022404997135479,0.0
5,ckd-0362,0,classical_rbf_svm,isotonic,-0.8299539756592852,0.0
5,ckd-0369,0,classical_rbf_svm,isotonic,-1.3331737823588394,0.0
5,ckd-0376,0,classical_rbf_svm,isotonic,-1.2043188022814681,0.0
5,ckd-0386,0,classical_rbf_svm,isotonic,-1.0995431505526319,0.0
5,ckd-0389,0,classical_rbf_svm,isotonic,-1.186950497929438,0.0
5,ckd-0393,0,classical_rbf_svm,isotonic,-1.1160472327737452,0.0
5,ckd-0398,0,classical_rbf_svm,isotonic,-1.2273582776391052,0.0
5,ckd-0004,1,qsvc,platt,0.9357895092478951,0.968392279494967
5,ckd-0005,1,qsvc,platt,1.0197622013584413,0.9750753317355915
5,ckd-0007,1,qsvc,platt,0.958820447152561,0.9703809911611141
5,ckd-0014,1,qsvc,platt,0.9197823149671073,0.9669345987182798
5,ckd-0019,1,qsvc,platt,0.996753823632895,0.9733948709686983
5,ckd-0022,1,qsvc,platt,1.0128082681975659,0.9745786482712796
5,ckd-0025,1,qsvc,platt,0.9562869597685739,0.9701683051786371
5,ckd-0027,1,qsvc,platt,1.0170803508410848,0.9748849112304491
5,ckd-0032,1,qsvc,platt,0.9441563665096706,0.9691292666177121
5,ckd-0042,1,qsvc,platt,0.5119201125942193,0.8992094398121193
5,ckd-0075,1,qsvc,platt,0.9186682871667452,0.9668307682440306
5,ckd-0088,1,qsvc,platt,0.9828073311485968,0.9723231395000824
5,ckd-0089,1,qsvc,platt,0.9672290488914301,0.9710764062085692
5,ckd-0090,1,qsvc,platt,0.6040253385199226,0.9210401166816253
5,ckd-0093,1,qsvc,platt,1.0079055008772078,0.9742226885196796
5,ckd-0105,1,qsvc,platt,1.0000098431121391,0.9736392108142067
5,ckd-0107,1,qsvc,platt,0.9990174772469628,0.9735649734099842
5,ckd-0112,1,qsvc,platt,0.9931361656784405,0.9731208092184573
5,ckd-0113,1,qsvc,platt,1.0529752896972677,0.977320000631341
5,ckd-0117,1,qsvc,platt,1.1611249662218652,0.9833429430235718
5,ckd-0119,1,qsvc,platt,0.9527725996675411,0.9698708226433433
5,ckd-0128,1,qsvc,platt,0.9594522575174123,0.9704338021302682
5,ckd-0131,1,qsvc,platt,0.9282956481760751,0.967717762499639
5,ckd-0132,1,qsvc,platt,1.1533465897298618,0.9829680110465601
5,ckd-0153,1,qsvc,platt,0.9026577877797839,0.9653033318465819
5,ckd-0155,1,qsvc,platt,0.9178896086297458,0.9667580063682416
5,ckd-0157,1,qsvc,platt,0.9610365530814377,0.9705658270574943
5,ckd-0167,1,qsvc,platt,0.853404721663081,0.9601679710386845
5,ckd-0173,1,qsvc,platt,0.9641881781564853,0.9708267653891686
5,ckd-0176,1,qsvc,platt,0.9025548078084475,0.965293291119809
5,ckd-0177,1,qsvc,platt,-0.46490483561620366,0.34191063325641724
5,ckd-0181,1,qsvc,platt,0.8127295830248957,0.9553849463696088
5,ckd-0184,1,qsvc,platt,0.8949714198517784,0.9645461513005362
5,ckd-0191,1,qsvc,platt,0.6914391897155207,0.9376726639035607
5,ckd-0211,1,qsvc,platt,1.016035364609176,0.9748103305577073
5,ckd-0213,1,qsvc,platt,1.0006263912922722,0.9736852316613808
5,ckd-0216,1,qsvc,platt,0.8291956234969311,0.9573838463157306
5,ckd-0227,1,qsvc,platt,0.9381232848582497,0.9685995428511672
5,ckd-0228,1,qsvc,platt,1.0152541615360646,0.9747544352025831
5,ckd-0246,1,qsvc,platt,0.9856595885897006,0.9725456826617139
5,ckd-0253,0,qsvc,platt,-1.6502970343211447,0.01622036220424636
5,ckd-0257,0,qsvc,platt,-1.0338152105938287,0.09023824712221427
5,ckd-0265,0,qsvc,platt,-1.1084204151424748,0.07392636955439394
5,ckd-0269,0,qsvc,platt,-0.6793613878552166,0.21771810386711293
5,ckd-0292,0,qsvc,platt,-1.145414887547449,0.06688431778762546
5,ckd-0295,0,qsvc,platt,-0.9207495432106626,0.1211455009980238
5,ckd-0300,0,qsvc,platt,-0.968217723078823,0.10718782485203106
5,ckd-0301,0,qsvc,platt,-1.3239067934701767,0.04089062190930006
5,ckd-0302,0,qsvc,platt,-0.9355004614934993,0.11664800956359858
5,ckd-0310,0,qsvc,platt,-0.7714435371816816,0.17551430194645234
5,ckd-0316,0,qsvc,platt,-1.2643590573846377,0.04825591948314038
5,ckd-0320,0,qsvc,platt,-0.7077044109609473,0.20399457534602372
5,ckd-0326,0,qsvc,platt,-0.9855966179646721,0.1024422136034417
5,ckd-0334,0,qsvc,platt,-0.8593337021520845,0.14150293438259548
5,ckd-0342,0,qsvc,platt,-0.5238419276401917,0.3044193790822296
5,ckd-0349,0,qsvc,platt,-1.1301255339763574,0.06971589755263621
5,ckd-0352,0,qsvc,platt,-0.7150305391833297,0.20055376811785905
5,ckd-0362,0,qsvc,platt,-0.3349043475520689,0.43133744425946874
5,ckd-0369,0,qsvc,platt,-1.6232137893985703,0.017527473078439416
5,ckd-0376,0,qsvc,platt,-1.3390920638871924,0.03919190674645006
5,ckd-0386,0,qsvc,platt,-0.6988236446501311,0.2082241506674701
5,ckd-0389,0,qsvc,platt,-1.3883183798698573,0.034138707176607504
5,ckd-0393,0,qsvc,platt,-1.3886393867388538,0.03410791166959171
5,ckd-0398,0,qsvc,platt,-1.2271094329761194,0.05348657358356071
5,ckd-0004,1,qsvc,isotonic,0.9357895092478951,1.0
5,ckd-0005,1,qsvc,isotonic,1.0197622013584413,1.0
5,ckd-0007,1,qsvc,isotonic,0.958820447152561,1.0
5,ckd-0014,1,qsvc,isotonic,0.9197823149671073,1.0
5,ckd-0019,1,qsvc,isotonic,0.996753823632895,1.0
5,ckd-0022,1,qsvc,isotonic,1.0128082681975659,1.0
5,ckd-0025,1,qsvc,isotonic,0.9562869597685739,1.0
5,ckd-0027,1,qsvc,isotonic,1.0170803508410848,1.0
5,ckd-0032,1,qsvc,isotonic,0.9441563665096706,1.0
5,ckd-0042,1,qsvc,isotonic,0.5119201125942193,1.0
5,ckd-0075,1,qsvc,isotonic,0.9186682871667452,1.0
5,ckd-0088,1,qsvc,isotonic,0.9828073311485968,1.0
5,ckd-0089,1,qsvc,isotonic,0.9672290488914301,1.0
5,ckd-0090,1,qsvc,isotonic,0.6040253385199226,1.0
5,ckd-0093,1,qsvc,isotonic,1.0079055008772078,1.0
5,ckd-0105,1,qsvc,isotonic,1.0000098431121391,1.0
5,ckd-0107,1,qsvc,isotonic,0.9990174772469628,1.0
5,ckd-0112,1,qsvc,isotonic,0.9931361656784405,1.0
5,ckd-0113,1,qsvc,isotonic,1.0529752896972677,1.0
5,ckd-0117,1,qsvc,isotonic,1.1611249662218652,1.0
5,ckd-0119,1,qsvc,isotonic,0.9527725996675411,1.0
5,ckd-0128,1,qsvc,isotonic,0.9594522575174123,1.0
5,ckd-0131,1,qsvc,isotonic,0.9282956481760751,1.0
5,ckd-0132,1,qsvc,isotonic,1.1533465897298618,1.0
5,ckd-0153,1,qsvc,isotonic,0.9026577877797839,1.0
5,ckd-0155,1,qsvc,isotonic,0.9178896086297458,1.0
5,ckd-0157,1,qsvc,isotonic,0.9610365530814377,1.0
5,ckd-0167,1,qsvc,isotonic,0.853404721663081,1.0
5,ckd-0173,1,qsvc,isotonic,0.9641881781564853,1.0
5,ckd-0176,1,qsvc,isotonic,0.9025548078084475,1.0
5,ckd-0177,1,qsvc,isotonic,-0.46490483561620366,0.0
5,ckd-0181,1,qsvc,isotonic,0.8127295830248957,1.0
5,ckd-0184,1,qsvc,isotonic,0.8949714198517784,1.0
5,ckd-0191,1,qsvc,isotonic,0.6914391897155207,1.0
5,ckd-0211,1,qsvc,isotonic,1.016035364609176,1.0
5,ckd-0213,1,qsvc,isotonic,1.0006263912922722,1.0
5,ckd-0216,1,qsvc,isotonic,0.8291956234969311,1.0
5,ckd-0227,1,qsvc,isotonic,0.9381232848582497,1.0
5,ckd-0228,1,qsvc,isotonic,1.0152541615360646,1.0
5,ckd-0246,1,qsvc,isotonic,0.9856595885897006,1.0
5,ckd-0253,0,qsvc,isotonic,-1.6502970343211447,0.0
5,ckd-0257,0,qsvc,isotonic,-1.0338152105938287,0.0
5,ckd-0265,0,qsvc,isotonic,-1.1084204151424748,0.0
5,ckd-0269,0,qsvc,isotonic,-0.6793613878552166,0.0
5,ckd-0292,0,qsvc,isotonic,-1.145414887547449,0.0
5,ckd-0295,0,qsvc,isotonic,-0.9207495432106626,0.0
5,ckd-0300,0,qsvc,isotonic,-0.968217723078823,0.0
5,ckd-0301,0,qsvc,isotonic,-1.3239067934701767,0.0
5,ckd-0302,0,qsvc,isotonic,-0.9355004614934993,0.0
5,ckd-0310,0,qsvc,isotonic,-0.7714435371816816,0.0
5,ckd-0316,0,qsvc,isotonic,-1.2643590573846377,0.0
5,ckd-0320,0,qsvc,isotonic,-0.7077044109609473,0.0
5,ckd-0326,0,qsvc,isotonic,-0.9855966179646721,0.0
5,ckd-0334,0,qsvc,isotonic,-0.8593337021520845,0.0
5,ckd-0342,0,qsvc,isotonic,-0.5238419276401917,0.0
5,ckd-0349,0,qsvc,isotonic,-1.1301255339763574,0.0
5,ckd-0352,0,qsvc,isotonic,-0.7150305391833297,0.0
5,ckd-0362,0,qsvc,isotonic,-0.3349043475520689,0.5
5,ckd-0369,0,qsvc,isotonic,-1.6232137893985703,0.0
5,ckd-0376,0,qsvc,isotonic,-1.3390920638871924,0.0
5,ckd-0386,0,qsvc,isotonic,-0.6988236446501311,0.0
5,ckd-0389,0,qsvc,isotonic,-1.3883183798698573,0.0
5,ckd-0393,0,qsvc,isotonic,-1.3886393867388538,0.0
5,ckd-0398,0,qsvc,isotonic,-1.2271094329761194,0.0
