disease,repeat,fold,budget,model,fit_seconds,accuracy,sensitivity,specificity,precision,f1,roc_auc,pr_auc,tn,fp,fn,tp
Cleveland heart disease,1,1,13,classical_rbf_svm,0.0016170829912880436,0.8360655737704918,0.7142857142857143,0.9393939393939394,0.9090909090909091,0.8,0.8798701298701299,0.8970260488706571,31,2,8,20
Cleveland heart disease,1,1,8,classical_rbf_svm,0.0011163750023115426,0.8688524590163934,0.75,0.9696969696969697,0.9545454545454546,0.84,0.8831168831168831,0.8923642682206548,32,1,7,21
Cleveland heart disease,1,1,8,qsvc,0.3169959170045331,0.7704918032786885,0.6785714285714286,0.8484848484848485,0.7916666666666666,0.7307692307692307,0.8625541125541125,0.854819490898029,28,5,9,19
Cleveland heart disease,1,1,6,classical_rbf_svm,0.003047250007512048,0.7704918032786885,0.7142857142857143,0.8181818181818182,0.7692307692307693,0.7407407407407407,0.8311688311688312,0.8312317541854427,27,6,8,20
Cleveland heart disease,1,1,6,qsvc,0.26917683400097303,0.7049180327868853,0.6428571428571429,0.7575757575757576,0.6923076923076923,0.6666666666666666,0.762987012987013,0.749681894899807,25,8,10,18
Cleveland heart disease,1,2,13,classical_rbf_svm,0.0012835840025218204,0.8524590163934426,0.7857142857142857,0.9090909090909091,0.88,0.8301886792452831,0.920995670995671,0.9345255676001017,30,3,6,22
Cleveland heart disease,1,2,8,classical_rbf_svm,0.0011592500086408108,0.8688524590163934,0.8214285714285714,0.9090909090909091,0.8846153846153846,0.8518518518518519,0.9145021645021645,0.9282141167901922,30,3,5,23
Cleveland heart disease,1,2,8,qsvc,0.40370249999978114,0.7868852459016393,0.75,0.8181818181818182,0.7777777777777778,0.7636363636363637,0.8398268398268397,0.8275318863264549,27,6,7,21
Cleveland heart disease,1,2,6,classical_rbf_svm,0.0012619170011021197,0.8688524590163934,0.8214285714285714,0.9090909090909091,0.8846153846153846,0.8518518518518519,0.8966450216450217,0.9138237146459197,30,3,5,23
Cleveland heart disease,1,2,6,qsvc,0.3056988330063177,0.7868852459016393,0.75,0.8181818181818182,0.7777777777777778,0.7636363636363637,0.8046536796536797,0.768517626520086,27,6,7,21
Cleveland heart disease,1,3,13,classical_rbf_svm,0.0018648330005817115,0.8360655737704918,0.7142857142857143,0.9393939393939394,0.9090909090909091,0.8,0.8874458874458875,0.8979006437581618,31,2,8,20
Cleveland heart disease,1,3,8,classical_rbf_svm,0.0010271670034853742,0.819672131147541,0.6785714285714286,0.9393939393939394,0.9047619047619048,0.7755102040816326,0.882034632034632,0.8893902309424696,31,2,9,19
Cleveland heart disease,1,3,8,qsvc,0.4648613750032382,0.8032786885245902,0.7142857142857143,0.8787878787878788,0.8333333333333334,0.7692307692307693,0.8679653679653679,0.8417446119127039,29,4,8,20
Cleveland heart disease,1,3,6,classical_rbf_svm,0.0009830419876379892,0.8032786885245902,0.6785714285714286,0.9090909090909091,0.8636363636363636,0.76,0.876082251082251,0.8747176268638533,30,3,9,19
Cleveland heart disease,1,3,6,qsvc,0.32399858300050255,0.7868852459016393,0.7142857142857143,0.8484848484848485,0.8,0.7547169811320755,0.8446969696969697,0.8325356713826189,28,5,8,20
Cleveland heart disease,1,4,13,classical_rbf_svm,0.0013441670016618446,0.8333333333333334,0.8888888888888888,0.7878787878787878,0.7741935483870968,0.8275862068965517,0.8866442199775534,0.8278807566591253,26,7,3,24
Cleveland heart disease,1,4,8,classical_rbf_svm,0.0012698329956037924,0.8333333333333334,0.8518518518518519,0.8181818181818182,0.7931034482758621,0.8214285714285714,0.8911335578002244,0.8501855909549312,27,6,4,23
Cleveland heart disease,1,4,8,qsvc,0.4366934170102468,0.75,0.9259259259259259,0.6060606060606061,0.6578947368421053,0.7692307692307693,0.9236812570145903,0.9183597371617664,20,13,2,25
Cleveland heart disease,1,4,6,classical_rbf_svm,0.001406499999575317,0.8166666666666667,0.8518518518518519,0.7878787878787878,0.7666666666666667,0.8070175438596491,0.9012345679012345,0.8707638171379595,26,7,4,23
Cleveland heart disease,1,4,6,qsvc,0.3043492500000866,0.7333333333333333,0.8518518518518519,0.6363636363636364,0.6571428571428571,0.7419354838709677,0.8552188552188552,0.8475589929221321,21,12,4,23
Cleveland heart disease,1,5,13,classical_rbf_svm,0.0012230419961269945,0.8333333333333334,0.8214285714285714,0.84375,0.8214285714285714,0.8214285714285714,0.9430803571428572,0.9424678102610939,27,5,5,23
Cleveland heart disease,1,5,8,classical_rbf_svm,0.001297750000958331,0.8166666666666667,0.8571428571428571,0.78125,0.7741935483870968,0.8135593220338984,0.9162946428571429,0.9194020748050431,25,7,4,24
Cleveland heart disease,1,5,8,qsvc,0.37770200001250487,0.8,0.7857142857142857,0.8125,0.7857142857142857,0.7857142857142857,0.8560267857142856,0.8359301083621218,26,6,6,22
Cleveland heart disease,1,5,6,classical_rbf_svm,0.00105516699841246,0.85,0.8571428571428571,0.84375,0.8275862068965517,0.8421052631578947,0.9229910714285714,0.9238006364067659,27,5,4,24
Cleveland heart disease,1,5,6,qsvc,0.292039374995511,0.7666666666666667,0.7857142857142857,0.75,0.7333333333333333,0.7586206896551724,0.8794642857142857,0.8527041557482246,24,8,6,22
Cleveland heart disease,2,1,13,classical_rbf_svm,0.002110832996550016,0.8524590163934426,0.7142857142857143,0.9696969696969697,0.9523809523809523,0.8163265306122449,0.9090909090909091,0.8940147713431692,32,1,8,20
Cleveland heart disease,2,1,8,classical_rbf_svm,0.0010871670092456043,0.8360655737704918,0.7142857142857143,0.9393939393939394,0.9090909090909091,0.8,0.9069264069264069,0.8971266351514439,31,2,8,20
Cleveland heart disease,2,1,8,qsvc,0.4547996250039432,0.7868852459016393,0.6785714285714286,0.8787878787878788,0.8260869565217391,0.7450980392156863,0.8354978354978355,0.838086340073036,29,4,9,19
Cleveland heart disease,2,1,6,classical_rbf_svm,0.003077375004068017,0.8524590163934426,0.7142857142857143,0.9696969696969697,0.9523809523809523,0.8163265306122449,0.908008658008658,0.8942817491277731,32,1,8,20
Cleveland heart disease,2,1,6,qsvc,0.3354202920017997,0.7868852459016393,0.6785714285714286,0.8787878787878788,0.8260869565217391,0.7450980392156863,0.8170995670995671,0.8358563144854885,29,4,9,19
Cleveland heart disease,2,2,13,classical_rbf_svm,0.003688999990117736,0.7868852459016393,0.6785714285714286,0.8787878787878788,0.8260869565217391,0.7450980392156863,0.8452380952380952,0.8571124400714856,29,4,9,19
Cleveland heart disease,2,2,8,classical_rbf_svm,0.0010657919920049608,0.7868852459016393,0.7142857142857143,0.8484848484848485,0.8,0.7547169811320755,0.854978354978355,0.8685623927248293,28,5,8,20
Cleveland heart disease,2,2,8,qsvc,0.3713119170133723,0.7540983606557377,0.7142857142857143,0.7878787878787878,0.7407407407407407,0.7272727272727273,0.8268398268398268,0.817371291894899,26,7,8,20
Cleveland heart disease,2,2,6,classical_rbf_svm,0.001196042008814402,0.7213114754098361,0.6071428571428571,0.8181818181818182,0.7391304347826086,0.6666666666666666,0.8084415584415584,0.7956510489457674,27,6,11,17
Cleveland heart disease,2,2,6,qsvc,0.3349636249913601,0.7704918032786885,0.7142857142857143,0.8181818181818182,0.7692307692307693,0.7407407407407407,0.7943722943722943,0.8165530528156963,27,6,8,20
Cleveland heart disease,2,3,13,classical_rbf_svm,0.0012515830021584406,0.8032786885245902,0.8571428571428571,0.7575757575757576,0.75,0.8,0.882034632034632,0.8508706661664256,25,8,4,24
Cleveland heart disease,2,3,8,classical_rbf_svm,0.0010729999921750277,0.819672131147541,0.8571428571428571,0.7878787878787878,0.7741935483870968,0.8135593220338984,0.8733766233766234,0.8517544926656407,26,7,4,24
Cleveland heart disease,2,3,8,qsvc,0.40508412499912083,0.7377049180327869,0.8214285714285714,0.6666666666666666,0.6764705882352942,0.7419354838709677,0.8333333333333334,0.7648937226200248,22,11,5,23
Cleveland heart disease,2,3,6,classical_rbf_svm,0.001284625002881512,0.7704918032786885,0.8214285714285714,0.7272727272727273,0.71875,0.7666666666666667,0.8311688311688311,0.7870250612594631,24,9,5,23
Cleveland heart disease,2,3,6,qsvc,0.339955083996756,0.7213114754098361,0.8214285714285714,0.6363636363636364,0.6571428571428571,0.7301587301587301,0.7738095238095237,0.7077500646623126,21,12,5,23
Cleveland heart disease,2,4,13,classical_rbf_svm,0.001484583001001738,0.85,0.7407407407407407,0.9393939393939394,0.9090909090909091,0.8163265306122449,0.9360269360269361,0.9373754422301863,31,2,7,20
Cleveland heart disease,2,4,8,classical_rbf_svm,0.0011643750040093437,0.85,0.7777777777777778,0.9090909090909091,0.875,0.8235294117647058,0.9337822671156003,0.93412435291837,30,3,6,21
Cleveland heart disease,2,4,8,qsvc,0.41895166599715594,0.8166666666666667,0.7777777777777778,0.8484848484848485,0.8076923076923077,0.7924528301886793,0.8945005611672279,0.8822611638881006,28,5,6,21
Cleveland heart disease,2,4,6,classical_rbf_svm,0.0013039999903412536,0.85,0.7777777777777778,0.9090909090909091,0.875,0.8235294117647058,0.9315375982042648,0.9383112066270485,30,3,6,21
Cleveland heart disease,2,4,6,qsvc,0.3710431660001632,0.7833333333333333,0.7407407407407407,0.8181818181818182,0.7692307692307693,0.7547169811320755,0.8765432098765431,0.7928574257739481,27,6,7,20
Cleveland heart disease,2,5,13,classical_rbf_svm,0.005480500010889955,0.8833333333333333,0.8571428571428571,0.90625,0.8888888888888888,0.8727272727272727,0.9386160714285714,0.94876774387031,29,3,4,24
Cleveland heart disease,2,5,8,classical_rbf_svm,0.001215083000715822,0.85,0.8214285714285714,0.875,0.8518518518518519,0.8363636363636363,0.9263392857142857,0.9303198263403338,28,4,5,23
Cleveland heart disease,2,5,8,qsvc,0.3992628749983851,0.7833333333333333,0.8214285714285714,0.75,0.7419354838709677,0.7796610169491526,0.8638392857142858,0.8049336491411053,24,8,5,23
Cleveland heart disease,2,5,6,classical_rbf_svm,0.0011857079953188077,0.85,0.8214285714285714,0.875,0.8518518518518519,0.8363636363636363,0.8895089285714285,0.8931599972876283,28,4,5,23
Cleveland heart disease,2,5,6,qsvc,0.3451811670092866,0.7333333333333333,0.6428571428571429,0.8125,0.75,0.6923076923076923,0.8571428571428572,0.8085342276155065,26,6,10,18
Pima diabetes (Arizona Pima population),1,1,8,classical_rbf_svm,0.00804016699839849,0.7272727272727273,0.4444444444444444,0.88,0.6666666666666666,0.5333333333333333,0.8125925925925926,0.6554865414373147,88,12,30,24
Pima diabetes (Arizona Pima population),1,1,8,qsvc,3.118955707992427,0.6558441558441559,0.05555555555555555,0.98,0.6,0.1016949152542373,0.6531481481481481,0.5065717734121942,98,2,51,3
Pima diabetes (Arizona Pima population),1,2,8,classical_rbf_svm,0.005547667009523138,0.7467532467532467,0.4444444444444444,0.91,0.7272727272727273,0.5517241379310345,0.8396296296296296,0.7010151768251589,91,9,30,24
Pima diabetes (Arizona Pima population),1,2,8,qsvc,2.8485530000034487,0.6428571428571429,0.018518518518518517,0.98,0.3333333333333333,0.03508771929824561,0.6512962962962964,0.4632557244078853,98,2,53,1
Pima diabetes (Arizona Pima population),1,3,8,classical_rbf_svm,0.006057457998394966,0.7857142857142857,0.5740740740740741,0.9,0.7560975609756098,0.6526315789473685,0.8587037037037037,0.7667780971614047,90,10,23,31
Pima diabetes (Arizona Pima population),1,3,8,qsvc,3.0197202080016723,0.6298701298701299,0.037037037037037035,0.95,0.2857142857142857,0.06557377049180328,0.6696296296296297,0.4653415577216927,95,5,52,2
Pima diabetes (Arizona Pima population),1,4,8,classical_rbf_svm,0.00835212500533089,0.7777777777777778,0.6226415094339622,0.86,0.7021276595744681,0.66,0.8083018867924529,0.7271864654656304,86,14,20,33
Pima diabetes (Arizona Pima population),1,4,8,qsvc,2.8916388750076294,0.6470588235294118,0.07547169811320754,0.95,0.4444444444444444,0.12903225806451613,0.6335849056603774,0.45687459564905875,95,5,49,4
Pima diabetes (Arizona Pima population),1,5,8,classical_rbf_svm,0.006434958006138913,0.7581699346405228,0.5094339622641509,0.89,0.7105263157894737,0.5934065934065934,0.8358490566037736,0.7430823831631314,89,11,26,27
Pima diabetes (Arizona Pima population),1,5,8,qsvc,3.0484082920011133,0.6470588235294118,0.018867924528301886,0.98,0.3333333333333333,0.03571428571428571,0.6658490566037735,0.46415985557649586,98,2,52,1
Pima diabetes (Arizona Pima population),2,1,8,classical_rbf_svm,0.00473187500028871,0.7597402597402597,0.5185185185185185,0.89,0.717948717948718,0.6021505376344086,0.8327777777777777,0.7182953742081357,89,11,26,28
Pima diabetes (Arizona Pima population),2,1,8,qsvc,3.053792082995642,0.6493506493506493,0.07407407407407407,0.96,0.5,0.12903225806451613,0.6411111111111111,0.45384360843917215,96,4,50,4
Pima diabetes (Arizona Pima population),2,2,8,classical_rbf_svm,0.005610375010292046,0.7987012987012987,0.5,0.96,0.8709677419354839,0.6352941176470588,0.8592592592592593,0.7849570055983852,96,4,27,27
Pima diabetes (Arizona Pima population),2,2,8,qsvc,3.057624290988315,0.6363636363636364,0.0,0.98,0.0,0.0,0.6675925925925925,0.4459798928078797,98,2,54,0
Pima diabetes (Arizona Pima population),2,3,8,classical_rbf_svm,0.004260500005329959,0.7922077922077922,0.6111111111111112,0.89,0.75,0.673469387755102,0.8596296296296296,0.72296885036226,89,11,21,33
Pima diabetes (Arizona Pima population),2,3,8,qsvc,2.9874501250014873,0.6428571428571429,0.037037037037037035,0.97,0.4,0.06779661016949153,0.6835185185185185,0.4965810558848636,97,3,52,2
Pima diabetes (Arizona Pima population),2,4,8,classical_rbf_svm,0.004336417012382299,0.7058823529411765,0.4339622641509434,0.85,0.6052631578947368,0.5054945054945055,0.7635849056603774,0.6189020283765436,85,15,30,23
Pima diabetes (Arizona Pima population),2,4,8,qsvc,3.02386241700151,0.6470588235294118,0.05660377358490566,0.96,0.42857142857142855,0.1,0.5994339622641509,0.4032704925962278,96,4,50,3
Pima diabetes (Arizona Pima population),2,5,8,classical_rbf_svm,0.006426417006878182,0.7777777777777778,0.6037735849056604,0.87,0.7111111111111111,0.6530612244897959,0.86,0.7542702745934127,87,13,21,32
Pima diabetes (Arizona Pima population),2,5,8,qsvc,2.7487138750002487,0.673202614379085,0.05660377358490566,1.0,1.0,0.10714285714285714,0.6643396226415094,0.5353020556816958,100,0,50,3
