fold,stress_seed,missingness_fraction,added_train_cells,added_valid_cells,model,accuracy,sensitivity,specificity,precision,f1,roc_auc,pr_auc,tn,fp,fn,tp,prediction_seconds
1,0,0.0,0,0,classical_rbf_svm,1.0,1.0,1.0,1.0,1.0,1.0,1.0,24,0,0,40,0.00021670799469575286
1,0,0.0,0,0,qsvc,1.0,1.0,1.0,1.0,1.0,1.0,1.0,24,0,0,40,0.13423804099147674
1,0,0.05,95,24,classical_rbf_svm,1.0,1.0,1.0,1.0,1.0,1.0,1.0,24,0,0,40,0.00023341599444393069
1,0,0.05,95,24,qsvc,1.0,1.0,1.0,1.0,1.0,1.0,1.0,24,0,0,40,0.10837024998909328
1,0,0.1,190,48,classical_rbf_svm,0.984375,0.975,1.0,1.0,0.9873417721518988,1.0,1.0,24,0,1,39,0.00021833300706930459
1,0,0.1,190,48,qsvc,0.984375,0.975,1.0,1.0,0.9873417721518988,1.0,1.0,24,0,1,39,0.15790129100787453
1,0,0.2,379,96,classical_rbf_svm,1.0,1.0,1.0,1.0,1.0,1.0,1.0,24,0,0,40,0.00023283399059437215
1,0,0.2,379,96,qsvc,0.96875,0.95,1.0,1.0,0.9743589743589743,0.9916666666666667,0.9958333333333333,24,0,2,38,0.10387412499403581
1,1,0.0,0,0,classical_rbf_svm,1.0,1.0,1.0,1.0,1.0,1.0,1.0,24,0,0,40,0.00021433400979731232
1,1,0.0,0,0,qsvc,1.0,1.0,1.0,1.0,1.0,1.0,1.0,24,0,0,40,0.13242774999525864
1,1,0.05,95,24,classical_rbf_svm,1.0,1.0,1.0,1.0,1.0,1.0,1.0,24,0,0,40,0.0002164170000469312
1,1,0.05,95,24,qsvc,1.0,1.0,1.0,1.0,1.0,1.0,1.0,24,0,0,40,0.10132462499313988
1,1,0.1,190,48,classical_rbf_svm,1.0,1.0,1.0,1.0,1.0,1.0,1.0,24,0,0,40,0.0002698339958442375
1,1,0.1,190,48,qsvc,0.984375,1.0,0.9583333333333334,0.975609756097561,0.9876543209876543,1.0,1.0,23,1,0,40,0.13673429199843667
1,1,0.2,379,96,classical_rbf_svm,0.96875,0.95,1.0,1.0,0.9743589743589743,0.996875,0.9975900116144021,24,0,2,38,0.0002663749910425395
1,1,0.2,379,96,qsvc,0.953125,0.95,0.9583333333333334,0.9743589743589743,0.9620253164556962,0.9958333333333333,0.9969897883124628,23,1,2,38,0.11398587499570567
1,2,0.0,0,0,classical_rbf_svm,1.0,1.0,1.0,1.0,1.0,1.0,1.0,24,0,0,40,0.00021762499818578362
1,2,0.0,0,0,qsvc,1.0,1.0,1.0,1.0,1.0,1.0,1.0,24,0,0,40,0.14044108300004154
1,2,0.05,95,24,classical_rbf_svm,1.0,1.0,1.0,1.0,1.0,1.0,1.0,24,0,0,40,0.00021783298871014267
1,2,0.05,95,24,qsvc,0.984375,0.975,1.0,1.0,0.9873417721518988,0.9958333333333333,0.9977272727272728,24,0,1,39,0.10032783400674816
1,2,0.1,190,48,classical_rbf_svm,1.0,1.0,1.0,1.0,1.0,1.0,1.0,24,0,0,40,0.0002340829960303381
1,2,0.1,190,48,qsvc,0.984375,1.0,0.9583333333333334,0.975609756097561,0.9876543209876543,1.0,1.0,23,1,0,40,0.10481066700594965
1,2,0.2,379,96,classical_rbf_svm,0.984375,0.975,1.0,1.0,0.9873417721518988,1.0,1.0,24,0,1,39,0.00024412499624304473
1,2,0.2,379,96,qsvc,0.984375,1.0,0.9583333333333334,0.975609756097561,0.9876543209876543,0.9989583333333333,0.9993902439024392,23,1,0,40,0.1352686669997638
2,0,0.0,0,0,classical_rbf_svm,1.0,1.0,1.0,1.0,1.0,1.0,1.0,24,0,0,40,0.00031370899523608387
2,0,0.0,0,0,qsvc,0.96875,1.0,0.9166666666666666,0.9523809523809523,0.975609756097561,1.0,1.0,22,2,0,40,0.10395583300851285
2,0,0.05,96,23,classical_rbf_svm,1.0,1.0,1.0,1.0,1.0,1.0,1.0,24,0,0,40,0.0002142080047633499
2,0,0.05,96,23,qsvc,0.984375,0.975,1.0,1.0,0.9873417721518988,1.0,1.0,24,0,1,39,0.16992137501074467
2,0,0.1,191,46,classical_rbf_svm,1.0,1.0,1.0,1.0,1.0,1.0,1.0,24,0,0,40,0.00022708300093654543
2,0,0.1,191,46,qsvc,0.984375,0.975,1.0,1.0,0.9873417721518988,0.9979166666666666,0.9988095238095238,24,0,1,39,0.10548262500378769
2,0,0.2,382,93,classical_rbf_svm,1.0,1.0,1.0,1.0,1.0,1.0,1.0,24,0,0,40,0.0002428339939797297
2,0,0.2,382,93,qsvc,0.921875,0.95,0.875,0.926829268292683,0.9382716049382716,0.990625,0.9949534161490683,21,3,2,38,0.13221799999882933
2,1,0.0,0,0,classical_rbf_svm,1.0,1.0,1.0,1.0,1.0,1.0,1.0,24,0,0,40,0.00019816600251942873
2,1,0.0,0,0,qsvc,0.96875,1.0,0.9166666666666666,0.9523809523809523,0.975609756097561,1.0,1.0,22,2,0,40,0.10228870800347067
2,1,0.05,96,23,classical_rbf_svm,1.0,1.0,1.0,1.0,1.0,1.0,1.0,24,0,0,40,0.00024362500698771328
2,1,0.05,96,23,qsvc,0.984375,0.975,1.0,1.0,0.9873417721518988,1.0,1.0,24,0,1,39,0.1349852080020355
2,1,0.1,191,46,classical_rbf_svm,1.0,1.0,1.0,1.0,1.0,1.0,1.0,24,0,0,40,0.00025224999990314245
2,1,0.1,191,46,qsvc,0.96875,1.0,0.9166666666666666,0.9523809523809523,0.975609756097561,1.0,1.0,22,2,0,40,0.11698666700976901
2,1,0.2,382,93,classical_rbf_svm,0.96875,0.95,1.0,1.0,0.9743589743589743,0.9994791666666667,0.9993902439024392,24,0,2,38,0.00024449999909847975
2,1,0.2,382,93,qsvc,0.9375,0.9,1.0,1.0,0.9473684210526315,0.9776041666666667,0.9892815614617941,24,0,4,36,0.14092208301008213
2,2,0.0,0,0,classical_rbf_svm,1.0,1.0,1.0,1.0,1.0,1.0,1.0,24,0,0,40,0.0002027080045081675
2,2,0.0,0,0,qsvc,0.96875,1.0,0.9166666666666666,0.9523809523809523,0.975609756097561,1.0,1.0,22,2,0,40,0.10085116700793151
2,2,0.05,96,23,classical_rbf_svm,0.984375,0.975,1.0,1.0,0.9873417721518988,0.9994791666666667,0.9993902439024392,24,0,1,39,0.0002265840012114495
2,2,0.05,96,23,qsvc,0.984375,0.975,1.0,1.0,0.9873417721518988,0.9994791666666667,0.9993902439024392,24,0,1,39,0.13237237501016352
2,2,0.1,191,46,classical_rbf_svm,1.0,1.0,1.0,1.0,1.0,1.0,1.0,24,0,0,40,0.0002307090035174042
2,2,0.1,191,46,qsvc,0.96875,0.95,1.0,1.0,0.9743589743589743,0.9895833333333334,0.9946138211382114,24,0,2,38,0.10303949999797624
2,2,0.2,382,93,classical_rbf_svm,1.0,1.0,1.0,1.0,1.0,1.0,1.0,24,0,0,40,0.0002976669929921627
2,2,0.2,382,93,qsvc,0.9375,0.9,1.0,1.0,0.9473684210526315,0.9916666666666667,0.9954365079365081,24,0,4,36,0.1590296250069514
3,0,0.0,0,0,classical_rbf_svm,1.0,1.0,1.0,1.0,1.0,1.0,1.0,24,0,0,40,0.0002404589904472232
3,0,0.0,0,0,qsvc,0.96875,0.95,1.0,1.0,0.9743589743589743,1.0,1.0,24,0,2,38,0.12050958300824277
3,0,0.05,95,24,classical_rbf_svm,0.984375,0.975,1.0,1.0,0.9873417721518988,1.0,1.0,24,0,1,39,0.00022245799482334405
3,0,0.05,95,24,qsvc,0.96875,0.95,1.0,1.0,0.9743589743589743,0.9989583333333334,0.999390243902439,24,0,2,38,0.1404974589968333
3,0,0.1,190,48,classical_rbf_svm,0.984375,0.975,1.0,1.0,0.9873417721518988,1.0,1.0,24,0,1,39,0.00021912499505560845
3,0,0.1,190,48,qsvc,0.9375,0.9,1.0,1.0,0.9473684210526315,0.9916666666666667,0.9952577605321506,24,0,4,36,0.10311354100122117
3,0,0.2,379,96,classical_rbf_svm,0.953125,0.925,1.0,1.0,0.961038961038961,0.978125,0.9913934426229508,24,0,3,37,0.0002618329890538007
3,0,0.2,379,96,qsvc,0.953125,0.925,1.0,1.0,0.961038961038961,0.9760416666666666,0.9894796403472508,24,0,3,37,0.15519883400702383
3,1,0.0,0,0,classical_rbf_svm,1.0,1.0,1.0,1.0,1.0,1.0,1.0,24,0,0,40,0.00034050000249408185
3,1,0.0,0,0,qsvc,0.96875,0.95,1.0,1.0,0.9743589743589743,1.0,1.0,24,0,2,38,0.10418754200509284
3,1,0.05,95,24,classical_rbf_svm,1.0,1.0,1.0,1.0,1.0,1.0,1.0,24,0,0,40,0.00025804201140999794
3,1,0.05,95,24,qsvc,0.96875,0.95,1.0,1.0,0.9743589743589743,1.0,1.0,24,0,2,38,0.16337941700476222
3,1,0.1,190,48,classical_rbf_svm,0.96875,0.95,1.0,1.0,0.9743589743589743,0.9989583333333334,0.999390243902439,24,0,2,38,0.00032758300949353725
3,1,0.1,190,48,qsvc,0.953125,0.925,1.0,1.0,0.961038961038961,0.9760416666666666,0.989806128830519,24,0,3,37,0.11619758400775027
3,1,0.2,379,96,classical_rbf_svm,0.953125,0.925,1.0,1.0,0.961038961038961,1.0,1.0,24,0,3,37,0.00023791698913555592
3,1,0.2,379,96,qsvc,0.9375,0.9,1.0,1.0,0.9473684210526315,0.9854166666666666,0.9919588301769152,24,0,4,36,0.1336402500019176
3,2,0.0,0,0,classical_rbf_svm,1.0,1.0,1.0,1.0,1.0,1.0,1.0,24,0,0,40,0.00020966700685676187
3,2,0.0,0,0,qsvc,0.96875,0.95,1.0,1.0,0.9743589743589743,1.0,1.0,24,0,2,38,0.10246729200298432
3,2,0.05,95,24,classical_rbf_svm,1.0,1.0,1.0,1.0,1.0,1.0,1.0,24,0,0,40,0.0002265419898321852
3,2,0.05,95,24,qsvc,0.984375,0.975,1.0,1.0,0.9873417721518988,1.0,1.0,24,0,1,39,0.1365005419938825
3,2,0.1,190,48,classical_rbf_svm,0.984375,0.975,1.0,1.0,0.9873417721518988,0.9979166666666666,0.9988095238095238,24,0,1,39,0.00021908299822825938
3,2,0.1,190,48,qsvc,0.953125,0.925,1.0,1.0,0.961038961038961,0.9760416666666667,0.9908730158730159,24,0,3,37,0.10345325000525918
3,2,0.2,379,96,classical_rbf_svm,0.953125,0.925,1.0,1.0,0.961038961038961,1.0,1.0,24,0,3,37,0.00029083300614729524
3,2,0.2,379,96,qsvc,0.90625,0.875,0.9583333333333334,0.9722222222222222,0.9210526315789473,0.9895833333333334,0.9938387200341628,23,1,5,35,0.18079208399285562
4,0,0.0,0,0,classical_rbf_svm,1.0,1.0,1.0,1.0,1.0,1.0,1.0,24,0,0,40,0.0002001249958993867
4,0,0.0,0,0,qsvc,1.0,1.0,1.0,1.0,1.0,1.0,1.0,24,0,0,40,0.11550774998613633
4,0,0.05,95,24,classical_rbf_svm,1.0,1.0,1.0,1.0,1.0,1.0,1.0,24,0,0,40,0.00022645900025963783
4,0,0.05,95,24,qsvc,1.0,1.0,1.0,1.0,1.0,1.0,1.0,24,0,0,40,0.15372224999009632
4,0,0.1,190,48,classical_rbf_svm,0.984375,0.975,1.0,1.0,0.9873417721518988,1.0,1.0000000000000002,24,0,1,39,0.0002331669966224581
4,0,0.1,190,48,qsvc,0.953125,0.975,0.9166666666666666,0.9512195121951219,0.9629629629629629,0.996875,0.9982558139534885,22,2,1,39,0.10074070800328627
4,0,0.2,379,96,classical_rbf_svm,0.96875,0.95,1.0,1.0,0.9743589743589743,1.0,1.0,24,0,2,38,0.00030174999847076833
4,0,0.2,379,96,qsvc,0.953125,0.95,0.9583333333333334,0.9743589743589743,0.9620253164556962,0.9979166666666667,0.998765243902439,23,1,2,38,0.15098841598955914
4,1,0.0,0,0,classical_rbf_svm,1.0,1.0,1.0,1.0,1.0,1.0,1.0,24,0,0,40,0.00027483300073072314
4,1,0.0,0,0,qsvc,1.0,1.0,1.0,1.0,1.0,1.0,1.0,24,0,0,40,0.13652474999253172
4,1,0.05,95,24,classical_rbf_svm,1.0,1.0,1.0,1.0,1.0,1.0,1.0,24,0,0,40,0.0002426249993732199
4,1,0.05,95,24,qsvc,0.96875,0.975,0.9583333333333334,0.975,0.975,0.9989583333333334,0.999390243902439,23,1,1,39,0.11980099999345839
4,1,0.1,190,48,classical_rbf_svm,0.96875,0.95,1.0,1.0,0.9743589743589743,1.0,1.0,24,0,2,38,0.00022200000239536166
4,1,0.1,190,48,qsvc,0.953125,0.95,0.9583333333333334,0.9743589743589743,0.9620253164556962,0.996875,0.9981845238095237,23,1,2,38,0.17224166600499302
4,1,0.2,379,96,classical_rbf_svm,0.96875,0.95,1.0,1.0,0.9743589743589743,1.0,1.0000000000000002,24,0,2,38,0.00022612499014940113
4,1,0.2,379,96,qsvc,1.0,1.0,1.0,1.0,1.0,1.0,1.0,24,0,0,40,0.10533595900051296
4,2,0.0,0,0,classical_rbf_svm,1.0,1.0,1.0,1.0,1.0,1.0,1.0,24,0,0,40,0.00020687500364147127
4,2,0.0,0,0,qsvc,1.0,1.0,1.0,1.0,1.0,1.0,1.0,24,0,0,40,0.15915058300015517
4,2,0.05,95,24,classical_rbf_svm,1.0,1.0,1.0,1.0,1.0,1.0,1.0,24,0,0,40,0.0002177909918827936
4,2,0.05,95,24,qsvc,1.0,1.0,1.0,1.0,1.0,1.0,1.0,24,0,0,40,0.10410166598740034
4,2,0.1,190,48,classical_rbf_svm,0.96875,0.95,1.0,1.0,0.9743589743589743,1.0,1.0,24,0,2,38,0.00029883299430366606
4,2,0.1,190,48,qsvc,0.96875,0.95,1.0,1.0,0.9743589743589743,0.9989583333333334,0.999390243902439,24,0,2,38,0.20247958299296442
4,2,0.2,379,96,classical_rbf_svm,0.953125,0.925,1.0,1.0,0.961038961038961,0.9989583333333334,0.999390243902439,24,0,3,37,0.0002682920021470636
4,2,0.2,379,96,qsvc,0.9375,0.9,1.0,1.0,0.9473684210526315,0.9729166666666665,0.9886105996850748,24,0,4,36,0.10710270900744945
5,0,0.0,0,0,classical_rbf_svm,1.0,1.0,1.0,1.0,1.0,1.0,1.0,24,0,0,40,0.00025179199292324483
5,0,0.0,0,0,qsvc,0.96875,0.975,0.9583333333333334,0.975,0.975,0.9979166666666666,0.9988095238095238,23,1,1,39,0.19346974999643862
5,0,0.05,95,24,classical_rbf_svm,1.0,1.0,1.0,1.0,1.0,1.0,1.0,24,0,0,40,0.0002156249975087121
5,0,0.05,95,24,qsvc,0.984375,0.975,1.0,1.0,0.9873417721518988,0.9979166666666666,0.9988095238095238,24,0,1,39,0.11143233299662825
5,0,0.1,190,47,classical_rbf_svm,1.0,1.0,1.0,1.0,1.0,1.0,1.0,24,0,0,40,0.00024758400104474276
5,0,0.1,190,47,qsvc,0.953125,0.95,0.9583333333333334,0.9743589743589743,0.9620253164556962,0.9968750000000001,0.9981242182614134,23,1,2,38,0.18996787499054335
5,0,0.2,381,94,classical_rbf_svm,0.984375,0.975,1.0,1.0,0.9873417721518988,0.9989583333333334,0.999390243902439,24,0,1,39,0.00028258300153538585
5,0,0.2,381,94,qsvc,0.96875,0.95,1.0,1.0,0.9743589743589743,0.975,0.9887395118230358,24,0,2,38,0.11377495899796486
5,1,0.0,0,0,classical_rbf_svm,1.0,1.0,1.0,1.0,1.0,1.0,1.0,24,0,0,40,0.00021241699869278818
5,1,0.0,0,0,qsvc,0.96875,0.975,0.9583333333333334,0.975,0.975,0.9979166666666666,0.9988095238095238,23,1,1,39,0.1588050839927746
5,1,0.05,95,24,classical_rbf_svm,1.0,1.0,1.0,1.0,1.0,1.0,1.0,24,0,0,40,0.0002487500023562461
5,1,0.05,95,24,qsvc,0.984375,0.975,1.0,1.0,0.9873417721518988,0.996875,0.9982558139534884,24,0,1,39,0.10244795800826978
5,1,0.1,190,47,classical_rbf_svm,0.96875,0.95,1.0,1.0,0.9743589743589743,0.9979166666666667,0.998765243902439,24,0,2,38,0.00028079199546482414
5,1,0.1,190,47,qsvc,0.96875,0.975,0.9583333333333334,0.975,0.975,0.9875,0.9939828431372548,23,1,1,39,0.10894020799605642
5,1,0.2,381,94,classical_rbf_svm,1.0,1.0,1.0,1.0,1.0,1.0,1.0,24,0,0,40,0.00032504099362995476
5,1,0.2,381,94,qsvc,0.953125,0.925,1.0,1.0,0.961038961038961,0.971875,0.9880601092896174,24,0,3,37,0.2252363330044318
5,2,0.0,0,0,classical_rbf_svm,1.0,1.0,1.0,1.0,1.0,1.0,1.0,24,0,0,40,0.00021904199093114585
5,2,0.0,0,0,qsvc,0.96875,0.975,0.9583333333333334,0.975,0.975,0.9979166666666666,0.9988095238095238,23,1,1,39,0.12801783300528768
5,2,0.05,95,24,classical_rbf_svm,1.0,1.0,1.0,1.0,1.0,1.0,1.0,24,0,0,40,0.00022916599118616432
5,2,0.05,95,24,qsvc,0.984375,0.975,1.0,1.0,0.9873417721518988,0.9947916666666666,0.9972222222222222,24,0,1,39,0.16716420899319928
5,2,0.1,190,47,classical_rbf_svm,0.984375,0.975,1.0,1.0,0.9873417721518988,1.0,1.0,24,0,1,39,0.0002541249996284023
5,2,0.1,190,47,qsvc,0.984375,0.975,1.0,1.0,0.9873417721518988,0.9927083333333333,0.9962765957446809,24,0,1,39,0.11932808299025055
5,2,0.2,381,94,classical_rbf_svm,0.984375,0.975,1.0,1.0,0.9873417721518988,1.0,1.0,24,0,1,39,0.00025912499404512346
5,2,0.2,381,94,qsvc,0.921875,0.875,1.0,1.0,0.9333333333333333,0.9791666666666666,0.9889073764375659,24,0,5,35,0.10973516599915456
