model,prevalence,repetition,accuracy,sensitivity,specificity,precision,f1,roc_auc,pr_auc,tn,fp,fn,tp
classical_rbf_svm,0.3,0,1.0,1.0,1.0,1.0,1.0,1.0,0.9999999999999999,280,0,0,120
classical_rbf_svm,0.3,1,1.0,1.0,1.0,1.0,1.0,1.0,0.9999999999999999,280,0,0,120
classical_rbf_svm,0.3,2,1.0,1.0,1.0,1.0,1.0,1.0,0.9999999999999999,280,0,0,120
classical_rbf_svm,0.3,3,1.0,1.0,1.0,1.0,1.0,1.0,0.9999999999999998,280,0,0,120
classical_rbf_svm,0.3,4,1.0,1.0,1.0,1.0,1.0,1.0,1.0,280,0,0,120
classical_rbf_svm,0.3,5,1.0,1.0,1.0,1.0,1.0,1.0,0.9999999999999999,280,0,0,120
classical_rbf_svm,0.3,6,1.0,1.0,1.0,1.0,1.0,1.0,1.0,280,0,0,120
classical_rbf_svm,0.3,7,1.0,1.0,1.0,1.0,1.0,1.0,0.9999999999999998,280,0,0,120
classical_rbf_svm,0.3,8,1.0,1.0,1.0,1.0,1.0,1.0,0.9999999999999999,280,0,0,120
classical_rbf_svm,0.3,9,1.0,1.0,1.0,1.0,1.0,1.0,0.9999999999999999,280,0,0,120
classical_rbf_svm,0.3,10,1.0,1.0,1.0,1.0,1.0,1.0,0.9999999999999999,280,0,0,120
classical_rbf_svm,0.3,11,1.0,1.0,1.0,1.0,1.0,1.0,0.9999999999999999,280,0,0,120
classical_rbf_svm,0.3,12,1.0,1.0,1.0,1.0,1.0,1.0,0.9999999999999999,280,0,0,120
classical_rbf_svm,0.3,13,1.0,1.0,1.0,1.0,1.0,1.0,0.9999999999999999,280,0,0,120
classical_rbf_svm,0.3,14,1.0,1.0,1.0,1.0,1.0,1.0,0.9999999999999999,280,0,0,120
classical_rbf_svm,0.3,15,1.0,1.0,1.0,1.0,1.0,1.0,0.9999999999999999,280,0,0,120
classical_rbf_svm,0.3,16,1.0,1.0,1.0,1.0,1.0,1.0,0.9999999999999999,280,0,0,120
classical_rbf_svm,0.3,17,1.0,1.0,1.0,1.0,1.0,1.0,1.0,280,0,0,120
classical_rbf_svm,0.3,18,1.0,1.0,1.0,1.0,1.0,1.0,0.9999999999999999,280,0,0,120
classical_rbf_svm,0.3,19,1.0,1.0,1.0,1.0,1.0,1.0,0.9999999999999999,280,0,0,120
classical_rbf_svm,0.3,20,1.0,1.0,1.0,1.0,1.0,1.0,0.9999999999999999,280,0,0,120
classical_rbf_svm,0.3,21,1.0,1.0,1.0,1.0,1.0,1.0,0.9999999999999999,280,0,0,120
classical_rbf_svm,0.3,22,1.0,1.0,1.0,1.0,1.0,0.9999999999999999,0.9999999999999999,280,0,0,120
classical_rbf_svm,0.3,23,1.0,1.0,1.0,1.0,1.0,1.0,0.9999999999999998,280,0,0,120
classical_rbf_svm,0.3,24,1.0,1.0,1.0,1.0,1.0,1.0,1.0,280,0,0,120
classical_rbf_svm,0.3,25,1.0,1.0,1.0,1.0,1.0,1.0,0.9999999999999998,280,0,0,120
classical_rbf_svm,0.3,26,1.0,1.0,1.0,1.0,1.0,1.0,1.0,280,0,0,120
classical_rbf_svm,0.3,27,1.0,1.0,1.0,1.0,1.0,1.0,0.9999999999999999,280,0,0,120
classical_rbf_svm,0.3,28,1.0,1.0,1.0,1.0,1.0,1.0,0.9999999999999999,280,0,0,120
classical_rbf_svm,0.3,29,1.0,1.0,1.0,1.0,1.0,1.0,1.0,280,0,0,120
classical_rbf_svm,0.3,30,1.0,1.0,1.0,1.0,1.0,1.0,0.9999999999999999,280,0,0,120
classical_rbf_svm,0.3,31,1.0,1.0,1.0,1.0,1.0,1.0,1.0,280,0,0,120
classical_rbf_svm,0.3,32,1.0,1.0,1.0,1.0,1.0,1.0,0.9999999999999999,280,0,0,120
classical_rbf_svm,0.3,33,1.0,1.0,1.0,1.0,1.0,1.0,0.9999999999999999,280,0,0,120
classical_rbf_svm,0.3,34,1.0,1.0,1.0,1.0,1.0,1.0,0.9999999999999999,280,0,0,120
classical_rbf_svm,0.3,35,1.0,1.0,1.0,1.0,1.0,1.0,0.9999999999999999,280,0,0,120
classical_rbf_svm,0.3,36,1.0,1.0,1.0,1.0,1.0,1.0,1.0,280,0,0,120
classical_rbf_svm,0.3,37,1.0,1.0,1.0,1.0,1.0,1.0,0.9999999999999999,280,0,0,120
classical_rbf_svm,0.3,38,1.0,1.0,1.0,1.0,1.0,1.0,0.9999999999999999,280,0,0,120
classical_rbf_svm,0.3,39,1.0,1.0,1.0,1.0,1.0,1.0,0.9999999999999998,280,0,0,120
classical_rbf_svm,0.3,40,1.0,1.0,1.0,1.0,1.0,1.0,1.0,280,0,0,120
classical_rbf_svm,0.3,41,1.0,1.0,1.0,1.0,1.0,1.0,0.9999999999999999,280,0,0,120
classical_rbf_svm,0.3,42,1.0,1.0,1.0,1.0,1.0,1.0,0.9999999999999998,280,0,0,120
classical_rbf_svm,0.3,43,1.0,1.0,1.0,1.0,1.0,1.0,1.0,280,0,0,120
classical_rbf_svm,0.3,44,1.0,1.0,1.0,1.0,1.0,1.0,1.0,280,0,0,120
classical_rbf_svm,0.3,45,1.0,1.0,1.0,1.0,1.0,1.0,0.9999999999999999,280,0,0,120
classical_rbf_svm,0.3,46,1.0,1.0,1.0,1.0,1.0,1.0,0.9999999999999999,280,0,0,120
classical_rbf_svm,0.3,47,1.0,1.0,1.0,1.0,1.0,1.0,0.9999999999999999,280,0,0,120
classical_rbf_svm,0.3,48,1.0,1.0,1.0,1.0,1.0,1.0,1.0,280,0,0,120
classical_rbf_svm,0.3,49,1.0,1.0,1.0,1.0,1.0,1.0,0.9999999999999999,280,0,0,120
classical_rbf_svm,0.3,50,1.0,1.0,1.0,1.0,1.0,1.0,1.0,280,0,0,120
classical_rbf_svm,0.3,51,1.0,1.0,1.0,1.0,1.0,1.0,0.9999999999999999,280,0,0,120
classical_rbf_svm,0.3,52,1.0,1.0,1.0,1.0,1.0,1.0,0.9999999999999999,280,0,0,120
classical_rbf_svm,0.3,53,1.0,1.0,1.0,1.0,1.0,1.0,0.9999999999999998,280,0,0,120
classical_rbf_svm,0.3,54,1.0,1.0,1.0,1.0,1.0,1.0,0.9999999999999998,280,0,0,120
classical_rbf_svm,0.3,55,1.0,1.0,1.0,1.0,1.0,1.0,1.0,280,0,0,120
classical_rbf_svm,0.3,56,1.0,1.0,1.0,1.0,1.0,1.0,1.0,280,0,0,120
classical_rbf_svm,0.3,57,1.0,1.0,1.0,1.0,1.0,1.0,0.9999999999999999,280,0,0,120
classical_rbf_svm,0.3,58,1.0,1.0,1.0,1.0,1.0,0.9999999999999999,0.9999999999999998,280,0,0,120
classical_rbf_svm,0.3,59,1.0,1.0,1.0,1.0,1.0,1.0,0.9999999999999998,280,0,0,120
classical_rbf_svm,0.3,60,1.0,1.0,1.0,1.0,1.0,1.0,0.9999999999999999,280,0,0,120
classical_rbf_svm,0.3,61,1.0,1.0,1.0,1.0,1.0,1.0,0.9999999999999999,280,0,0,120
classical_rbf_svm,0.3,62,1.0,1.0,1.0,1.0,1.0,1.0,0.9999999999999999,280,0,0,120
classical_rbf_svm,0.3,63,1.0,1.0,1.0,1.0,1.0,0.9999999999999999,0.9999999999999998,280,0,0,120
classical_rbf_svm,0.3,64,1.0,1.0,1.0,1.0,1.0,1.0,1.0,280,0,0,120
classical_rbf_svm,0.3,65,1.0,1.0,1.0,1.0,1.0,1.0,0.9999999999999999,280,0,0,120
classical_rbf_svm,0.3,66,1.0,1.0,1.0,1.0,1.0,1.0,0.9999999999999999,280,0,0,120
classical_rbf_svm,0.3,67,1.0,1.0,1.0,1.0,1.0,0.9999999999999999,0.9999999999999999,280,0,0,120
classical_rbf_svm,0.3,68,1.0,1.0,1.0,1.0,1.0,1.0,0.9999999999999999,280,0,0,120
classical_rbf_svm,0.3,69,1.0,1.0,1.0,1.0,1.0,1.0,0.9999999999999997,280,0,0,120
classical_rbf_svm,0.3,70,1.0,1.0,1.0,1.0,1.0,1.0,1.0,280,0,0,120
classical_rbf_svm,0.3,71,1.0,1.0,1.0,1.0,1.0,1.0,0.9999999999999999,280,0,0,120
classical_rbf_svm,0.3,72,1.0,1.0,1.0,1.0,1.0,1.0,0.9999999999999998,280,0,0,120
classical_rbf_svm,0.3,73,1.0,1.0,1.0,1.0,1.0,1.0,1.0,280,0,0,120
classical_rbf_svm,0.3,74,1.0,1.0,1.0,1.0,1.0,0.9999999999999999,0.9999999999999999,280,0,0,120
classical_rbf_svm,0.3,75,1.0,1.0,1.0,1.0,1.0,0.9999999999999999,1.0,280,0,0,120
classical_rbf_svm,0.3,76,1.0,1.0,1.0,1.0,1.0,1.0,0.9999999999999999,280,0,0,120
classical_rbf_svm,0.3,77,1.0,1.0,1.0,1.0,1.0,1.0,0.9999999999999998,280,0,0,120
classical_rbf_svm,0.3,78,1.0,1.0,1.0,1.0,1.0,1.0,1.0,280,0,0,120
classical_rbf_svm,0.3,79,1.0,1.0,1.0,1.0,1.0,1.0,0.9999999999999998,280,0,0,120
classical_rbf_svm,0.3,80,1.0,1.0,1.0,1.0,1.0,1.0,0.9999999999999998,280,0,0,120
classical_rbf_svm,0.3,81,1.0,1.0,1.0,1.0,1.0,0.9999999999999999,1.0,280,0,0,120
classical_rbf_svm,0.3,82,1.0,1.0,1.0,1.0,1.0,1.0,0.9999999999999999,280,0,0,120
classical_rbf_svm,0.3,83,1.0,1.0,1.0,1.0,1.0,1.0,0.9999999999999999,280,0,0,120
classical_rbf_svm,0.3,84,1.0,1.0,1.0,1.0,1.0,1.0,0.9999999999999999,280,0,0,120
classical_rbf_svm,0.3,85,1.0,1.0,1.0,1.0,1.0,0.9999999999999999,0.9999999999999998,280,0,0,120
classical_rbf_svm,0.3,86,1.0,1.0,1.0,1.0,1.0,1.0,0.9999999999999999,280,0,0,120
classical_rbf_svm,0.3,87,1.0,1.0,1.0,1.0,1.0,1.0,1.0,280,0,0,120
classical_rbf_svm,0.3,88,1.0,1.0,1.0,1.0,1.0,1.0,0.9999999999999999,280,0,0,120
classical_rbf_svm,0.3,89,1.0,1.0,1.0,1.0,1.0,1.0,0.9999999999999999,280,0,0,120
classical_rbf_svm,0.3,90,1.0,1.0,1.0,1.0,1.0,1.0,1.0,280,0,0,120
classical_rbf_svm,0.3,91,1.0,1.0,1.0,1.0,1.0,1.0,0.9999999999999999,280,0,0,120
classical_rbf_svm,0.3,92,1.0,1.0,1.0,1.0,1.0,1.0,0.9999999999999998,280,0,0,120
classical_rbf_svm,0.3,93,1.0,1.0,1.0,1.0,1.0,1.0,0.9999999999999999,280,0,0,120
classical_rbf_svm,0.3,94,1.0,1.0,1.0,1.0,1.0,1.0,1.0,280,0,0,120
classical_rbf_svm,0.3,95,1.0,1.0,1.0,1.0,1.0,0.9999999999999999,0.9999999999999999,280,0,0,120
classical_rbf_svm,0.3,96,1.0,1.0,1.0,1.0,1.0,1.0,0.9999999999999998,280,0,0,120
classical_rbf_svm,0.3,97,1.0,1.0,1.0,1.0,1.0,1.0,0.9999999999999999,280,0,0,120
classical_rbf_svm,0.3,98,1.0,1.0,1.0,1.0,1.0,1.0,1.0,280,0,0,120
classical_rbf_svm,0.3,99,1.0,1.0,1.0,1.0,1.0,1.0,0.9999999999999999,280,0,0,120
classical_rbf_svm,0.5,0,1.0,1.0,1.0,1.0,1.0,1.0,1.0,200,0,0,200
classical_rbf_svm,0.5,1,1.0,1.0,1.0,1.0,1.0,1.0,1.0,200,0,0,200
classical_rbf_svm,0.5,2,1.0,1.0,1.0,1.0,1.0,1.0,1.0,200,0,0,200
classical_rbf_svm,0.5,3,1.0,1.0,1.0,1.0,1.0,1.0,1.0,200,0,0,200
classical_rbf_svm,0.5,4,1.0,1.0,1.0,1.0,1.0,1.0,1.0,200,0,0,200
classical_rbf_svm,0.5,5,1.0,1.0,1.0,1.0,1.0,1.0,1.0,200,0,0,200
classical_rbf_svm,0.5,6,1.0,1.0,1.0,1.0,1.0,1.0,1.0,200,0,0,200
classical_rbf_svm,0.5,7,1.0,1.0,1.0,1.0,1.0,1.0,1.0,200,0,0,200
classical_rbf_svm,0.5,8,1.0,1.0,1.0,1.0,1.0,1.0,1.0,200,0,0,200
classical_rbf_svm,0.5,9,1.0,1.0,1.0,1.0,1.0,1.0,1.0,200,0,0,200
classical_rbf_svm,0.5,10,1.0,1.0,1.0,1.0,1.0,0.9999999999999999,1.0,200,0,0,200
classical_rbf_svm,0.5,11,1.0,1.0,1.0,1.0,1.0,1.0,1.0,200,0,0,200
classical_rbf_svm,0.5,12,1.0,1.0,1.0,1.0,1.0,1.0,1.0,200,0,0,200
classical_rbf_svm,0.5,13,1.0,1.0,1.0,1.0,1.0,1.0,1.0,200,0,0,200
classical_rbf_svm,0.5,14,1.0,1.0,1.0,1.0,1.0,1.0,1.0,200,0,0,200
classical_rbf_svm,0.5,15,1.0,1.0,1.0,1.0,1.0,1.0,1.0,200,0,0,200
classical_rbf_svm,0.5,16,1.0,1.0,1.0,1.0,1.0,1.0,1.0,200,0,0,200
classical_rbf_svm,0.5,17,1.0,1.0,1.0,1.0,1.0,1.0,1.0,200,0,0,200
classical_rbf_svm,0.5,18,1.0,1.0,1.0,1.0,1.0,1.0,1.0,200,0,0,200
classical_rbf_svm,0.5,19,1.0,1.0,1.0,1.0,1.0,1.0,1.0,200,0,0,200
classical_rbf_svm,0.5,20,1.0,1.0,1.0,1.0,1.0,1.0,1.0,200,0,0,200
classical_rbf_svm,0.5,21,1.0,1.0,1.0,1.0,1.0,1.0,1.0,200,0,0,200
classical_rbf_svm,0.5,22,1.0,1.0,1.0,1.0,1.0,0.9999999999999999,1.0,200,0,0,200
classical_rbf_svm,0.5,23,1.0,1.0,1.0,1.0,1.0,1.0,1.0,200,0,0,200
classical_rbf_svm,0.5,24,1.0,1.0,1.0,1.0,1.0,1.0,1.0,200,0,0,200
classical_rbf_svm,0.5,25,1.0,1.0,1.0,1.0,1.0,1.0,1.0,200,0,0,200
classical_rbf_svm,0.5,26,1.0,1.0,1.0,1.0,1.0,1.0,1.0,200,0,0,200
classical_rbf_svm,0.5,27,1.0,1.0,1.0,1.0,1.0,1.0,1.0,200,0,0,200
classical_rbf_svm,0.5,28,1.0,1.0,1.0,1.0,1.0,1.0,1.0,200,0,0,200
classical_rbf_svm,0.5,29,1.0,1.0,1.0,1.0,1.0,1.0,1.0,200,0,0,200
classical_rbf_svm,0.5,30,1.0,1.0,1.0,1.0,1.0,1.0,1.0,200,0,0,200
classical_rbf_svm,0.5,31,1.0,1.0,1.0,1.0,1.0,1.0,1.0,200,0,0,200
classical_rbf_svm,0.5,32,1.0,1.0,1.0,1.0,1.0,1.0,1.0,200,0,0,200
classical_rbf_svm,0.5,33,1.0,1.0,1.0,1.0,1.0,1.0,1.0,200,0,0,200
classical_rbf_svm,0.5,34,1.0,1.0,1.0,1.0,1.0,1.0,1.0,200,0,0,200
classical_rbf_svm,0.5,35,1.0,1.0,1.0,1.0,1.0,1.0,1.0,200,0,0,200
classical_rbf_svm,0.5,36,1.0,1.0,1.0,1.0,1.0,1.0,0.9999999999999999,200,0,0,200
classical_rbf_svm,0.5,37,1.0,1.0,1.0,1.0,1.0,0.9999999999999999,1.0,200,0,0,200
classical_rbf_svm,0.5,38,1.0,1.0,1.0,1.0,1.0,1.0,1.0,200,0,0,200
classical_rbf_svm,0.5,39,1.0,1.0,1.0,1.0,1.0,0.9999999999999999,1.0,200,0,0,200
classical_rbf_svm,0.5,40,1.0,1.0,1.0,1.0,1.0,1.0,1.0,200,0,0,200
classical_rbf_svm,0.5,41,1.0,1.0,1.0,1.0,1.0,1.0,1.0,200,0,0,200
classical_rbf_svm,0.5,42,1.0,1.0,1.0,1.0,1.0,1.0,1.0,200,0,0,200
classical_rbf_svm,0.5,43,1.0,1.0,1.0,1.0,1.0,1.0,1.0,200,0,0,200
classical_rbf_svm,0.5,44,1.0,1.0,1.0,1.0,1.0,1.0,1.0,200,0,0,200
classical_rbf_svm,0.5,45,1.0,1.0,1.0,1.0,1.0,1.0,1.0,200,0,0,200
classical_rbf_svm,0.5,46,1.0,1.0,1.0,1.0,1.0,0.9999999999999999,1.0,200,0,0,200
classical_rbf_svm,0.5,47,1.0,1.0,1.0,1.0,1.0,1.0,1.0,200,0,0,200
classical_rbf_svm,0.5,48,1.0,1.0,1.0,1.0,1.0,1.0,1.0,200,0,0,200
classical_rbf_svm,0.5,49,1.0,1.0,1.0,1.0,1.0,1.0,1.0,200,0,0,200
classical_rbf_svm,0.5,50,1.0,1.0,1.0,1.0,1.0,1.0,1.0,200,0,0,200
classical_rbf_svm,0.5,51,1.0,1.0,1.0,1.0,1.0,1.0,1.0,200,0,0,200
classical_rbf_svm,0.5,52,1.0,1.0,1.0,1.0,1.0,1.0,1.0,200,0,0,200
classical_rbf_svm,0.5,53,1.0,1.0,1.0,1.0,1.0,1.0,1.0,200,0,0,200
classical_rbf_svm,0.5,54,1.0,1.0,1.0,1.0,1.0,1.0,1.0,200,0,0,200
classical_rbf_svm,0.5,55,1.0,1.0,1.0,1.0,1.0,1.0,1.0,200,0,0,200
classical_rbf_svm,0.5,56,1.0,1.0,1.0,1.0,1.0,1.0,1.0,200,0,0,200
classical_rbf_svm,0.5,57,1.0,1.0,1.0,1.0,1.0,1.0,1.0,200,0,0,200
classical_rbf_svm,0.5,58,1.0,1.0,1.0,1.0,1.0,1.0,1.0,200,0,0,200
classical_rbf_svm,0.5,59,1.0,1.0,1.0,1.0,1.0,1.0,1.0,200,0,0,200
classical_rbf_svm,0.5,60,1.0,1.0,1.0,1.0,1.0,0.9999999999999999,1.0,200,0,0,200
classical_rbf_svm,0.5,61,1.0,1.0,1.0,1.0,1.0,1.0,1.0,200,0,0,200
classical_rbf_svm,0.5,62,1.0,1.0,1.0,1.0,1.0,1.0,1.0,200,0,0,200
classical_rbf_svm,0.5,63,1.0,1.0,1.0,1.0,1.0,0.9999999999999999,1.0,200,0,0,200
classical_rbf_svm,0.5,64,1.0,1.0,1.0,1.0,1.0,1.0,1.0,200,0,0,200
classical_rbf_svm,0.5,65,1.0,1.0,1.0,1.0,1.0,0.9999999999999999,1.0,200,0,0,200
classical_rbf_svm,0.5,66,1.0,1.0,1.0,1.0,1.0,1.0,1.0,200,0,0,200
classical_rbf_svm,0.5,67,1.0,1.0,1.0,1.0,1.0,1.0,1.0,200,0,0,200
classical_rbf_svm,0.5,68,1.0,1.0,1.0,1.0,1.0,1.0,1.0,200,0,0,200
classical_rbf_svm,0.5,69,1.0,1.0,1.0,1.0,1.0,1.0,1.0,200,0,0,200
classical_rbf_svm,0.5,70,1.0,1.0,1.0,1.0,1.0,1.0,1.0,200,0,0,200
classical_rbf_svm,0.5,71,1.0,1.0,1.0,1.0,1.0,1.0,1.0,200,0,0,200
classical_rbf_svm,0.5,72,1.0,1.0,1.0,1.0,1.0,1.0,1.0,200,0,0,200
classical_rbf_svm,0.5,73,1.0,1.0,1.0,1.0,1.0,1.0,1.0,200,0,0,200
classical_rbf_svm,0.5,74,1.0,1.0,1.0,1.0,1.0,1.0,1.0,200,0,0,200
classical_rbf_svm,0.5,75,1.0,1.0,1.0,1.0,1.0,0.9999999999999999,1.0,200,0,0,200
classical_rbf_svm,0.5,76,1.0,1.0,1.0,1.0,1.0,0.9999999999999999,1.0,200,0,0,200
classical_rbf_svm,0.5,77,1.0,1.0,1.0,1.0,1.0,1.0,1.0,200,0,0,200
classical_rbf_svm,0.5,78,1.0,1.0,1.0,1.0,1.0,1.0,1.0,200,0,0,200
classical_rbf_svm,0.5,79,1.0,1.0,1.0,1.0,1.0,1.0,1.0,200,0,0,200
classical_rbf_svm,0.5,80,1.0,1.0,1.0,1.0,1.0,1.0,1.0,200,0,0,200
classical_rbf_svm,0.5,81,1.0,1.0,1.0,1.0,1.0,1.0,1.0,200,0,0,200
classical_rbf_svm,0.5,82,1.0,1.0,1.0,1.0,1.0,1.0,1.0,200,0,0,200
classical_rbf_svm,0.5,83,1.0,1.0,1.0,1.0,1.0,1.0,1.0,200,0,0,200
classical_rbf_svm,0.5,84,1.0,1.0,1.0,1.0,1.0,1.0,1.0,200,0,0,200
classical_rbf_svm,0.5,85,1.0,1.0,1.0,1.0,1.0,1.0,1.0,200,0,0,200
classical_rbf_svm,0.5,86,1.0,1.0,1.0,1.0,1.0,1.0,1.0,200,0,0,200
classical_rbf_svm,0.5,87,1.0,1.0,1.0,1.0,1.0,1.0,1.0,200,0,0,200
classical_rbf_svm,0.5,88,1.0,1.0,1.0,1.0,1.0,1.0,1.0,200,0,0,200
classical_rbf_svm,0.5,89,1.0,1.0,1.0,1.0,1.0,0.9999999999999999,1.0,200,0,0,200
classical_rbf_svm,0.5,90,1.0,1.0,1.0,1.0,1.0,1.0,1.0,200,0,0,200
classical_rbf_svm,0.5,91,1.0,1.0,1.0,1.0,1.0,1.0,1.0,200,0,0,200
classical_rbf_svm,0.5,92,1.0,1.0,1.0,1.0,1.0,1.0,1.0,200,0,0,200
classical_rbf_svm,0.5,93,1.0,1.0,1.0,1.0,1.0,1.0,1.0,200,0,0,200
classical_rbf_svm,0.5,94,1.0,1.0,1.0,1.0,1.0,1.0,1.0,200,0,0,200
classical_rbf_svm,0.5,95,1.0,1.0,1.0,1.0,1.0,1.0,1.0,200,0,0,200
classical_rbf_svm,0.5,96,1.0,1.0,1.0,1.0,1.0,1.0,1.0,200,0,0,200
classical_rbf_svm,0.5,97,1.0,1.0,1.0,1.0,1.0,1.0,1.0,200,0,0,200
classical_rbf_svm,0.5,98,1.0,1.0,1.0,1.0,1.0,1.0,1.0,200,0,0,200
classical_rbf_svm,0.5,99,1.0,1.0,1.0,1.0,1.0,1.0,0.9999999999999999,200,0,0,200
classical_rbf_svm,0.7,0,1.0,1.0,1.0,1.0,1.0,1.0,1.0,120,0,0,280
classical_rbf_svm,0.7,1,1.0,1.0,1.0,1.0,1.0,1.0,1.0,120,0,0,280
classical_rbf_svm,0.7,2,1.0,1.0,1.0,1.0,1.0,1.0,1.0,120,0,0,280
classical_rbf_svm,0.7,3,1.0,1.0,1.0,1.0,1.0,1.0,1.0,120,0,0,280
classical_rbf_svm,0.7,4,1.0,1.0,1.0,1.0,1.0,1.0,1.0,120,0,0,280
classical_rbf_svm,0.7,5,1.0,1.0,1.0,1.0,1.0,1.0,0.9999999999999999,120,0,0,280
classical_rbf_svm,0.7,6,1.0,1.0,1.0,1.0,1.0,1.0,1.0,120,0,0,280
classical_rbf_svm,0.7,7,1.0,1.0,1.0,1.0,1.0,1.0,0.9999999999999999,120,0,0,280
classical_rbf_svm,0.7,8,1.0,1.0,1.0,1.0,1.0,1.0,1.0,120,0,0,280
classical_rbf_svm,0.7,9,1.0,1.0,1.0,1.0,1.0,1.0,0.9999999999999999,120,0,0,280
classical_rbf_svm,0.7,10,1.0,1.0,1.0,1.0,1.0,1.0,1.0,120,0,0,280
classical_rbf_svm,0.7,11,1.0,1.0,1.0,1.0,1.0,1.0,1.0,120,0,0,280
classical_rbf_svm,0.7,12,1.0,1.0,1.0,1.0,1.0,1.0,1.0,120,0,0,280
classical_rbf_svm,0.7,13,1.0,1.0,1.0,1.0,1.0,1.0,1.0,120,0,0,280
classical_rbf_svm,0.7,14,1.0,1.0,1.0,1.0,1.0,1.0,1.0,120,0,0,280
classical_rbf_svm,0.7,15,1.0,1.0,1.0,1.0,1.0,1.0,0.9999999999999999,120,0,0,280
classical_rbf_svm,0.7,16,1.0,1.0,1.0,1.0,1.0,1.0,1.0,120,0,0,280
classical_rbf_svm,0.7,17,1.0,1.0,1.0,1.0,1.0,1.0,1.0,120,0,0,280
classical_rbf_svm,0.7,18,1.0,1.0,1.0,1.0,1.0,1.0,1.0,120,0,0,280
classical_rbf_svm,0.7,19,1.0,1.0,1.0,1.0,1.0,1.0,1.0,120,0,0,280
classical_rbf_svm,0.7,20,1.0,1.0,1.0,1.0,1.0,1.0,1.0,120,0,0,280
classical_rbf_svm,0.7,21,1.0,1.0,1.0,1.0,1.0,1.0,0.9999999999999999,120,0,0,280
classical_rbf_svm,0.7,22,1.0,1.0,1.0,1.0,1.0,1.0,0.9999999999999999,120,0,0,280
classical_rbf_svm,0.7,23,1.0,1.0,1.0,1.0,1.0,1.0,1.0,120,0,0,280
classical_rbf_svm,0.7,24,1.0,1.0,1.0,1.0,1.0,0.9999999999999999,0.9999999999999999,120,0,0,280
classical_rbf_svm,0.7,25,1.0,1.0,1.0,1.0,1.0,1.0,1.0,120,0,0,280
classical_rbf_svm,0.7,26,1.0,1.0,1.0,1.0,1.0,0.9999999999999999,1.0,120,0,0,280
classical_rbf_svm,0.7,27,1.0,1.0,1.0,1.0,1.0,1.0,1.0,120,0,0,280
classical_rbf_svm,0.7,28,1.0,1.0,1.0,1.0,1.0,1.0,0.9999999999999999,120,0,0,280
classical_rbf_svm,0.7,29,1.0,1.0,1.0,1.0,1.0,1.0,0.9999999999999999,120,0,0,280
classical_rbf_svm,0.7,30,1.0,1.0,1.0,1.0,1.0,0.9999999999999999,1.0,120,0,0,280
classical_rbf_svm,0.7,31,1.0,1.0,1.0,1.0,1.0,1.0,1.0,120,0,0,280
classical_rbf_svm,0.7,32,1.0,1.0,1.0,1.0,1.0,1.0,1.0,120,0,0,280
classical_rbf_svm,0.7,33,1.0,1.0,1.0,1.0,1.0,1.0,1.0,120,0,0,280
classical_rbf_svm,0.7,34,1.0,1.0,1.0,1.0,1.0,1.0,1.0,120,0,0,280
classical_rbf_svm,0.7,35,1.0,1.0,1.0,1.0,1.0,1.0,1.0,120,0,0,280
classical_rbf_svm,0.7,36,1.0,1.0,1.0,1.0,1.0,1.0,1.0,120,0,0,280
classical_rbf_svm,0.7,37,1.0,1.0,1.0,1.0,1.0,1.0,1.0,120,0,0,280
classical_rbf_svm,0.7,38,1.0,1.0,1.0,1.0,1.0,1.0,1.0,120,0,0,280
classical_rbf_svm,0.7,39,1.0,1.0,1.0,1.0,1.0,1.0,0.9999999999999999,120,0,0,280
classical_rbf_svm,0.7,40,1.0,1.0,1.0,1.0,1.0,1.0,1.0,120,0,0,280
classical_rbf_svm,0.7,41,1.0,1.0,1.0,1.0,1.0,1.0,1.0,120,0,0,280
classical_rbf_svm,0.7,42,1.0,1.0,1.0,1.0,1.0,1.0,1.0,120,0,0,280
classical_rbf_svm,0.7,43,1.0,1.0,1.0,1.0,1.0,1.0,1.0,120,0,0,280
classical_rbf_svm,0.7,44,1.0,1.0,1.0,1.0,1.0,1.0,1.0,120,0,0,280
classical_rbf_svm,0.7,45,1.0,1.0,1.0,1.0,1.0,1.0,1.0,120,0,0,280
classical_rbf_svm,0.7,46,1.0,1.0,1.0,1.0,1.0,1.0,1.0,120,0,0,280
classical_rbf_svm,0.7,47,1.0,1.0,1.0,1.0,1.0,1.0,0.9999999999999999,120,0,0,280
classical_rbf_svm,0.7,48,1.0,1.0,1.0,1.0,1.0,1.0,1.0,120,0,0,280
classical_rbf_svm,0.7,49,1.0,1.0,1.0,1.0,1.0,1.0,1.0,120,0,0,280
classical_rbf_svm,0.7,50,1.0,1.0,1.0,1.0,1.0,0.9999999999999999,1.0,120,0,0,280
classical_rbf_svm,0.7,51,1.0,1.0,1.0,1.0,1.0,1.0,0.9999999999999999,120,0,0,280
classical_rbf_svm,0.7,52,1.0,1.0,1.0,1.0,1.0,1.0,0.9999999999999999,120,0,0,280
classical_rbf_svm,0.7,53,1.0,1.0,1.0,1.0,1.0,1.0,1.0,120,0,0,280
classical_rbf_svm,0.7,54,1.0,1.0,1.0,1.0,1.0,1.0,1.0,120,0,0,280
classical_rbf_svm,0.7,55,1.0,1.0,1.0,1.0,1.0,1.0,0.9999999999999999,120,0,0,280
classical_rbf_svm,0.7,56,1.0,1.0,1.0,1.0,1.0,0.9999999999999999,1.0,120,0,0,280
classical_rbf_svm,0.7,57,1.0,1.0,1.0,1.0,1.0,0.9999999999999999,0.9999999999999999,120,0,0,280
classical_rbf_svm,0.7,58,1.0,1.0,1.0,1.0,1.0,1.0,1.0,120,0,0,280
classical_rbf_svm,0.7,59,1.0,1.0,1.0,1.0,1.0,1.0,1.0,120,0,0,280
classical_rbf_svm,0.7,60,1.0,1.0,1.0,1.0,1.0,1.0,0.9999999999999999,120,0,0,280
classical_rbf_svm,0.7,61,1.0,1.0,1.0,1.0,1.0,1.0,1.0,120,0,0,280
classical_rbf_svm,0.7,62,1.0,1.0,1.0,1.0,1.0,1.0,1.0,120,0,0,280
classical_rbf_svm,0.7,63,1.0,1.0,1.0,1.0,1.0,1.0,0.9999999999999999,120,0,0,280
classical_rbf_svm,0.7,64,1.0,1.0,1.0,1.0,1.0,1.0,1.0,120,0,0,280
classical_rbf_svm,0.7,65,1.0,1.0,1.0,1.0,1.0,1.0,0.9999999999999999,120,0,0,280
classical_rbf_svm,0.7,66,1.0,1.0,1.0,1.0,1.0,1.0,0.9999999999999999,120,0,0,280
classical_rbf_svm,0.7,67,1.0,1.0,1.0,1.0,1.0,1.0,1.0,120,0,0,280
classical_rbf_svm,0.7,68,1.0,1.0,1.0,1.0,1.0,0.9999999999999999,1.0,120,0,0,280
classical_rbf_svm,0.7,69,1.0,1.0,1.0,1.0,1.0,1.0,1.0,120,0,0,280
classical_rbf_svm,0.7,70,1.0,1.0,1.0,1.0,1.0,1.0,0.9999999999999999,120,0,0,280
classical_rbf_svm,0.7,71,1.0,1.0,1.0,1.0,1.0,1.0,1.0,120,0,0,280
classical_rbf_svm,0.7,72,1.0,1.0,1.0,1.0,1.0,1.0,1.0,120,0,0,280
classical_rbf_svm,0.7,73,1.0,1.0,1.0,1.0,1.0,1.0,1.0,120,0,0,280
classical_rbf_svm,0.7,74,1.0,1.0,1.0,1.0,1.0,1.0,0.9999999999999999,120,0,0,280
classical_rbf_svm,0.7,75,1.0,1.0,1.0,1.0,1.0,1.0,1.0,120,0,0,280
classical_rbf_svm,0.7,76,1.0,1.0,1.0,1.0,1.0,1.0,0.9999999999999999,120,0,0,280
classical_rbf_svm,0.7,77,1.0,1.0,1.0,1.0,1.0,1.0,0.9999999999999999,120,0,0,280
classical_rbf_svm,0.7,78,1.0,1.0,1.0,1.0,1.0,1.0,1.0,120,0,0,280
classical_rbf_svm,0.7,79,1.0,1.0,1.0,1.0,1.0,1.0,1.0,120,0,0,280
classical_rbf_svm,0.7,80,1.0,1.0,1.0,1.0,1.0,1.0,1.0,120,0,0,280
classical_rbf_svm,0.7,81,1.0,1.0,1.0,1.0,1.0,1.0,1.0,120,0,0,280
classical_rbf_svm,0.7,82,1.0,1.0,1.0,1.0,1.0,1.0,1.0,120,0,0,280
classical_rbf_svm,0.7,83,1.0,1.0,1.0,1.0,1.0,1.0,1.0,120,0,0,280
classical_rbf_svm,0.7,84,1.0,1.0,1.0,1.0,1.0,1.0,1.0,120,0,0,280
classical_rbf_svm,0.7,85,1.0,1.0,1.0,1.0,1.0,0.9999999999999999,1.0,120,0,0,280
classical_rbf_svm,0.7,86,1.0,1.0,1.0,1.0,1.0,1.0,1.0,120,0,0,280
classical_rbf_svm,0.7,87,1.0,1.0,1.0,1.0,1.0,1.0,1.0,120,0,0,280
classical_rbf_svm,0.7,88,1.0,1.0,1.0,1.0,1.0,1.0,1.0,120,0,0,280
classical_rbf_svm,0.7,89,1.0,1.0,1.0,1.0,1.0,1.0,1.0,120,0,0,280
classical_rbf_svm,0.7,90,1.0,1.0,1.0,1.0,1.0,1.0,1.0,120,0,0,280
classical_rbf_svm,0.7,91,1.0,1.0,1.0,1.0,1.0,1.0,0.9999999999999999,120,0,0,280
classical_rbf_svm,0.7,92,1.0,1.0,1.0,1.0,1.0,1.0,1.0,120,0,0,280
classical_rbf_svm,0.7,93,1.0,1.0,1.0,1.0,1.0,1.0,1.0,120,0,0,280
classical_rbf_svm,0.7,94,1.0,1.0,1.0,1.0,1.0,1.0,1.0,120,0,0,280
classical_rbf_svm,0.7,95,1.0,1.0,1.0,1.0,1.0,1.0,1.0,120,0,0,280
classical_rbf_svm,0.7,96,1.0,1.0,1.0,1.0,1.0,1.0,1.0,120,0,0,280
classical_rbf_svm,0.7,97,1.0,1.0,1.0,1.0,1.0,1.0,1.0,120,0,0,280
classical_rbf_svm,0.7,98,1.0,1.0,1.0,1.0,1.0,1.0,0.9999999999999999,120,0,0,280
classical_rbf_svm,0.7,99,1.0,1.0,1.0,1.0,1.0,1.0,0.9999999999999999,120,0,0,280
qsvc,0.3,0,0.9825,0.975,0.9857142857142858,0.9669421487603306,0.970954356846473,0.9985416666666667,0.9970225363452476,276,4,3,117
qsvc,0.3,1,0.985,0.9833333333333333,0.9857142857142858,0.9672131147540983,0.9752066115702479,0.9986309523809523,0.9973676240899252,276,4,2,118
qsvc,0.3,2,0.97,0.9916666666666667,0.9607142857142857,0.9153846153846154,0.952,0.9980654761904763,0.9957994155669628,269,11,1,119
qsvc,0.3,3,0.9775,1.0,0.9678571428571429,0.9302325581395349,0.963855421686747,0.9999404761904761,0.999862258953168,271,9,0,120
qsvc,0.3,4,0.9675,0.9833333333333333,0.9607142857142857,0.9147286821705426,0.9477911646586346,0.9986011904761904,0.9973254213966287,269,11,2,118
qsvc,0.3,5,0.975,0.975,0.975,0.9435483870967742,0.9590163934426229,0.9989880952380952,0.9978452710121832,273,7,3,117
qsvc,0.3,6,0.99,1.0,0.9857142857142858,0.967741935483871,0.9836065573770492,0.9998809523809523,0.99972564693131,276,4,0,120
qsvc,0.3,7,0.9775,0.975,0.9785714285714285,0.9512195121951219,0.9629629629629629,0.998422619047619,0.9965537238018077,274,6,3,117
qsvc,0.3,8,0.99,1.0,0.9857142857142858,0.967741935483871,0.9836065573770492,1.0,0.9999999999999999,276,4,0,120
qsvc,0.3,9,0.9725,0.9666666666666667,0.975,0.943089430894309,0.9547325102880658,0.9979761904761905,0.9957405683028138,273,7,4,116
qsvc,0.3,10,0.9875,0.9916666666666667,0.9857142857142858,0.967479674796748,0.9794238683127572,0.9996726190476192,0.9992690727420912,276,4,1,119
qsvc,0.3,11,0.9825,0.9916666666666667,0.9785714285714285,0.952,0.9714285714285714,0.9986607142857143,0.9973932395226246,274,6,1,119
qsvc,0.3,12,0.97,0.975,0.9678571428571429,0.9285714285714286,0.9512195121951219,0.9982440476190476,0.9963712072961259,271,9,3,117
qsvc,0.3,13,0.98,1.0,0.9714285714285714,0.9375,0.967741935483871,0.9999107142857143,0.9997967479674796,272,8,0,120
qsvc,0.3,14,0.9825,0.9833333333333333,0.9821428571428571,0.959349593495935,0.9711934156378601,0.9995535714285715,0.9990162037037037,275,5,2,118
qsvc,0.3,15,0.9825,0.9833333333333333,0.9821428571428571,0.959349593495935,0.9711934156378601,0.999107142857143,0.9981522536779789,275,5,2,118
qsvc,0.3,16,0.985,0.9916666666666667,0.9821428571428571,0.9596774193548387,0.9754098360655737,0.9994345238095238,0.9988095139185617,275,5,1,119
qsvc,0.3,17,0.99,1.0,0.9857142857142858,0.967741935483871,0.9836065573770492,0.9998809523809523,0.9997311827956988,276,4,0,120
qsvc,0.3,18,0.99,0.9916666666666667,0.9892857142857143,0.9754098360655737,0.9834710743801653,0.999404761904762,0.9986844953464413,277,3,1,119
qsvc,0.3,19,0.955,0.9333333333333333,0.9642857142857143,0.9180327868852459,0.9256198347107438,0.9964285714285714,0.9925622671951496,270,10,8,112
qsvc,0.3,20,0.985,0.9916666666666667,0.9821428571428571,0.9596774193548387,0.9754098360655737,0.9995535714285715,0.9989970155947052,275,5,1,119
qsvc,0.3,21,0.9875,0.9916666666666667,0.9857142857142858,0.967479674796748,0.9794238683127572,0.9993452380952381,0.9986029218850072,276,4,1,119
qsvc,0.3,22,0.9925,0.9916666666666667,0.9928571428571429,0.9834710743801653,0.9875518672199171,0.9998214285714285,0.9995889789094432,278,2,1,119
qsvc,0.3,23,0.98,0.9916666666666667,0.975,0.9444444444444444,0.967479674796748,0.999702380952381,0.9993305884901226,273,7,1,119
qsvc,0.3,24,0.99,0.9916666666666667,0.9892857142857143,0.9754098360655737,0.9834710743801653,0.9998214285714285,0.9996031746031745,277,3,1,119
qsvc,0.3,25,0.985,0.9833333333333333,0.9857142857142858,0.9672131147540983,0.9752066115702479,0.9996726190476191,0.9992606171500856,276,4,2,118
qsvc,0.3,26,0.98,0.9916666666666667,0.975,0.9444444444444444,0.967479674796748,0.9994940476190477,0.998873320897147,273,7,1,119
qsvc,0.3,27,0.98,0.9916666666666667,0.975,0.9444444444444444,0.967479674796748,0.9994047619047619,0.9986729010650796,273,7,1,119
qsvc,0.3,28,0.9875,0.9833333333333333,0.9892857142857143,0.9752066115702479,0.979253112033195,0.9996726190476191,0.999269679704671,277,3,2,118
qsvc,0.3,29,0.9775,0.9916666666666667,0.9714285714285714,0.937007874015748,0.9635627530364372,0.9992261904761904,0.9982790999689481,272,8,1,119
qsvc,0.3,30,0.9875,0.9833333333333333,0.9892857142857143,0.9752066115702479,0.979253112033195,0.9996428571428572,0.9992031746031744,277,3,2,118
qsvc,0.3,31,0.9775,0.9666666666666667,0.9821428571428571,0.9586776859504132,0.9626556016597511,0.9986904761904762,0.9970522431491073,275,5,4,116
qsvc,0.3,32,0.98,0.975,0.9821428571428571,0.9590163934426229,0.9669421487603306,0.999077380952381,0.9980133630513137,275,5,3,117
qsvc,0.3,33,0.965,0.9666666666666667,0.9642857142857143,0.9206349206349206,0.943089430894309,0.9964583333333333,0.9930267498538664,270,10,4,116
qsvc,0.3,34,0.975,0.9666666666666667,0.9785714285714285,0.9508196721311475,0.9586776859504132,0.9980357142857142,0.9962211488378419,274,6,4,116
qsvc,0.3,35,0.98,1.0,0.9714285714285714,0.9375,0.967741935483871,0.999672619047619,0.999269679704671,272,8,0,120
qsvc,0.3,36,0.99,0.9833333333333333,0.9928571428571429,0.9833333333333333,0.9833333333333333,0.9997619047619049,0.9994601800856716,278,2,2,118
qsvc,0.3,37,0.9775,0.9916666666666667,0.9714285714285714,0.937007874015748,0.9635627530364372,0.9992857142857142,0.9984356157668188,272,8,1,119
qsvc,0.3,38,0.98,0.9916666666666667,0.975,0.9444444444444444,0.967479674796748,0.9992857142857143,0.9984105227085842,273,7,1,119
qsvc,0.3,39,0.98,0.975,0.9821428571428571,0.9590163934426229,0.9669421487603306,0.998779761904762,0.997341573505195,275,5,3,117
qsvc,0.3,40,0.99,0.9833333333333333,0.9928571428571429,0.9833333333333333,0.9833333333333333,0.9996726190476191,0.9992593676814988,278,2,2,118
qsvc,0.3,41,0.9825,1.0,0.975,0.9448818897637795,0.97165991902834,0.9997916666666666,0.999540682414698,273,7,0,120
qsvc,0.3,42,0.9825,0.975,0.9857142857142858,0.9669421487603306,0.970954356846473,0.9987797619047619,0.9974421779033136,276,4,3,117
qsvc,0.3,43,0.99,1.0,0.9857142857142858,0.967741935483871,0.9836065573770492,0.9998809523809524,0.999731182795699,276,4,0,120
qsvc,0.3,44,0.9825,1.0,0.975,0.9448818897637795,0.97165991902834,0.9997619047619047,0.9994601800856716,273,7,0,120
qsvc,0.3,45,0.9825,0.9916666666666667,0.9785714285714285,0.952,0.9714285714285714,0.999642857142857,0.9992046609093216,274,6,1,119
qsvc,0.3,46,0.965,0.9833333333333333,0.9571428571428572,0.9076923076923077,0.944,0.9984226190476191,0.9966783969396512,268,12,2,118
qsvc,0.3,47,0.98,0.975,0.9821428571428571,0.9590163934426229,0.9669421487603306,0.9991071428571429,0.9980854716411687,275,5,3,117
qsvc,0.3,48,0.97,1.0,0.9571428571428572,0.9090909090909091,0.9523809523809523,1.0,0.9999999999999999,268,12,0,120
qsvc,0.3,49,0.985,0.9916666666666667,0.9821428571428571,0.9596774193548387,0.9754098360655737,0.9998214285714286,0.9995972222222221,275,5,1,119
qsvc,0.3,50,0.9775,1.0,0.9678571428571429,0.9302325581395349,0.963855421686747,0.9997321428571428,0.9994012099590491,271,9,0,120
qsvc,0.3,51,0.9775,1.0,0.9678571428571429,0.9302325581395349,0.963855421686747,1.0,1.0,271,9,0,120
qsvc,0.3,52,0.995,1.0,0.9928571428571429,0.9836065573770492,0.9917355371900827,0.9999404761904762,0.999863387978142,278,2,0,120
qsvc,0.3,53,0.9725,0.9916666666666667,0.9642857142857143,0.9224806201550387,0.9558232931726908,0.9992559523809523,0.9983929145888997,270,10,1,119
qsvc,0.3,54,0.9825,0.9833333333333333,0.9821428571428571,0.959349593495935,0.9711934156378601,0.9993452380952381,0.9985951262477978,275,5,2,118
qsvc,0.3,55,0.9675,0.975,0.9642857142857143,0.9212598425196851,0.9473684210526315,0.9981845238095237,0.9963930807696999,270,10,3,117
qsvc,0.3,56,0.9725,0.9916666666666667,0.9642857142857143,0.9224806201550387,0.9558232931726908,0.9990476190476191,0.9979703872046441,270,10,1,119
qsvc,0.3,57,0.98,0.9833333333333333,0.9785714285714285,0.9516129032258065,0.9672131147540983,0.9994642857142857,0.9988326671511628,274,6,2,118
qsvc,0.3,58,0.9725,0.975,0.9714285714285714,0.936,0.9551020408163265,0.9983928571428572,0.996698461442954,272,8,3,117
qsvc,0.3,59,0.9725,0.9666666666666667,0.975,0.943089430894309,0.9547325102880658,0.9986607142857142,0.9970922386923935,273,7,4,116
qsvc,0.3,60,0.97,0.95,0.9785714285714285,0.95,0.95,0.9985416666666668,0.9967486619565608,274,6,6,114
qsvc,0.3,61,0.98,0.9833333333333333,0.9785714285714285,0.9516129032258065,0.9672131147540983,0.9991369047619048,0.9981989007724299,274,6,2,118
qsvc,0.3,62,0.975,0.9833333333333333,0.9714285714285714,0.9365079365079365,0.959349593495935,0.9993154761904762,0.9984939137636288,272,8,2,118
qsvc,0.3,63,0.9875,0.9833333333333333,0.9892857142857143,0.9752066115702479,0.979253112033195,0.9992857142857142,0.9984098414212048,277,3,2,118
qsvc,0.3,64,0.985,0.9916666666666667,0.9821428571428571,0.9596774193548387,0.9754098360655737,0.9996130952380952,0.9991262540240958,275,5,1,119
qsvc,0.3,65,0.98,0.9666666666666667,0.9857142857142858,0.9666666666666667,0.9666666666666667,0.9985119047619048,0.9968453029983598,276,4,4,116
qsvc,0.3,66,0.9925,1.0,0.9892857142857143,0.975609756097561,0.9876543209876543,1.0,0.9999999999999999,277,3,0,120
qsvc,0.3,67,0.9775,0.9916666666666667,0.9714285714285714,0.937007874015748,0.9635627530364372,0.9992559523809523,0.9983736443465797,272,8,1,119
qsvc,0.3,68,0.9925,0.9916666666666667,0.9928571428571429,0.9834710743801653,0.9875518672199171,0.9998214285714285,0.9995866540429041,278,2,1,119
qsvc,0.3,69,0.9875,0.9916666666666667,0.9857142857142858,0.967479674796748,0.9794238683127572,0.9998214285714286,0.9996031746031745,276,4,1,119
qsvc,0.3,70,0.98,0.9916666666666667,0.975,0.9444444444444444,0.967479674796748,0.9996726190476191,0.9992791321955138,273,7,1,119
qsvc,0.3,71,0.985,0.9916666666666667,0.9821428571428571,0.9596774193548387,0.9754098360655737,0.9996130952380952,0.9991607819972773,275,5,1,119
qsvc,0.3,72,0.985,0.9833333333333333,0.9857142857142858,0.9672131147540983,0.9752066115702479,0.9994940476190475,0.998884063964709,276,4,2,118
qsvc,0.3,73,0.9825,0.9833333333333333,0.9821428571428571,0.959349593495935,0.9711934156378601,0.9993452380952381,0.9985995261591478,275,5,2,118
qsvc,0.3,74,0.98,0.9833333333333333,0.9785714285714285,0.9516129032258065,0.9672131147540983,0.9986011904761906,0.997295290748875,274,6,2,118
qsvc,0.3,75,0.985,0.9916666666666667,0.9821428571428571,0.9596774193548387,0.9754098360655737,0.9994940476190476,0.9989659367396593,275,5,1,119
qsvc,0.3,76,0.9875,1.0,0.9821428571428571,0.96,0.9795918367346939,0.9994345238095238,0.9986986908102116,275,5,0,120
qsvc,0.3,77,0.9925,1.0,0.9892857142857143,0.975609756097561,0.9876543209876543,0.9998511904761905,0.9996556189201053,277,3,0,120
qsvc,0.3,78,0.99,0.9916666666666667,0.9892857142857143,0.9754098360655737,0.9834710743801653,0.999702380952381,0.9993213467301251,277,3,1,119
qsvc,0.3,79,0.985,0.9916666666666667,0.9821428571428571,0.9596774193548387,0.9754098360655737,0.9997023809523808,0.9993491602067183,275,5,1,119
qsvc,0.3,80,0.9675,0.9833333333333333,0.9607142857142857,0.9147286821705426,0.9477911646586346,0.9989285714285714,0.9977975086973886,269,11,2,118
qsvc,0.3,81,0.9775,0.9833333333333333,0.975,0.944,0.963265306122449,0.9985416666666667,0.9967914265372598,273,7,2,118
qsvc,0.3,82,0.9825,0.9583333333333334,0.9928571428571429,0.9829059829059829,0.9704641350210971,0.9993154761904761,0.9984413200743576,278,2,5,115
qsvc,0.3,83,0.98,0.9916666666666667,0.975,0.9444444444444444,0.967479674796748,0.999702380952381,0.9993589743589744,273,7,1,119
qsvc,0.3,84,0.97,0.9833333333333333,0.9642857142857143,0.921875,0.9516129032258065,0.9987202380952382,0.9972491872959786,270,10,2,118
qsvc,0.3,85,0.9775,0.9916666666666667,0.9714285714285714,0.937007874015748,0.9635627530364372,0.9995238095238095,0.998980545626361,272,8,1,119
qsvc,0.3,86,0.98,0.9916666666666667,0.975,0.9444444444444444,0.967479674796748,0.9997916666666666,0.9995406824146982,273,7,1,119
qsvc,0.3,87,0.98,1.0,0.9714285714285714,0.9375,0.967741935483871,0.9998214285714286,0.9996031746031746,272,8,0,120
qsvc,0.3,88,0.9875,0.9833333333333333,0.9892857142857143,0.9752066115702479,0.979253112033195,0.9993452380952381,0.9985492880439685,277,3,2,118
qsvc,0.3,89,0.9775,0.9916666666666667,0.9714285714285714,0.937007874015748,0.9635627530364372,0.9991071428571429,0.9981347489166134,272,8,1,119
qsvc,0.3,90,0.9775,0.9916666666666667,0.9714285714285714,0.937007874015748,0.9635627530364372,0.9994345238095238,0.9987497288098819,272,8,1,119
qsvc,0.3,91,0.9875,0.9916666666666667,0.9857142857142858,0.967479674796748,0.9794238683127572,0.9992857142857143,0.9985031518793447,276,4,1,119
qsvc,0.3,92,0.975,0.9666666666666667,0.9785714285714285,0.9508196721311475,0.9586776859504132,0.9985714285714284,0.9968115680580709,274,6,4,116
qsvc,0.3,93,0.975,0.975,0.975,0.9435483870967742,0.9590163934426229,0.9982440476190476,0.9964778825748198,273,7,3,117
qsvc,0.3,94,0.9775,0.9833333333333333,0.975,0.944,0.963265306122449,0.9988095238095238,0.9974213802171519,273,7,2,118
qsvc,0.3,95,0.975,0.9833333333333333,0.9714285714285714,0.9365079365079365,0.959349593495935,0.9991071428571429,0.9981535582983192,272,8,2,118
qsvc,0.3,96,0.975,0.95,0.9857142857142858,0.9661016949152542,0.957983193277311,0.997797619047619,0.9954953073462952,276,4,6,114
qsvc,0.3,97,0.9775,0.9833333333333333,0.975,0.944,0.963265306122449,0.9984226190476191,0.9968553780932662,273,7,2,118
qsvc,0.3,98,0.9875,0.9916666666666667,0.9857142857142858,0.967479674796748,0.9794238683127572,0.9996130952380952,0.999138135945435,276,4,1,119
qsvc,0.3,99,0.98,0.9833333333333333,0.9785714285714285,0.9516129032258065,0.9672131147540983,0.9992261904761904,0.9983049420964656,274,6,2,118
qsvc,0.5,0,0.98,0.975,0.985,0.9848484848484849,0.9798994974874372,0.998725,0.9988461045530915,197,3,5,195
qsvc,0.5,1,0.9775,0.975,0.98,0.9798994974874372,0.9774436090225563,0.9980000000000001,0.998113657620515,196,4,5,195
qsvc,0.5,2,0.9725,0.97,0.975,0.9748743718592965,0.9724310776942355,0.997475,0.9977151042988517,195,5,6,194
qsvc,0.5,3,0.9775,0.98,0.975,0.9751243781094527,0.9775561097256857,0.99895,0.9989802563497931,195,5,4,196
qsvc,0.5,4,0.985,0.99,0.98,0.9801980198019802,0.9850746268656716,0.999375,0.9994050763701707,196,4,2,198
qsvc,0.5,5,0.985,0.98,0.99,0.98989898989899,0.9849246231155779,0.99945,0.9994595241161739,198,2,4,196
qsvc,0.5,6,0.9825,0.975,0.99,0.9898477157360406,0.982367758186398,0.9994,0.9994050643910972,198,2,5,195
qsvc,0.5,7,0.9825,0.985,0.98,0.9800995024875622,0.9825436408977556,0.998875,0.9989388449204577,196,4,3,197
qsvc,0.5,8,0.985,0.99,0.98,0.9801980198019802,0.9850746268656716,0.9989,0.9989876926581609,196,4,2,198
qsvc,0.5,9,0.9825,0.975,0.99,0.9898477157360406,0.982367758186398,0.9994999999999999,0.9995047157748118,198,2,5,195
qsvc,0.5,10,0.9825,0.995,0.97,0.9707317073170731,0.9827160493827161,0.99975,0.9997546176882577,194,6,1,199
qsvc,0.5,11,0.9875,0.98,0.995,0.9949238578680203,0.9874055415617129,0.9993749999999999,0.9993966297676707,199,1,4,196
qsvc,0.5,12,0.985,0.98,0.99,0.98989898989899,0.9849246231155779,0.9994000000000001,0.9994190683529378,198,2,4,196
qsvc,0.5,13,0.985,0.98,0.99,0.98989898989899,0.9849246231155779,0.9991500000000001,0.9991884460914541,198,2,4,196
qsvc,0.5,14,0.985,0.985,0.985,0.985,0.985,0.99915,0.9991919669010909,197,3,3,197
qsvc,0.5,15,0.98,0.985,0.975,0.9752475247524752,0.9800995024875622,0.997925,0.9981832265375491,195,5,3,197
qsvc,0.5,16,0.985,0.99,0.98,0.9801980198019802,0.9850746268656716,0.999525,0.9995426168760831,196,4,2,198
qsvc,0.5,17,0.99,0.995,0.985,0.9851485148514851,0.9900497512437811,0.99985,0.9998518351561729,197,3,1,199
qsvc,0.5,18,0.9875,1.0,0.975,0.975609756097561,0.9876543209876543,0.999625,0.9996268471985481,195,5,0,200
qsvc,0.5,19,0.9875,0.985,0.99,0.9899497487437185,0.9874686716791979,0.9994249999999999,0.9994487430618327,198,2,3,197
qsvc,0.5,20,0.99,0.985,0.995,0.9949494949494949,0.9899497487437185,0.999325,0.9993505842814343,199,1,3,197
qsvc,0.5,21,0.9775,0.98,0.975,0.9751243781094527,0.9775561097256857,0.998825,0.998852780075327,195,5,4,196
qsvc,0.5,22,0.9825,0.98,0.985,0.9849246231155779,0.9824561403508771,0.9989750000000002,0.9990124565446009,197,3,4,196
qsvc,0.5,23,0.9775,0.99,0.965,0.9658536585365853,0.9777777777777777,0.998775,0.9988716196055657,193,7,2,198
qsvc,0.5,24,0.99,1.0,0.98,0.9803921568627451,0.9900990099009901,0.9998,0.9998004925494425,196,4,0,200
qsvc,0.5,25,0.97,0.975,0.965,0.9653465346534653,0.9701492537313433,0.9985,0.9985530602253725,193,7,5,195
qsvc,0.5,26,0.985,0.99,0.98,0.9801980198019802,0.9850746268656716,0.9989,0.99901311244943,196,4,2,198
qsvc,0.5,27,0.9725,0.98,0.965,0.9655172413793104,0.9727047146401985,0.998275,0.9983582259022117,193,7,4,196
qsvc,0.5,28,0.985,0.975,0.995,0.9948979591836735,0.9848484848484849,0.9992,0.9992306984873832,199,1,5,195
qsvc,0.5,29,0.99,0.98,1.0,1.0,0.98989898989899,0.9995999999999999,0.9996098907628319,200,0,4,196
qsvc,0.5,30,0.9825,0.995,0.97,0.9707317073170731,0.9827160493827161,0.9997250000000001,0.999731819912431,194,6,1,199
qsvc,0.5,31,0.9825,0.975,0.99,0.9898477157360406,0.982367758186398,0.998675,0.9987324243547342,198,2,5,195
qsvc,0.5,32,0.9825,0.995,0.97,0.9707317073170731,0.9827160493827161,0.999475,0.9994863586117836,194,6,1,199
qsvc,0.5,33,0.9775,0.975,0.98,0.9798994974874372,0.9774436090225563,0.9976749999999999,0.9978758689768018,196,4,5,195
qsvc,0.5,34,0.9775,0.995,0.96,0.961352657004831,0.9778869778869779,0.998925,0.9991072314049587,192,8,1,199
qsvc,0.5,35,0.99,1.0,0.98,0.9803921568627451,0.9900990099009901,0.9999,0.9999019607843138,196,4,0,200
qsvc,0.5,36,0.975,0.99,0.96,0.9611650485436893,0.9753694581280788,0.9988,0.9988297269284685,192,8,2,198
qsvc,0.5,37,0.98,0.985,0.975,0.9752475247524752,0.9800995024875622,0.9993,0.9993212180853602,195,5,3,197
qsvc,0.5,38,0.9725,0.97,0.975,0.9748743718592965,0.9724310776942355,0.9984500000000001,0.9984930360629738,195,5,6,194
qsvc,0.5,39,0.995,0.99,1.0,1.0,0.9949748743718593,0.9997,0.9997121535181237,200,0,2,198
qsvc,0.5,40,0.98,0.98,0.98,0.98,0.98,0.9987749999999999,0.9987881546414832,196,4,4,196
qsvc,0.5,41,0.98,0.98,0.98,0.98,0.98,0.9989999999999999,0.999017456289274,196,4,4,196
qsvc,0.5,42,0.985,0.985,0.985,0.985,0.985,0.9995250000000001,0.9995316879962544,197,3,3,197
qsvc,0.5,43,0.9675,0.98,0.955,0.9560975609756097,0.9679012345679012,0.9975999999999999,0.9977511835145105,191,9,4,196
qsvc,0.5,44,0.97,0.965,0.975,0.9747474747474747,0.9698492462311558,0.99835,0.9984151496937018,195,5,7,193
qsvc,0.5,45,0.985,0.99,0.98,0.9801980198019802,0.9850746268656716,0.9989750000000001,0.9990331377742999,196,4,2,198
qsvc,0.5,46,0.9675,0.975,0.96,0.9605911330049262,0.967741935483871,0.99795,0.9980800994464034,192,8,5,195
qsvc,0.5,47,0.9775,0.995,0.96,0.961352657004831,0.9778869778869779,0.9994750000000001,0.9994944348150145,192,8,1,199
qsvc,0.5,48,0.98,0.98,0.98,0.98,0.98,0.9989750000000001,0.9990284530354517,196,4,4,196
qsvc,0.5,49,0.9875,0.99,0.985,0.9850746268656716,0.9875311720698254,0.9994750000000001,0.9994981160639432,197,3,2,198
qsvc,0.5,50,0.99,0.995,0.985,0.9851485148514851,0.9900497512437811,0.999675,0.9996919811320755,197,3,1,199
qsvc,0.5,51,0.975,0.98,0.97,0.9702970297029703,0.9751243781094527,0.9986499999999999,0.9987097310571991,194,6,4,196
qsvc,0.5,52,0.975,0.985,0.965,0.9656862745098039,0.9752475247524752,0.99885,0.9988907840895908,193,7,3,197
qsvc,0.5,53,0.99,0.995,0.985,0.9851485148514851,0.9900497512437811,0.9996,0.9996033283096324,197,3,1,199
qsvc,0.5,54,0.9825,0.975,0.99,0.9898477157360406,0.982367758186398,0.999175,0.999211748108338,198,2,5,195
qsvc,0.5,55,0.99,0.995,0.985,0.9851485148514851,0.9900497512437811,0.9998,0.9998018509486417,197,3,1,199
qsvc,0.5,56,0.985,0.98,0.99,0.98989898989899,0.9849246231155779,0.9991249999999999,0.9991576545460314,198,2,4,196
qsvc,0.5,57,0.9825,0.975,0.99,0.9898477157360406,0.982367758186398,0.9985999999999999,0.9986717034584988,198,2,5,195
qsvc,0.5,58,0.9675,0.96,0.975,0.9746192893401016,0.9672544080604534,0.9980500000000001,0.9981076373153042,195,5,8,192
qsvc,0.5,59,0.98,0.99,0.97,0.9705882352941176,0.9801980198019802,0.9986750000000001,0.9987125390482463,194,6,2,198
qsvc,0.5,60,0.985,0.975,0.995,0.9948979591836735,0.9848484848484849,0.998825,0.9989097206907779,199,1,5,195
qsvc,0.5,61,0.9875,0.98,0.995,0.9949238578680203,0.9874055415617129,0.9993000000000001,0.9993225663578956,199,1,4,196
qsvc,0.5,62,0.975,0.98,0.97,0.9702970297029703,0.9751243781094527,0.9988999999999999,0.998947218388734,194,6,4,196
qsvc,0.5,63,0.9875,0.995,0.98,0.9802955665024631,0.9875930521091811,0.99925,0.9993358392841399,196,4,1,199
qsvc,0.5,64,0.9725,0.985,0.96,0.9609756097560975,0.9728395061728395,0.9986250000000001,0.9987013343665697,192,8,3,197
qsvc,0.5,65,0.985,0.99,0.98,0.9801980198019802,0.9850746268656716,0.999725,0.9997288117511545,196,4,2,198
qsvc,0.5,66,0.9875,0.99,0.985,0.9850746268656716,0.9875311720698254,0.9995499999999999,0.9995706396686609,197,3,2,198
qsvc,0.5,67,0.98,0.98,0.98,0.98,0.98,0.998725,0.9987982993318681,196,4,4,196
qsvc,0.5,68,0.99,0.99,0.99,0.99,0.99,0.99955,0.9995600233877335,198,2,2,198
qsvc,0.5,69,0.9875,0.99,0.985,0.9850746268656716,0.9875311720698254,0.9992249999999999,0.99927916233991,197,3,2,198
qsvc,0.5,70,0.9875,0.995,0.98,0.9802955665024631,0.9875930521091811,0.9995,0.9995454545454545,196,4,1,199
qsvc,0.5,71,0.9875,0.995,0.98,0.9802955665024631,0.9875930521091811,0.99975,0.9997542395348645,196,4,1,199
qsvc,0.5,72,0.98,0.98,0.98,0.98,0.98,0.9993,0.9993325950735897,196,4,4,196
qsvc,0.5,73,0.9925,0.995,0.99,0.9900497512437811,0.9925187032418953,0.9997,0.9997039844523453,198,2,1,199
qsvc,0.5,74,0.9775,0.99,0.965,0.9658536585365853,0.9777777777777777,0.9994500000000001,0.9994724513537825,193,7,2,198
qsvc,0.5,75,0.965,0.955,0.975,0.9744897959183674,0.9646464646464646,0.99805,0.9980927015257584,195,5,9,191
qsvc,0.5,76,0.9875,0.99,0.985,0.9850746268656716,0.9875311720698254,0.999475,0.999504821327283,197,3,2,198
qsvc,0.5,77,0.9875,0.99,0.985,0.9850746268656716,0.9875311720698254,0.9998,0.9998025777304305,197,3,2,198
qsvc,0.5,78,0.98,0.98,0.98,0.98,0.98,0.997925,0.9981047638519551,196,4,4,196
qsvc,0.5,79,0.985,0.99,0.98,0.9801980198019802,0.9850746268656716,0.9994749999999999,0.9994981160639432,196,4,2,198
qsvc,0.5,80,0.9825,0.985,0.98,0.9800995024875622,0.9825436408977556,0.999525,0.9995349648891473,196,4,3,197
qsvc,0.5,81,0.9775,0.98,0.975,0.9751243781094527,0.9775561097256857,0.9983500000000001,0.9984351717340685,195,5,4,196
qsvc,0.5,82,0.9875,0.995,0.98,0.9802955665024631,0.9875930521091811,0.99955,0.9995832949308755,196,4,1,199
qsvc,0.5,83,0.9775,0.975,0.98,0.9798994974874372,0.9774436090225563,0.997525,0.9977393487739845,196,4,5,195
qsvc,0.5,84,0.985,0.99,0.98,0.9801980198019802,0.9850746268656716,0.999,0.9990733995185338,196,4,2,198
qsvc,0.5,85,0.99,0.99,0.99,0.99,0.99,0.999375,0.9993960201502752,198,2,2,198
qsvc,0.5,86,0.9825,0.985,0.98,0.9800995024875622,0.9825436408977556,0.99885,0.9989469964899879,196,4,3,197
qsvc,0.5,87,0.9825,0.975,0.99,0.9898477157360406,0.982367758186398,0.9992,0.9992139498838748,198,2,5,195
qsvc,0.5,88,0.985,0.995,0.975,0.9754901960784313,0.9851485148514851,0.99945,0.9994796133398339,195,5,1,199
qsvc,0.5,89,0.9825,0.975,0.99,0.9898477157360406,0.982367758186398,0.9989250000000001,0.9989782422559143,198,2,5,195
qsvc,0.5,90,0.985,0.985,0.985,0.985,0.985,0.9992749999999999,0.9992974592584772,197,3,3,197
qsvc,0.5,91,0.9925,0.985,1.0,1.0,0.9924433249370277,0.99975,0.9997560410024744,200,0,3,197
qsvc,0.5,92,0.9875,0.98,0.995,0.9949238578680203,0.9874055415617129,0.99965,0.9996541644890736,199,1,4,196
qsvc,0.5,93,0.985,0.99,0.98,0.9801980198019802,0.9850746268656716,0.9993500000000001,0.999371695046996,196,4,2,198
qsvc,0.5,94,0.985,0.99,0.98,0.9801980198019802,0.9850746268656716,0.99945,0.9994538780871716,196,4,2,198
qsvc,0.5,95,0.975,0.97,0.98,0.9797979797979798,0.9748743718592965,0.997875,0.9980474899606315,196,4,6,194
qsvc,0.5,96,0.965,0.985,0.945,0.9471153846153846,0.9656862745098039,0.998075,0.9981654349955855,189,11,3,197
qsvc,0.5,97,0.9875,0.985,0.99,0.9899497487437185,0.9874686716791979,0.999225,0.9992560185392126,198,2,3,197
qsvc,0.5,98,0.98,0.98,0.98,0.98,0.98,0.9991749999999999,0.9991927136737808,196,4,4,196
qsvc,0.5,99,0.9825,0.985,0.98,0.9800995024875622,0.9825436408977556,0.9992249999999999,0.999248492246462,196,4,3,197
qsvc,0.7,0,0.99,0.9928571428571429,0.9833333333333333,0.9928571428571429,0.9928571428571429,0.9997023809523811,0.9998733471987156,118,2,2,278
qsvc,0.7,1,0.9925,0.9964285714285714,0.9833333333333333,0.9928825622775801,0.9946524064171123,0.9995535714285714,0.9998109530448717,118,2,1,279
qsvc,0.7,2,0.98,0.9785714285714285,0.9833333333333333,0.9927536231884058,0.9856115107913669,0.9989880952380952,0.9995748308722685,118,2,6,274
qsvc,0.7,3,0.9825,0.9928571428571429,0.9583333333333334,0.9823321554770318,0.9875666074600356,0.9993154761904762,0.9997078612885668,115,5,2,278
qsvc,0.7,4,0.9825,0.9857142857142858,0.975,0.989247311827957,0.9874776386404294,0.9983333333333333,0.9993207609992307,117,3,4,276
qsvc,0.7,5,0.98,0.9857142857142858,0.9666666666666667,0.9857142857142858,0.9857142857142858,0.9984226190476191,0.999339061371975,116,4,4,276
qsvc,0.7,6,0.9775,0.9785714285714285,0.975,0.9891696750902527,0.9838420107719928,0.9986904761904761,0.9994472211278544,117,3,6,274
qsvc,0.7,7,0.985,0.9821428571428571,0.9916666666666667,0.9963768115942029,0.9892086330935251,0.9989583333333333,0.9995691194562069,119,1,5,275
qsvc,0.7,8,0.98,0.9821428571428571,0.975,0.9892086330935251,0.985663082437276,0.998720238095238,0.9994707599798622,117,3,5,275
qsvc,0.7,9,0.9825,0.975,1.0,1.0,0.9873417721518988,0.9991964285714285,0.9996630817156602,120,0,7,273
qsvc,0.7,10,0.9775,0.975,0.9833333333333333,0.9927272727272727,0.9837837837837838,0.9988095238095238,0.999497170139668,118,2,7,273
qsvc,0.7,11,0.975,0.9714285714285714,0.9833333333333333,0.9927007299270073,0.9819494584837545,0.998720238095238,0.9994628633421387,118,2,8,272
qsvc,0.7,12,0.9825,0.975,1.0,1.0,0.9873417721518988,0.9991071428571429,0.9996251018960685,120,0,7,273
qsvc,0.7,13,0.9825,0.9928571428571429,0.9583333333333334,0.9823321554770318,0.9875666074600356,0.9992559523809523,0.9996878556449535,115,5,2,278
qsvc,0.7,14,0.9875,0.9928571428571429,0.975,0.9893238434163701,0.9910873440285205,0.999702380952381,0.9998746867167918,117,3,2,278
qsvc,0.7,15,0.99,0.9928571428571429,0.9833333333333333,0.9928571428571429,0.9928571428571429,0.9991964285714287,0.9996714818266541,118,2,2,278
qsvc,0.7,16,0.9825,0.9821428571428571,0.9833333333333333,0.9927797833935018,0.9874326750448833,0.999375,0.9997347641040959,118,2,5,275
qsvc,0.7,17,0.99,0.9892857142857143,0.9916666666666667,0.9964028776978417,0.992831541218638,0.9994345238095238,0.9997629940310381,119,1,3,277
qsvc,0.7,18,0.98,0.9964285714285714,0.9416666666666667,0.9755244755244755,0.9858657243816255,0.9994940476190476,0.999786583325853,113,7,1,279
qsvc,0.7,19,0.98,0.9892857142857143,0.9583333333333334,0.9822695035460993,0.9857651245551602,0.9989880952380954,0.9995771155461033,115,5,3,277
qsvc,0.7,20,0.9825,0.9892857142857143,0.9666666666666667,0.9857651245551602,0.9875222816399287,0.9989880952380952,0.9995749307100638,116,4,3,277
qsvc,0.7,21,0.99,0.9928571428571429,0.9833333333333333,0.9928571428571429,0.9928571428571429,0.9993452380952381,0.9997205434951584,118,2,2,278
qsvc,0.7,22,0.99,0.9892857142857143,0.9916666666666667,0.9964028776978417,0.992831541218638,0.9995535714285714,0.9998139304403553,119,1,3,277
qsvc,0.7,23,0.9825,0.9928571428571429,0.9583333333333334,0.9823321554770318,0.9875666074600356,0.9988690476190477,0.9995233988178929,115,5,2,278
qsvc,0.7,24,0.9775,0.9892857142857143,0.95,0.9787985865724381,0.9840142095914742,0.9983630952380953,0.9993024538985218,114,6,3,277
qsvc,0.7,25,0.9775,0.9821428571428571,0.9666666666666667,0.985663082437276,0.9838998211091234,0.9992261904761904,0.9996702696472485,116,4,5,275
qsvc,0.7,26,0.9825,0.9892857142857143,0.9666666666666667,0.9857651245551602,0.9875222816399287,0.9994345238095238,0.9997602047231835,116,4,3,277
qsvc,0.7,27,0.98,0.9785714285714285,0.9833333333333333,0.9927536231884058,0.9856115107913669,0.9988988095238095,0.9995337683959375,118,2,6,274
qsvc,0.7,28,0.9775,0.9857142857142858,0.9583333333333334,0.9822064056939501,0.983957219251337,0.9989583333333333,0.9995631641068277,115,5,4,276
qsvc,0.7,29,0.9925,0.9892857142857143,1.0,1.0,0.9946140035906643,0.9998214285714285,0.9999241422678415,120,0,3,277
qsvc,0.7,30,0.98,0.9785714285714285,0.9833333333333333,0.9927536231884058,0.9856115107913669,0.9992857142857142,0.9996899029476125,118,2,6,274
qsvc,0.7,31,0.9925,0.9892857142857143,1.0,1.0,0.9946140035906643,0.9993749999999999,0.999749149659864,120,0,3,277
qsvc,0.7,32,0.99,0.9892857142857143,0.9916666666666667,0.9964028776978417,0.992831541218638,0.999345238095238,0.9997179852788167,119,1,3,277
qsvc,0.7,33,0.9775,0.9857142857142858,0.9583333333333334,0.9822064056939501,0.983957219251337,0.9986309523809523,0.9994178481554711,115,5,4,276
qsvc,0.7,34,0.9775,0.975,0.9833333333333333,0.9927272727272727,0.9837837837837838,0.9989880952380953,0.9995738368293635,118,2,7,273
qsvc,0.7,35,0.9675,0.9785714285714285,0.9416666666666667,0.9750889679715302,0.9768270944741533,0.9979166666666667,0.9991324102428425,113,7,6,274
qsvc,0.7,36,0.9875,0.9892857142857143,0.9833333333333333,0.992831541218638,0.9910554561717353,0.9995238095238095,0.9997968541748723,118,2,3,277
qsvc,0.7,37,0.9725,0.9821428571428571,0.95,0.9786476868327402,0.9803921568627451,0.9986309523809523,0.999415155292263,114,6,5,275
qsvc,0.7,38,0.99,0.9964285714285714,0.975,0.9893617021276596,0.9928825622775801,0.999702380952381,0.9998753742303564,117,3,1,279
qsvc,0.7,39,0.9825,0.9892857142857143,0.9666666666666667,0.9857651245551602,0.9875222816399287,0.9991964285714287,0.9996619353154617,116,4,3,277
qsvc,0.7,40,0.9825,0.9785714285714285,0.9916666666666667,0.9963636363636363,0.9873873873873874,0.9987797619047619,0.9994959083057235,119,1,6,274
qsvc,0.7,41,0.99,0.9928571428571429,0.9833333333333333,0.9928571428571429,0.9928571428571429,0.9996428571428572,0.9998503140950137,118,2,2,278
qsvc,0.7,42,0.995,0.9964285714285714,0.9916666666666667,0.9964285714285714,0.9964285714285714,0.9999107142857144,0.9999621403331651,119,1,1,279
qsvc,0.7,43,0.9875,0.9857142857142858,0.9916666666666667,0.9963898916967509,0.9910233393177738,0.9998511904761905,0.9999362679326934,119,1,4,276
qsvc,0.7,44,0.96,0.975,0.925,0.9680851063829787,0.9715302491103203,0.9969642857142856,0.9987519413496388,111,9,7,273
qsvc,0.7,45,0.98,0.9857142857142858,0.9666666666666667,0.9857142857142858,0.9857142857142858,0.9987202380952381,0.9994768905764906,116,4,4,276
qsvc,0.7,46,0.9825,0.9892857142857143,0.9666666666666667,0.9857651245551602,0.9875222816399287,0.9994642857142857,0.9997724731565045,116,4,3,277
qsvc,0.7,47,0.985,0.9928571428571429,0.9666666666666667,0.9858156028368794,0.9893238434163701,0.9995238095238096,0.9997988332078642,116,4,2,278
qsvc,0.7,48,0.9775,0.9857142857142858,0.9583333333333334,0.9822064056939501,0.983957219251337,0.9982738095238095,0.9992767704623418,115,5,4,276
qsvc,0.7,49,0.9775,0.975,0.9833333333333333,0.9927272727272727,0.9837837837837838,0.9974404761904763,0.9989413955707479,118,2,7,273
qsvc,0.7,50,0.9825,0.975,1.0,1.0,0.9873417721518988,0.999375,0.9997343972911956,120,0,7,273
qsvc,0.7,51,0.975,0.9678571428571429,0.9916666666666667,0.9963235294117647,0.9818840579710145,0.9988095238095238,0.9994994751274214,119,1,9,271
qsvc,0.7,52,0.9875,0.9857142857142858,0.9916666666666667,0.9963898916967509,0.9910233393177738,0.9997619047619049,0.9998989405717378,119,1,4,276
qsvc,0.7,53,0.9925,0.9892857142857143,1.0,1.0,0.9946140035906643,0.9997619047619049,0.9998992186333548,120,0,3,277
qsvc,0.7,54,0.9925,0.9928571428571429,0.9916666666666667,0.996415770609319,0.9946332737030411,0.9997321428571428,0.9998860565835449,119,1,2,278
qsvc,0.7,55,0.9775,0.9821428571428571,0.9666666666666667,0.985663082437276,0.9838998211091234,0.9989583333333333,0.9995583842577587,116,4,5,275
qsvc,0.7,56,0.975,0.975,0.975,0.9891304347826086,0.9820143884892086,0.999077380952381,0.9996054421950336,117,3,7,273
qsvc,0.7,57,0.98,0.975,0.9916666666666667,0.9963503649635036,0.9855595667870036,0.9988095238095238,0.9994975527581903,119,1,7,273
qsvc,0.7,58,0.9875,0.9892857142857143,0.9833333333333333,0.992831541218638,0.9910554561717353,0.9997023809523808,0.9998737084292733,118,2,3,277
qsvc,0.7,59,0.9875,0.9857142857142858,0.9916666666666667,0.9963898916967509,0.9910233393177738,0.9987202380952381,0.9994733576451592,119,1,4,276
qsvc,0.7,60,0.9775,0.9821428571428571,0.9666666666666667,0.985663082437276,0.9838998211091234,0.9988392857142857,0.9995054393010634,116,4,5,275
qsvc,0.7,61,0.985,0.9857142857142858,0.9833333333333333,0.9928057553956835,0.989247311827957,0.9994345238095239,0.9997618966909201,118,2,4,276
qsvc,0.7,62,0.9875,0.9928571428571429,0.975,0.9893238434163701,0.9910873440285205,0.9994345238095238,0.9997620441711148,117,3,2,278
qsvc,0.7,63,0.9775,0.9785714285714285,0.975,0.9891696750902527,0.9838420107719928,0.9980357142857142,0.9991842336697724,117,3,6,274
qsvc,0.7,64,0.985,0.9964285714285714,0.9583333333333334,0.9823943661971831,0.9893617021276596,0.9996726190476191,0.9998619623615437,115,5,1,279
qsvc,0.7,65,0.9875,0.9928571428571429,0.975,0.9893238434163701,0.9910873440285205,0.9995238095238096,0.9997987751125635,117,3,2,278
qsvc,0.7,66,0.9825,0.9857142857142858,0.975,0.989247311827957,0.9874776386404294,0.9989285714285715,0.9995442710461476,117,3,4,276
qsvc,0.7,67,0.995,0.9928571428571429,1.0,1.0,0.996415770609319,0.9998511904761905,0.9999369430870939,120,0,2,278
qsvc,0.7,68,0.99,0.9892857142857143,0.9916666666666667,0.9964028776978417,0.992831541218638,0.9997916666666667,0.99991134559294,119,1,3,277
qsvc,0.7,69,0.9825,0.9892857142857143,0.9666666666666667,0.9857651245551602,0.9875222816399287,0.9994642857142858,0.9997724731565045,116,4,3,277
qsvc,0.7,70,0.97,0.9607142857142857,0.9916666666666667,0.9962962962962963,0.9781818181818182,0.9989285714285714,0.9995333213768949,119,1,11,269
qsvc,0.7,71,0.985,0.9857142857142858,0.9833333333333333,0.9928057553956835,0.989247311827957,0.9991666666666666,0.9996535317351547,118,2,4,276
qsvc,0.7,72,0.985,0.9821428571428571,0.9916666666666667,0.9963768115942029,0.9892086330935251,0.9989583333333334,0.9995639259866237,119,1,5,275
qsvc,0.7,73,0.975,0.9714285714285714,0.9833333333333333,0.9927007299270073,0.9819494584837545,0.997827380952381,0.9990853764415152,118,2,8,272
qsvc,0.7,74,0.99,1.0,0.9666666666666667,0.9859154929577465,0.9929078014184397,0.9998214285714286,0.9999242787686975,116,4,0,280
qsvc,0.7,75,0.985,0.9821428571428571,0.9916666666666667,0.9963768115942029,0.9892086330935251,0.9994642857142857,0.9997725121642831,119,1,5,275
qsvc,0.7,76,0.9875,0.9857142857142858,0.9916666666666667,0.9963898916967509,0.9910233393177738,0.9994345238095238,0.9997632676762434,119,1,4,276
qsvc,0.7,77,0.9875,0.9928571428571429,0.975,0.9893238434163701,0.9910873440285205,0.9980059523809524,0.9991910299756571,117,3,2,278
qsvc,0.7,78,0.99,0.9892857142857143,0.9916666666666667,0.9964028776978417,0.992831541218638,0.9992261904761904,0.9996769317613031,119,1,3,277
qsvc,0.7,79,0.99,0.9928571428571429,0.9833333333333333,0.9928571428571429,0.9928571428571429,0.9996428571428572,0.9998497265457391,118,2,2,278
qsvc,0.7,80,0.9925,0.9964285714285714,0.9833333333333333,0.9928825622775801,0.9946524064171123,0.9995535714285714,0.9998073633695574,118,2,1,279
qsvc,0.7,81,0.975,0.9785714285714285,0.9666666666666667,0.9856115107913669,0.982078853046595,0.9985714285714287,0.9993966607657885,116,4,6,274
qsvc,0.7,82,0.9875,0.9857142857142858,0.9916666666666667,0.9963898916967509,0.9910233393177738,0.9990773809523809,0.9996182443472796,119,1,4,276
qsvc,0.7,83,0.99,0.9892857142857143,0.9916666666666667,0.9964028776978417,0.992831541218638,0.9994047619047619,0.9997471841000967,119,1,3,277
qsvc,0.7,84,0.98,0.9821428571428571,0.975,0.9892086330935251,0.985663082437276,0.9984821428571429,0.9993747247347384,117,3,5,275
qsvc,0.7,85,0.985,0.9892857142857143,0.975,0.9892857142857143,0.9892857142857143,0.9991964285714285,0.9996581135711106,117,3,3,277
qsvc,0.7,86,0.9775,0.9785714285714285,0.975,0.9891696750902527,0.9838420107719928,0.9985714285714286,0.9994018307693047,117,3,6,274
qsvc,0.7,87,0.9925,0.9928571428571429,0.9916666666666667,0.996415770609319,0.9946332737030411,0.9995535714285715,0.9998135910711033,119,1,2,278
qsvc,0.7,88,0.99,0.9928571428571429,0.9833333333333333,0.9928571428571429,0.9928571428571429,0.9997619047619049,0.9998985447736876,118,2,2,278
qsvc,0.7,89,0.9725,0.975,0.9666666666666667,0.9855595667870036,0.9802513464991023,0.9985714285714286,0.9993977766808906,116,4,7,273
qsvc,0.7,90,0.985,0.9928571428571429,0.9666666666666667,0.9858156028368794,0.9893238434163701,0.9992261904761904,0.9996718590630541,116,4,2,278
qsvc,0.7,91,0.9825,0.9857142857142858,0.975,0.989247311827957,0.9874776386404294,0.9982738095238095,0.9992817969665442,117,3,4,276
qsvc,0.7,92,0.9825,0.9857142857142858,0.975,0.989247311827957,0.9874776386404294,0.9988690476190475,0.9995209402893115,117,3,4,276
qsvc,0.7,93,0.9775,0.9821428571428571,0.9666666666666667,0.985663082437276,0.9838998211091234,0.9987202380952381,0.9994679343160784,116,4,5,275
qsvc,0.7,94,0.9825,0.9821428571428571,0.9833333333333333,0.9927797833935018,0.9874326750448833,0.9988690476190477,0.999531493330251,118,2,5,275
qsvc,0.7,95,0.9825,0.9785714285714285,0.9916666666666667,0.9963636363636363,0.9873873873873874,0.9977678571428571,0.999092459950542,119,1,6,274
qsvc,0.7,96,0.99,0.9964285714285714,0.975,0.9893617021276596,0.9928825622775801,0.999702380952381,0.9998728960988057,117,3,1,279
qsvc,0.7,97,0.9925,1.0,0.975,0.9893992932862191,0.9946714031971581,0.9997023809523811,0.9998730345696059,117,3,0,280
qsvc,0.7,98,0.985,0.9928571428571429,0.9666666666666667,0.9858156028368794,0.9893238434163701,0.9996428571428573,0.9998489558907329,116,4,2,278
qsvc,0.7,99,0.9825,0.9785714285714285,0.9916666666666667,0.9963636363636363,0.9873873873873874,0.9989583333333333,0.9995640313222571,119,1,6,274
