model,accuracy,sensitivity,specificity,precision,f1,roc_auc,pr_auc,tn,fp,fn,tp,prediction_seconds,budget,repeat,fold,fit_seconds
classical_rbf_svm,1.0,1.0,1.0,1.0,1.0,1.0,1.0,24,0,0,40,0.0005110420024720952,8,1,1,0.0015299160004360601
qsvc,1.0,1.0,1.0,1.0,1.0,1.0,1.0,24,0,0,40,0.13408016599714756,8,1,1,0.7043189999967581
classical_rbf_svm,1.0,1.0,1.0,1.0,1.0,1.0,1.0,24,0,0,40,0.0003292079927632585,8,1,2,0.001284583006054163
qsvc,0.96875,1.0,0.9166666666666666,0.9523809523809523,0.975609756097561,1.0,1.0,22,2,0,40,0.26254216699453536,8,1,2,0.5312844160071108
classical_rbf_svm,1.0,1.0,1.0,1.0,1.0,1.0,1.0,24,0,0,40,0.0002337079931749031,8,1,3,0.0013921659992774948
qsvc,0.96875,0.95,1.0,1.0,0.9743589743589743,1.0,1.0,24,0,2,38,0.13854479198926128,8,1,3,0.5447580839972943
classical_rbf_svm,1.0,1.0,1.0,1.0,1.0,1.0,1.0,24,0,0,40,0.0002964589948533103,8,1,4,0.0007923329976620153
qsvc,1.0,1.0,1.0,1.0,1.0,1.0,1.0,24,0,0,40,0.2625671669957228,8,1,4,0.4559765830053948
classical_rbf_svm,1.0,1.0,1.0,1.0,1.0,1.0,1.0,24,0,0,40,0.00023545799194835126,8,1,5,0.0014791249996051192
qsvc,0.96875,0.975,0.9583333333333334,0.975,0.975,0.9979166666666666,0.9988095238095238,23,1,1,39,0.1263347500062082,8,1,5,0.5744643749931129
classical_rbf_svm,1.0,1.0,1.0,1.0,1.0,1.0,1.0,24,0,0,40,0.00026087499281857163,8,2,1,0.0009224579989677295
qsvc,1.0,1.0,1.0,1.0,1.0,1.0,1.0,24,0,0,40,0.26952112499566283,8,2,1,0.43925237499934155
classical_rbf_svm,1.0,1.0,1.0,1.0,1.0,1.0,1.0,24,0,0,40,0.00025191700842697173,8,2,2,0.002115333001711406
qsvc,1.0,1.0,1.0,1.0,1.0,1.0,1.0,24,0,0,40,0.1393778750061756,8,2,2,0.5525983749976149
classical_rbf_svm,1.0,1.0,1.0,1.0,1.0,1.0,1.0,24,0,0,40,0.0004666660097427666,8,2,3,0.00153929200314451
qsvc,0.984375,0.975,1.0,1.0,0.9873417721518988,0.9989583333333334,0.999390243902439,24,0,1,39,0.2260070829943288,8,2,3,0.5086453749972861
classical_rbf_svm,1.0,1.0,1.0,1.0,1.0,1.0,1.0,24,0,0,40,0.00022724999871570617,8,2,4,0.0021880410058656707
qsvc,0.96875,1.0,0.9166666666666666,0.9523809523809523,0.975609756097561,1.0,1.0,22,2,0,40,0.12586125000962056,8,2,4,0.5167213329987135
classical_rbf_svm,1.0,1.0,1.0,1.0,1.0,1.0,1.0,24,0,0,40,0.000455000001238659,8,2,5,0.0009324589918833226
qsvc,0.953125,0.925,1.0,1.0,0.961038961038961,0.9927083333333333,0.9959415584415584,24,0,3,37,0.24607633300183807,8,2,5,0.46105729199189227
classical_rbf_svm,1.0,1.0,1.0,1.0,1.0,1.0,1.0,24,0,0,40,0.00023525000142399222,8,3,1,0.0013757499982602894
qsvc,0.984375,0.975,1.0,1.0,0.9873417721518988,1.0,1.0,24,0,1,39,0.1212623750034254,8,3,1,0.5204672910040244
classical_rbf_svm,1.0,1.0,1.0,1.0,1.0,1.0,1.0,24,0,0,40,0.0003148339892504737,8,3,2,0.0016506249958183616
qsvc,1.0,1.0,1.0,1.0,1.0,1.0,1.0,24,0,0,40,0.24251508300949354,8,3,2,0.45127325000066776
classical_rbf_svm,1.0,1.0,1.0,1.0,1.0,1.0,1.0,24,0,0,40,0.00023308400704991072,8,3,3,0.000771666003856808
qsvc,0.9375,0.9,1.0,1.0,0.9473684210526315,0.9927083333333334,0.9959415584415586,24,0,4,36,0.12148358399281278,8,3,3,0.5298294160020305
classical_rbf_svm,1.0,1.0,1.0,1.0,1.0,1.0,1.0,24,0,0,40,0.00024995800049509853,8,3,4,0.0010325420007575303
qsvc,1.0,1.0,1.0,1.0,1.0,1.0,1.0,24,0,0,40,0.21275375000550412,8,3,4,0.4236292499990668
classical_rbf_svm,1.0,1.0,1.0,1.0,1.0,1.0,1.0,24,0,0,40,0.0002662499900907278,8,3,5,0.0007943329983390868
qsvc,0.96875,1.0,0.9166666666666666,0.9523809523809523,0.975609756097561,1.0,1.0,22,2,0,40,0.1261283329949947,8,3,5,0.5674602080107434
classical_rbf_svm,1.0,1.0,1.0,1.0,1.0,1.0,1.0,24,0,0,40,0.00033637500018812716,8,4,1,0.0008852089958963916
qsvc,0.984375,0.975,1.0,1.0,0.9873417721518988,1.0,1.0,24,0,1,39,0.27901479200227186,8,4,1,0.48152549999940675
classical_rbf_svm,1.0,1.0,1.0,1.0,1.0,1.0,1.0,24,0,0,40,0.00025845800701063126,8,4,2,0.0011507089948281646
qsvc,0.953125,1.0,0.875,0.9302325581395349,0.963855421686747,1.0,1.0,21,3,0,40,0.12523979099933058,8,4,2,0.554929167003138
classical_rbf_svm,1.0,1.0,1.0,1.0,1.0,1.0,1.0,24,0,0,40,0.00034620799124240875,8,4,3,0.001214125004480593
qsvc,1.0,1.0,1.0,1.0,1.0,1.0,1.0,24,0,0,40,0.221562749997247,8,4,3,0.4943747500074096
classical_rbf_svm,1.0,1.0,1.0,1.0,1.0,1.0,1.0,24,0,0,40,0.00022950000129640102,8,4,4,0.0008822920062812045
qsvc,0.984375,0.975,1.0,1.0,0.9873417721518988,1.0,1.0,24,0,1,39,0.12281391600845382,8,4,4,0.5419972910021897
classical_rbf_svm,1.0,1.0,1.0,1.0,1.0,1.0,1.0,24,0,0,40,0.00042174999543931335,8,4,5,0.0014286670048022643
qsvc,1.0,1.0,1.0,1.0,1.0,1.0,1.0,24,0,0,40,0.2970155000075465,8,4,5,0.4894531250029104
classical_rbf_svm,1.0,1.0,1.0,1.0,1.0,1.0,1.0,24,0,0,40,0.0002453330089338124,8,5,1,0.0015490000077988952
qsvc,0.953125,1.0,0.875,0.9302325581395349,0.963855421686747,1.0,1.0,21,3,0,40,0.12208520800049882,8,5,1,0.5348405419936171
classical_rbf_svm,1.0,1.0,1.0,1.0,1.0,1.0,1.0,24,0,0,40,0.001152249998995103,8,5,2,0.0014038340013939887
qsvc,1.0,1.0,1.0,1.0,1.0,1.0,1.0,24,0,0,40,0.2555448330094805,8,5,2,0.5329609589971369
classical_rbf_svm,1.0,1.0,1.0,1.0,1.0,1.0,1.0,24,0,0,40,0.0002606250054668635,8,5,3,0.002326458998140879
qsvc,0.953125,0.95,0.9583333333333334,0.9743589743589743,0.9620253164556962,0.9979166666666668,0.9987652439024391,23,1,2,38,0.12816550000570714,8,5,3,0.5253760830091778
classical_rbf_svm,1.0,1.0,1.0,1.0,1.0,1.0,1.0,24,0,0,40,0.00032041700615081936,8,5,4,0.0014337910106405616
qsvc,1.0,1.0,1.0,1.0,1.0,1.0,1.0,24,0,0,40,0.24591174999659415,8,5,4,0.4326941250037635
classical_rbf_svm,1.0,1.0,1.0,1.0,1.0,1.0,1.0,24,0,0,40,0.0002666249929461628,8,5,5,0.0028190419980091974
qsvc,0.984375,0.975,1.0,1.0,0.9873417721518988,1.0,1.0,24,0,1,39,0.12169566600641701,8,5,5,0.5400910419994034
classical_rbf_svm,1.0,1.0,1.0,1.0,1.0,1.0,1.0000000000000002,24,0,0,40,0.0002907499874709174,8,6,1,0.0017297909944318235
qsvc,0.96875,1.0,0.9166666666666666,0.9523809523809523,0.975609756097561,0.9979166666666666,0.998809523809524,22,2,0,40,0.30178066600637976,8,6,1,0.4605717079975875
classical_rbf_svm,1.0,1.0,1.0,1.0,1.0,1.0,1.0,24,0,0,40,0.000254625003435649,8,6,2,0.0016494580049766228
qsvc,0.984375,0.975,1.0,1.0,0.9873417721518988,1.0,1.0,24,0,1,39,0.1252026250003837,8,6,2,0.5697348329995293
classical_rbf_svm,1.0,1.0,1.0,1.0,1.0,1.0,1.0,24,0,0,40,0.00023987499298527837,8,6,3,0.002222916009486653
qsvc,1.0,1.0,1.0,1.0,1.0,1.0,1.0,24,0,0,40,0.24976970799616538,8,6,3,0.42610658300691284
classical_rbf_svm,1.0,1.0,1.0,1.0,1.0,1.0,1.0,24,0,0,40,0.0003653330059023574,8,6,4,0.0007680419948883355
qsvc,1.0,1.0,1.0,1.0,1.0,1.0,1.0,24,0,0,40,0.13315945799695328,8,6,4,0.5732027919875691
classical_rbf_svm,1.0,1.0,1.0,1.0,1.0,1.0,1.0,24,0,0,40,0.00029266701312735677,8,6,5,0.0028163330134702846
qsvc,0.984375,0.975,1.0,1.0,0.9873417721518988,1.0,1.0,24,0,1,39,0.24584995800978504,8,6,5,0.45168324999394827
classical_rbf_svm,1.0,1.0,1.0,1.0,1.0,1.0,1.0,24,0,0,40,0.0002804589894367382,8,7,1,0.0009213750017806888
qsvc,1.0,1.0,1.0,1.0,1.0,1.0,1.0,24,0,0,40,0.12624374999722932,8,7,1,0.5861520420003217
classical_rbf_svm,1.0,1.0,1.0,1.0,1.0,1.0,1.0,24,0,0,40,0.0002733750006882474,8,7,2,0.0033968330099014565
qsvc,0.96875,1.0,0.9166666666666666,0.9523809523809523,0.975609756097561,1.0,1.0,22,2,0,40,0.2601524170022458,8,7,2,0.5096104580006795
classical_rbf_svm,1.0,1.0,1.0,1.0,1.0,1.0,1.0,24,0,0,40,0.0002500420087017119,8,7,3,0.0008206250058719888
qsvc,1.0,1.0,1.0,1.0,1.0,1.0,1.0,24,0,0,40,0.12226658299914561,8,7,3,0.5496043750026729
classical_rbf_svm,1.0,1.0,1.0,1.0,1.0,1.0,1.0,24,0,0,40,0.00029929200536571443,8,7,4,0.0028864170017186552
qsvc,1.0,1.0,1.0,1.0,1.0,1.0,1.0,24,0,0,40,0.266995208003209,8,7,4,0.46746295801131055
classical_rbf_svm,1.0,1.0,1.0,1.0,1.0,1.0,1.0,24,0,0,40,0.00028587500855792314,8,7,5,0.0008665839995956048
qsvc,0.9375,0.9,1.0,1.0,0.9473684210526315,0.9937499999999999,0.9963400116144019,24,0,4,36,0.11976841698924545,8,7,5,0.5297441659931792
classical_rbf_svm,1.0,1.0,1.0,1.0,1.0,1.0,1.0,24,0,0,40,0.00033495899697300047,8,8,1,0.00297816599777434
qsvc,0.984375,1.0,0.9583333333333334,0.975609756097561,0.9876543209876543,1.0,1.0,23,1,0,40,0.2522965829994064,8,8,1,0.4591384169907542
classical_rbf_svm,1.0,1.0,1.0,1.0,1.0,1.0,1.0,24,0,0,40,0.00022783300664741546,8,8,2,0.0022602079989155754
qsvc,0.984375,1.0,0.9583333333333334,0.975609756097561,0.9876543209876543,1.0,1.0,23,1,0,40,0.12494587499531917,8,8,2,0.5318599159945734
classical_rbf_svm,1.0,1.0,1.0,1.0,1.0,1.0,1.0,24,0,0,40,0.0005290419940138236,8,8,3,0.0011244170018471777
qsvc,0.984375,1.0,0.9583333333333334,0.975609756097561,0.9876543209876543,0.9989583333333334,0.999390243902439,23,1,0,40,0.25305983300495427,8,8,3,0.5272558330034371
classical_rbf_svm,1.0,1.0,1.0,1.0,1.0,1.0,1.0,24,0,0,40,0.00024370799656026065,8,8,4,0.00482120800006669
qsvc,0.984375,0.975,1.0,1.0,0.9873417721518988,1.0,1.0,24,0,1,39,0.1354613339935895,8,8,4,0.5372213749942603
classical_rbf_svm,1.0,1.0,1.0,1.0,1.0,1.0,1.0,24,0,0,40,0.00048141699517145753,8,8,5,0.0027205829974263906
qsvc,0.96875,0.95,1.0,1.0,0.9743589743589743,1.0,1.0,24,0,2,38,0.21877262499765493,8,8,5,0.5692720420047408
classical_rbf_svm,1.0,1.0,1.0,1.0,1.0,1.0,1.0,24,0,0,40,0.0002692500129342079,8,9,1,0.0009014170063892379
qsvc,1.0,1.0,1.0,1.0,1.0,1.0,1.0,24,0,0,40,0.11694891599472612,8,9,1,0.5266239589982433
classical_rbf_svm,1.0,1.0,1.0,1.0,1.0,1.0,1.0,24,0,0,40,0.000567750001209788,8,9,2,0.0014205409970600158
qsvc,0.953125,0.975,0.9166666666666666,0.9512195121951219,0.9629629629629629,0.9979166666666667,0.9988095238095239,22,2,1,39,0.25189670799591113,8,9,2,0.404344750000746
classical_rbf_svm,1.0,1.0,1.0,1.0,1.0,1.0,1.0,24,0,0,40,0.00022499999613501132,8,9,3,0.0029523749981308356
qsvc,1.0,1.0,1.0,1.0,1.0,1.0,1.0,24,0,0,40,0.12186608300544322,8,9,3,0.5596420000074431
classical_rbf_svm,1.0,1.0,1.0,1.0,1.0,1.0,1.0,24,0,0,40,0.000348917004885152,8,9,4,0.0016453749994980171
qsvc,0.984375,0.975,1.0,1.0,0.9873417721518988,1.0,1.0,24,0,1,39,0.24779445900639985,8,9,4,0.4405698329937877
classical_rbf_svm,1.0,1.0,1.0,1.0,1.0,1.0,1.0,24,0,0,40,0.0002447500010021031,8,9,5,0.0008806669939076528
qsvc,0.984375,1.0,0.9583333333333334,0.975609756097561,0.9876543209876543,1.0,1.0,23,1,0,40,0.12614004100032616,8,9,5,0.5281919170083711
classical_rbf_svm,1.0,1.0,1.0,1.0,1.0,1.0,1.0,24,0,0,40,0.0016505410021636635,8,10,1,0.0011555829987628385
qsvc,1.0,1.0,1.0,1.0,1.0,1.0,1.0,24,0,0,40,0.26581300000543706,8,10,1,0.49473870800284203
classical_rbf_svm,1.0,1.0,1.0,1.0,1.0,1.0,1.0,24,0,0,40,0.0002487079909769818,8,10,2,0.0014040410023881122
qsvc,1.0,1.0,1.0,1.0,1.0,1.0,1.0,24,0,0,40,0.12014749999798369,8,10,2,0.5425757499906467
classical_rbf_svm,1.0,1.0,1.0,1.0,1.0,1.0,1.0,24,0,0,40,0.00029712499235756695,8,10,3,0.0010375419951742515
qsvc,0.984375,0.975,1.0,1.0,0.9873417721518988,1.0,1.0,24,0,1,39,0.17510645900620148,8,10,3,0.40729191699938383
classical_rbf_svm,1.0,1.0,1.0,1.0,1.0,1.0,1.0,24,0,0,40,0.0002170000079786405,8,10,4,0.0009094999986700714
qsvc,0.984375,0.975,1.0,1.0,0.9873417721518988,0.9989583333333334,0.999390243902439,24,0,1,39,0.11674191600468475,8,10,4,0.4245423749962356
classical_rbf_svm,1.0,1.0,1.0,1.0,1.0,1.0,1.0,24,0,0,40,0.00020970799960196018,8,10,5,0.0007711660000495613
qsvc,1.0,1.0,1.0,1.0,1.0,1.0,1.0,24,0,0,40,0.14695249999931548,8,10,5,0.3689792500081239
classical_rbf_svm,1.0,1.0,1.0,1.0,1.0,1.0,1.0,24,0,0,40,0.00021754199406132102,6,1,1,0.0007040829950710759
qsvc,1.0,1.0,1.0,1.0,1.0,1.0,1.0000000000000002,24,0,0,40,0.09366716700606048,6,1,1,0.3448308340011863
classical_rbf_svm,0.96875,1.0,0.9166666666666666,0.9523809523809523,0.975609756097561,1.0,1.0000000000000002,22,2,0,40,0.000224959003389813,6,1,2,0.0006706669955747202
qsvc,0.953125,0.975,0.9166666666666666,0.9512195121951219,0.9629629629629629,0.990625,0.9954081632653062,22,2,1,39,0.14044733300397638,6,1,2,0.2871728750033071
classical_rbf_svm,1.0,1.0,1.0,1.0,1.0,1.0,1.0,24,0,0,40,0.00022445799550041556,6,1,3,0.0006525839999085292
qsvc,0.96875,0.95,1.0,1.0,0.9743589743589743,0.9895833333333333,0.995,24,0,2,38,0.09574212499137502,6,1,3,0.3179523330036318
classical_rbf_svm,1.0,1.0,1.0,1.0,1.0,1.0,1.0,24,0,0,40,0.00021579100575763732,6,1,4,0.000653708993922919
qsvc,1.0,1.0,1.0,1.0,1.0,1.0,1.0,24,0,0,40,0.0905111250031041,6,1,4,0.3343274159997236
classical_rbf_svm,1.0,1.0,1.0,1.0,1.0,1.0,1.0000000000000002,24,0,0,40,0.00021545799972955137,6,1,5,0.0006692090100841597
qsvc,0.96875,0.975,0.9583333333333334,0.975,0.975,0.9947916666666666,0.9972222222222225,23,1,1,39,0.12345745800121222,6,1,5,0.30159587498928886
classical_rbf_svm,1.0,1.0,1.0,1.0,1.0,1.0,1.0,24,0,0,40,0.0002562080044299364,6,2,1,0.0006501669995486736
qsvc,1.0,1.0,1.0,1.0,1.0,1.0,1.0,24,0,0,40,0.09317454099073075,6,2,1,0.3538870000047609
classical_rbf_svm,1.0,1.0,1.0,1.0,1.0,1.0,1.0,24,0,0,40,0.0002456250076647848,6,2,2,0.0006602909998036921
qsvc,0.984375,1.0,0.9583333333333334,0.975609756097561,0.9876543209876543,1.0,1.0,23,1,0,40,0.14200387500750367,6,2,2,0.28791312499379274
classical_rbf_svm,1.0,1.0,1.0,1.0,1.0,1.0,1.0000000000000002,24,0,0,40,0.00022924999939277768,6,2,3,0.0006439169956138358
qsvc,0.96875,0.95,1.0,1.0,0.9743589743589743,0.9854166666666667,0.9928221288515408,24,0,2,38,0.09920216699538287,6,2,3,0.31401733300299384
classical_rbf_svm,0.96875,1.0,0.9166666666666666,0.9523809523809523,0.975609756097561,1.0,1.0,22,2,0,40,0.00022916599118616432,6,2,4,0.0006465839978773147
qsvc,0.953125,0.975,0.9166666666666666,0.9512195121951219,0.9629629629629629,0.9822916666666668,0.9908562796600818,22,2,1,39,0.12210654199589044,6,2,4,0.3153862499893876
classical_rbf_svm,1.0,1.0,1.0,1.0,1.0,1.0,1.0,24,0,0,40,0.00022162499953992665,6,2,5,0.0006589169934159145
qsvc,0.953125,0.925,1.0,1.0,0.961038961038961,0.99375,0.9964700996677742,24,0,3,37,0.09308599999349099,6,2,5,0.3408294999971986
classical_rbf_svm,1.0,1.0,1.0,1.0,1.0,1.0,1.0,24,0,0,40,0.0002104580053128302,6,3,1,0.0006139580073067918
qsvc,0.984375,0.975,1.0,1.0,0.9873417721518988,0.9989583333333334,0.9993902439024392,24,0,1,39,0.09401708299992606,6,3,1,0.3552021670038812
classical_rbf_svm,1.0,1.0,1.0,1.0,1.0,1.0,1.0,24,0,0,40,0.0002247079974040389,6,3,2,0.0006595000013476238
qsvc,0.953125,0.975,0.9166666666666666,0.9512195121951219,0.9629629629629629,0.9864583333333333,0.9938679245283021,22,2,1,39,0.14418545800435822,6,3,2,0.282435125001939
classical_rbf_svm,1.0,1.0,1.0,1.0,1.0,1.0,1.0000000000000002,24,0,0,40,0.00022079200425650924,6,3,3,0.0006909170042490587
qsvc,0.9375,0.9,1.0,1.0,0.9473684210526315,0.9802083333333333,0.9905519114821443,24,0,4,36,0.09476566599914804,6,3,3,0.3227449169935426
classical_rbf_svm,1.0,1.0,1.0,1.0,1.0,1.0,1.0,24,0,0,40,0.00023291600518859923,6,3,4,0.0006442910089390352
qsvc,1.0,1.0,1.0,1.0,1.0,1.0,1.0,24,0,0,40,0.1251668329932727,6,3,4,0.30701470900385175
classical_rbf_svm,0.96875,1.0,0.9166666666666666,0.9523809523809523,0.975609756097561,1.0,1.0,22,2,0,40,0.00022737499966751784,6,3,5,0.0006639580096816644
qsvc,0.96875,1.0,0.9166666666666666,0.9523809523809523,0.975609756097561,1.0,1.0000000000000002,22,2,0,40,0.09185495800920762,6,3,5,0.33175670899800025
classical_rbf_svm,1.0,1.0,1.0,1.0,1.0,1.0,1.0,24,0,0,40,0.0002486669982317835,6,4,1,0.000625832995865494
qsvc,0.96875,0.95,1.0,1.0,0.9743589743589743,1.0,1.0,24,0,2,38,0.14255150000099093,6,4,1,0.29742962500313297
classical_rbf_svm,1.0,1.0,1.0,1.0,1.0,1.0,1.0,24,0,0,40,0.00023379200138151646,6,4,2,0.0006425000028684735
qsvc,0.953125,1.0,0.875,0.9302325581395349,0.963855421686747,1.0,1.0,21,3,0,40,0.1062652089894982,6,4,2,0.33690454201132525
classical_rbf_svm,1.0,1.0,1.0,1.0,1.0,1.0,1.0,24,0,0,40,0.00022283400176092982,6,4,3,0.000683542006299831
qsvc,0.984375,0.975,1.0,1.0,0.9873417721518988,0.9927083333333333,0.9962765957446811,24,0,1,39,0.0924285829969449,6,4,3,0.3162775840028189
classical_rbf_svm,1.0,1.0,1.0,1.0,1.0,1.0,1.0,24,0,0,40,0.0002308330003870651,6,4,4,0.000764833006542176
qsvc,0.984375,0.975,1.0,1.0,0.9873417721518988,1.0,1.0,24,0,1,39,0.12315549999766517,6,4,4,0.30800108300172724
classical_rbf_svm,0.984375,0.975,1.0,1.0,0.9873417721518988,1.0,1.0,24,0,1,39,0.0002189170045312494,6,4,5,0.0006233750027604401
qsvc,0.984375,0.975,1.0,1.0,0.9873417721518988,0.990625,0.9954081632653061,24,0,1,39,0.09354924999934155,6,4,5,0.34071270799904596
classical_rbf_svm,1.0,1.0,1.0,1.0,1.0,1.0,1.0,24,0,0,40,0.0002478330134181306,6,5,1,0.0006387920002453029
qsvc,0.9375,0.975,0.875,0.9285714285714286,0.9512195121951219,0.9875,0.9942307692307694,21,3,1,39,0.14681683300295845,6,5,1,0.2946482919942355
classical_rbf_svm,1.0,1.0,1.0,1.0,1.0,1.0,1.0,24,0,0,40,0.00024208398826885968,6,5,2,0.0006345419969875365
qsvc,0.96875,0.95,1.0,1.0,0.9743589743589743,0.99375,0.9967391304347826,24,0,2,38,0.09897533399634995,6,5,2,0.31181566600571387
classical_rbf_svm,0.984375,1.0,0.9583333333333334,0.975609756097561,0.9876543209876543,1.0,1.0,23,1,0,40,0.0002179999864893034,6,5,3,0.0008409589936491102
qsvc,0.96875,0.975,0.9583333333333334,0.975,0.975,0.9979166666666666,0.9987652439024391,23,1,1,39,0.13557141700584907,6,5,3,0.3162835840048501
classical_rbf_svm,1.0,1.0,1.0,1.0,1.0,1.0,1.0,24,0,0,40,0.00022120799985714257,6,5,4,0.0007036669994704425
qsvc,1.0,1.0,1.0,1.0,1.0,1.0,1.0,24,0,0,40,0.09161712499917485,6,5,4,0.3460375419963384
classical_rbf_svm,1.0,1.0,1.0,1.0,1.0,1.0,1.0,24,0,0,40,0.0002192090032622218,6,5,5,0.000645416002953425
qsvc,0.984375,0.975,1.0,1.0,0.9873417721518988,1.0,1.0,24,0,1,39,0.09387341600086074,6,5,5,0.40739633300108835
classical_rbf_svm,0.953125,0.975,0.9166666666666666,0.9512195121951219,0.9629629629629629,0.9979166666666668,0.9988095238095239,22,2,1,39,0.0002444580022711307,6,6,1,0.0007065000099828467
qsvc,0.953125,0.975,0.9166666666666666,0.9512195121951219,0.9629629629629629,0.9833333333333333,0.9917612570356474,22,2,1,39,0.13818283399450593,6,6,1,0.28950366700883023
classical_rbf_svm,1.0,1.0,1.0,1.0,1.0,1.0,1.0,24,0,0,40,0.00024787501024547964,6,6,2,0.0006888749921927229
qsvc,0.984375,1.0,0.9583333333333334,0.975609756097561,0.9876543209876543,0.9989583333333334,0.999390243902439,23,1,0,40,0.107017292000819,6,6,2,0.331038250005804
classical_rbf_svm,1.0,1.0,1.0,1.0,1.0,1.0,1.0,24,0,0,40,0.00021487500634975731,6,6,3,0.0006550830003106967
qsvc,0.984375,1.0,0.9583333333333334,0.975609756097561,0.9876543209876543,1.0,1.0,23,1,0,40,0.12331562500912696,6,6,3,0.2863562499987893
classical_rbf_svm,1.0,1.0,1.0,1.0,1.0,1.0,1.0,24,0,0,40,0.00021720799850299954,6,6,4,0.0007516250043408945
qsvc,1.0,1.0,1.0,1.0,1.0,1.0,1.0,24,0,0,40,0.09381562500493601,6,6,4,0.36431837499549147
classical_rbf_svm,1.0,1.0,1.0,1.0,1.0,1.0,1.0,24,0,0,40,0.00022850000823382288,6,6,5,0.000637250006548129
qsvc,0.96875,0.95,1.0,1.0,0.9743589743589743,0.9947916666666666,0.9972222222222223,24,0,2,38,0.12551208400691394,6,6,5,0.2986838340002578
classical_rbf_svm,1.0,1.0,1.0,1.0,1.0,1.0,1.0,24,0,0,40,0.00025170900335069746,6,7,1,0.0006356250087264925
qsvc,0.984375,0.975,1.0,1.0,0.9873417721518988,0.9927083333333333,0.996276595744681,24,0,1,39,0.09466779200010933,6,7,1,0.3503962090035202
classical_rbf_svm,0.96875,1.0,0.9166666666666666,0.9523809523809523,0.975609756097561,1.0,1.0,22,2,0,40,0.00021254199964459985,6,7,2,0.0006835419917479157
qsvc,1.0,1.0,1.0,1.0,1.0,1.0,1.0,24,0,0,40,0.10635554100736044,6,7,2,0.3218348749942379
classical_rbf_svm,1.0,1.0,1.0,1.0,1.0,1.0,1.0,24,0,0,40,0.00021949999791104347,6,7,3,0.0008327079995069653
qsvc,0.96875,0.975,0.9583333333333334,0.975,0.975,0.99375,0.9967391304347826,23,1,1,39,0.12853729199559893,6,7,3,0.28979883401189
classical_rbf_svm,1.0,1.0,1.0,1.0,1.0,1.0,1.0,24,0,0,40,0.00022204199922271073,6,7,4,0.0006614580051973462
qsvc,0.984375,1.0,0.9583333333333334,0.975609756097561,0.9876543209876543,1.0,1.0,23,1,0,40,0.09555712499422953,6,7,4,0.34997133299475536
classical_rbf_svm,0.984375,0.975,1.0,1.0,0.9873417721518988,1.0,1.0,24,0,1,39,0.00024570799723733217,6,7,5,0.0006282920076046139
qsvc,0.953125,0.925,1.0,1.0,0.961038961038961,0.9937499999999999,0.9963400116144019,24,0,3,37,0.13776150000921916,6,7,5,0.31409020800492726
classical_rbf_svm,1.0,1.0,1.0,1.0,1.0,1.0,1.0,24,0,0,40,0.0002464170102030039,6,8,1,0.0006585419905604795
qsvc,1.0,1.0,1.0,1.0,1.0,1.0,1.0000000000000002,24,0,0,40,0.09589195800072048,6,8,1,0.35407204199873377
classical_rbf_svm,1.0,1.0,1.0,1.0,1.0,1.0,1.0,24,0,0,40,0.000247957999818027,6,8,2,0.0007210410112747923
qsvc,0.984375,0.975,1.0,1.0,0.9873417721518988,0.9958333333333333,0.9977272727272728,24,0,1,39,0.15735387499444187,6,8,2,0.29661325000051875
classical_rbf_svm,1.0,1.0,1.0,1.0,1.0,1.0,1.0,24,0,0,40,0.00022058300964999944,6,8,3,0.0006897499988554046
qsvc,0.984375,1.0,0.9583333333333334,0.975609756097561,0.9876543209876543,0.9989583333333334,0.999390243902439,23,1,0,40,0.09135166699707042,6,8,3,0.32526475000486244
classical_rbf_svm,1.0,1.0,1.0,1.0,1.0,1.0,1.0,24,0,0,40,0.0002227079967269674,6,8,4,0.0007590830064145848
qsvc,1.0,1.0,1.0,1.0,1.0,1.0,1.0,24,0,0,40,0.09478412500175182,6,8,4,0.34976179199293256
classical_rbf_svm,1.0,1.0,1.0,1.0,1.0,1.0,1.0,24,0,0,40,0.00021687500702682883,6,8,5,0.0006399589910870418
qsvc,0.953125,0.925,1.0,1.0,0.961038961038961,0.9822916666666667,0.9919157925407927,24,0,3,37,0.12492112499603536,6,8,5,0.29721966599754523
classical_rbf_svm,1.0,1.0,1.0,1.0,1.0,1.0,1.0,24,0,0,40,0.0002640000020619482,6,9,1,0.0006357079982990399
qsvc,0.984375,0.975,1.0,1.0,0.9873417721518988,0.9885416666666667,0.9946078431372549,24,0,1,39,0.10136245899775531,6,9,1,0.37916300000506453
classical_rbf_svm,0.96875,1.0,0.9166666666666666,0.9523809523809523,0.975609756097561,1.0,1.0,22,2,0,40,0.00022104199160821736,6,9,2,0.0006615830061491579
qsvc,0.9375,0.95,0.9166666666666666,0.95,0.95,0.9885416666666667,0.9941886510701843,22,2,2,38,0.16275550000136718,6,9,2,0.282653999995091
classical_rbf_svm,0.984375,1.0,0.9583333333333334,0.975609756097561,0.9876543209876543,1.0,1.0,23,1,0,40,0.00020700000459328294,6,9,3,0.0006176250026328489
qsvc,1.0,1.0,1.0,1.0,1.0,1.0,1.0,24,0,0,40,0.09241216600639746,6,9,3,0.32610325000132434
classical_rbf_svm,1.0,1.0,1.0,1.0,1.0,1.0,1.0,24,0,0,40,0.00023408301058225334,6,9,4,0.0008962919964687899
qsvc,0.984375,0.975,1.0,1.0,0.9873417721518988,0.9989583333333334,0.999390243902439,24,0,1,39,0.12639729099464603,6,9,4,0.31226762500591576
classical_rbf_svm,0.953125,0.95,0.9583333333333334,0.9743589743589743,0.9620253164556962,0.9979166666666667,0.998765243902439,23,1,2,38,0.00021570800163317472,6,9,5,0.0006480419979197904
qsvc,0.984375,1.0,0.9583333333333334,0.975609756097561,0.9876543209876543,1.0,1.0,23,1,0,40,0.0922523750050459,6,9,5,0.3470011669996893
classical_rbf_svm,1.0,1.0,1.0,1.0,1.0,1.0,1.0,24,0,0,40,0.0002576669940026477,6,10,1,0.0006688339926768094
qsvc,1.0,1.0,1.0,1.0,1.0,1.0,1.0,24,0,0,40,0.09506174999114592,6,10,1,0.36335108400089666
classical_rbf_svm,1.0,1.0,1.0,1.0,1.0,1.0,1.0,24,0,0,40,0.00021762499818578362,6,10,2,0.0006372079951688647
qsvc,0.984375,0.975,1.0,1.0,0.9873417721518988,0.9822916666666667,0.9925438596491227,24,0,1,39,0.15731283300556242,6,10,2,0.2835400829935679
classical_rbf_svm,0.984375,1.0,0.9583333333333334,0.975609756097561,0.9876543209876543,1.0,1.0,23,1,0,40,0.00022408299264498055,6,10,3,0.0006874170067021623
qsvc,0.984375,0.975,1.0,1.0,0.9873417721518988,0.9989583333333334,0.999390243902439,24,0,1,39,0.09246620800695382,6,10,3,0.3352230410091579
classical_rbf_svm,1.0,1.0,1.0,1.0,1.0,1.0,1.0,24,0,0,40,0.00021291700250003487,6,10,4,0.0007312499947147444
qsvc,0.96875,0.95,1.0,1.0,0.9743589743589743,1.0,1.0,24,0,2,38,0.12744191600359045,6,10,4,0.3146470420033438
classical_rbf_svm,1.0,1.0,1.0,1.0,1.0,1.0,1.0,24,0,0,40,0.00020975001098122448,6,10,5,0.0006083749904064462
qsvc,0.984375,0.975,1.0,1.0,0.9873417721518988,0.990625,0.9954081632653063,24,0,1,39,0.09402558299188968,6,10,5,0.34620916699350346
