repeat,fold,representation,budget,train_n,valid_n,pca_components,pca_fit_n,pca_explained_variance,model,feature_map_config,kernel_backend,execution_mode,qubit_count,circuit_depth,gate_count,reps,entanglement,shots,accuracy,sensitivity,specificity,precision,f1,roc_auc,pr_auc,tn,fp,fn,tp,training_wall_seconds,model_fit_seconds,prediction_wall_seconds,train_kernel_seconds,inference_kernel_seconds,kernel_evaluations_train,kernel_evaluations_inference,train_kernel_rows,train_kernel_columns,inference_kernel_rows,inference_kernel_columns,feature_map,feature_count,parameter_count,depth_definition,seed,feature_map_construction_seconds
1,1,clinical,8,256,64,,,,classical_rbf_svm,rbf,scikit-learn libsvm RBF,classical CPU,0,0,0,0,none,,1.0,1.0,1.0,1.0,1.0,1.0,1.0,24,0,0,40,0.001592375003383495,0.001592375003383495,0.0002682919875951484,0.0,0.0,0,0,256,8,,,,,,,,
1,1,clinical,8,256,64,,,,qsvc,zz_reps1,qiskit.quantum_info.Statevector (cached exact overlap),ideal exact statevector,8,41,100,1,full,,0.984375,1.0,0.9583333333333334,0.975609756097561,0.9876543209876543,1.0,1.0,23,1,0,40,0.6711074999911943,0.0009884169849101454,0.17476745801104698,0.6701190830062842,0.17449283400492277,32640,16384,256,256,64.0,256.0,ZZFeatureMap,8.0,8.0,logical depth after one decomposition of the library feature-map circuit,20260824.0,0.011113208995084278
1,1,clinical,8,256,64,,,,qsvc,zz_reps2,qiskit.quantum_info.Statevector (cached exact overlap),ideal exact statevector,8,67,200,2,full,,0.6875,1.0,0.16666666666666666,0.6666666666666666,0.8,0.9833333333333333,0.9890596496764853,4,20,0,40,1.0177496250107652,0.0008895420032786205,0.25904529201216064,1.0168600830074865,0.2587857500038808,32640,16384,256,256,64.0,256.0,ZZFeatureMap,8.0,8.0,logical depth after one decomposition of the library feature-map circuit,20260824.0,0.0021816669905092567
1,1,clinical,8,256,64,,,,qsvc,z_reps1,qiskit.quantum_info.Statevector (cached exact overlap),ideal exact statevector,8,2,16,1,none,,1.0,1.0,1.0,1.0,1.0,1.0,1.0,24,0,0,40,0.3205717079981696,0.0006918330036569387,0.13539445800415706,0.31987987499451265,0.1351806669990765,32640,16384,256,256,64.0,256.0,ZFeatureMap,8.0,8.0,logical depth after one decomposition of the library feature-map circuit,20260824.0,0.0004971660091541708
1,2,clinical,8,256,64,,,,classical_rbf_svm,rbf,scikit-learn libsvm RBF,classical CPU,0,0,0,0,none,,1.0,1.0,1.0,1.0,1.0,1.0,1.0,24,0,0,40,0.0006811670027673244,0.0006811670027673244,0.0001854169968282804,0.0,0.0,0,0,256,8,,,,,,,,
1,2,clinical,8,256,64,,,,qsvc,zz_reps1,qiskit.quantum_info.Statevector (cached exact overlap),ideal exact statevector,8,41,100,1,full,,0.90625,1.0,0.75,0.8695652173913043,0.9302325581395349,1.0,1.0,18,6,0,40,0.6631135000061477,0.0009601670171832666,0.17732354199688416,0.6621533329889644,0.17706487499526702,32640,16384,256,256,64.0,256.0,ZZFeatureMap,8.0,8.0,logical depth after one decomposition of the library feature-map circuit,20260825.0,0.0014271250111050904
1,2,clinical,8,256,64,,,,qsvc,zz_reps2,qiskit.quantum_info.Statevector (cached exact overlap),ideal exact statevector,8,67,200,2,full,,0.671875,1.0,0.125,0.6557377049180327,0.7920792079207921,0.971875,0.9806804763957586,3,21,0,40,1.0107883749878965,0.00085420798859559,0.2630872500012629,1.009934166999301,0.26280012499773875,32640,16384,256,256,64.0,256.0,ZZFeatureMap,8.0,8.0,logical depth after one decomposition of the library feature-map circuit,20260825.0,0.0021868750045541674
1,2,clinical,8,256,64,,,,qsvc,z_reps1,qiskit.quantum_info.Statevector (cached exact overlap),ideal exact statevector,8,2,16,1,none,,0.96875,1.0,0.9166666666666666,0.9523809523809523,0.975609756097561,1.0,1.0,22,2,0,40,0.36069637500622775,0.0006677080091321841,0.1028202499874169,0.36002866699709557,0.10260854200168978,32640,16384,256,256,64.0,256.0,ZFeatureMap,8.0,8.0,logical depth after one decomposition of the library feature-map circuit,20260825.0,0.0004928749985992908
1,3,clinical,8,256,64,,,,classical_rbf_svm,rbf,scikit-learn libsvm RBF,classical CPU,0,0,0,0,none,,1.0,1.0,1.0,1.0,1.0,1.0,1.0,24,0,0,40,0.0006587080133613199,0.0006587080133613199,0.00019291699572931975,0.0,0.0,0,0,256,8,,,,,,,,
1,3,clinical,8,256,64,,,,qsvc,zz_reps1,qiskit.quantum_info.Statevector (cached exact overlap),ideal exact statevector,8,41,100,1,full,,0.921875,1.0,0.7916666666666666,0.8888888888888888,0.9411764705882353,1.0,1.0,19,5,0,40,0.6171712500072317,0.000860250016557984,0.210924500002875,0.6163109999906737,0.21066662500379607,32640,16384,256,256,64.0,256.0,ZZFeatureMap,8.0,8.0,logical depth after one decomposition of the library feature-map circuit,20260826.0,0.001273000001674518
1,3,clinical,8,256,64,,,,qsvc,zz_reps2,qiskit.quantum_info.Statevector (cached exact overlap),ideal exact statevector,8,67,200,2,full,,0.65625,1.0,0.08333333333333333,0.6451612903225806,0.7843137254901961,0.9802083333333333,0.987299623931849,2,22,0,40,1.0017654999974184,0.001173416996607557,0.2693257920036558,1.0005920830008108,0.2690502909972565,32640,16384,256,256,64.0,256.0,ZZFeatureMap,8.0,8.0,logical depth after one decomposition of the library feature-map circuit,20260826.0,0.0021712089946959168
1,3,clinical,8,256,64,,,,qsvc,z_reps1,qiskit.quantum_info.Statevector (cached exact overlap),ideal exact statevector,8,2,16,1,none,,0.96875,0.95,1.0,1.0,0.9743589743589743,1.0,1.0,24,0,2,38,0.35583766701165587,0.0005899170064367354,0.10289445900707506,0.35524775000521913,0.10269108400098048,32640,16384,256,256,64.0,256.0,ZFeatureMap,8.0,8.0,logical depth after one decomposition of the library feature-map circuit,20260826.0,0.0005020000098738819
1,4,clinical,8,256,64,,,,classical_rbf_svm,rbf,scikit-learn libsvm RBF,classical CPU,0,0,0,0,none,,1.0,1.0,1.0,1.0,1.0,1.0,1.0,24,0,0,40,0.0006399999983841553,0.0006399999983841553,0.00018424999143462628,0.0,0.0,0,0,256,8,,,,,,,,
1,4,clinical,8,256,64,,,,qsvc,zz_reps1,qiskit.quantum_info.Statevector (cached exact overlap),ideal exact statevector,8,41,100,1,full,,0.921875,1.0,0.7916666666666666,0.8888888888888888,0.9411764705882353,0.9979166666666666,0.9988095238095238,19,5,0,40,0.6614562910108361,0.0008219160081353039,0.1754430000000866,0.6606343750027008,0.17519833400729112,32640,16384,256,256,64.0,256.0,ZZFeatureMap,8.0,8.0,logical depth after one decomposition of the library feature-map circuit,20260827.0,0.0012650829885387793
1,4,clinical,8,256,64,,,,qsvc,zz_reps2,qiskit.quantum_info.Statevector (cached exact overlap),ideal exact statevector,8,67,200,2,full,,0.640625,1.0,0.041666666666666664,0.6349206349206349,0.7766990291262136,0.9187500000000001,0.9417715615968745,1,23,0,40,0.9679667500022333,0.000857084000017494,0.293835249991389,0.9671096660022158,0.29345275000378024,32640,16384,256,256,64.0,256.0,ZZFeatureMap,8.0,8.0,logical depth after one decomposition of the library feature-map circuit,20260827.0,0.0021055830002296716
1,4,clinical,8,256,64,,,,qsvc,z_reps1,qiskit.quantum_info.Statevector (cached exact overlap),ideal exact statevector,8,2,16,1,none,,1.0,1.0,1.0,1.0,1.0,1.0,1.0,24,0,0,40,0.3572578339953907,0.0007037089962977916,0.10658987499482464,0.3565541249990929,0.10634583298815414,32640,16384,256,256,64.0,256.0,ZFeatureMap,8.0,8.0,logical depth after one decomposition of the library feature-map circuit,20260827.0,0.0004775829875143245
1,5,clinical,8,256,64,,,,classical_rbf_svm,rbf,scikit-learn libsvm RBF,classical CPU,0,0,0,0,none,,1.0,1.0,1.0,1.0,1.0,1.0,1.0,24,0,0,40,0.0006509589875349775,0.0006509589875349775,0.0001880000054370612,0.0,0.0,0,0,256,8,,,,,,,,
1,5,clinical,8,256,64,,,,qsvc,zz_reps1,qiskit.quantum_info.Statevector (cached exact overlap),ideal exact statevector,8,41,100,1,full,,0.921875,1.0,0.7916666666666666,0.8888888888888888,0.9411764705882353,1.0,1.0,19,5,0,40,0.6190877089975402,0.0009059589938260615,0.2095939580030972,0.6181817500037141,0.20934575000137556,32640,16384,256,256,64.0,256.0,ZZFeatureMap,8.0,8.0,logical depth after one decomposition of the library feature-map circuit,20260828.0,0.0012879170099040493
1,5,clinical,8,256,64,,,,qsvc,zz_reps2,qiskit.quantum_info.Statevector (cached exact overlap),ideal exact statevector,8,67,200,2,full,,0.625,1.0,0.0,0.625,0.7692307692307693,0.9166666666666666,0.9486411029407842,0,24,0,40,1.0085586670029443,0.0008552920044166967,0.26171891699777916,1.0077033749985276,0.2614759169955505,32640,16384,256,256,64.0,256.0,ZZFeatureMap,8.0,8.0,logical depth after one decomposition of the library feature-map circuit,20260828.0,0.0021210419945418835
1,5,clinical,8,256,64,,,,qsvc,z_reps1,qiskit.quantum_info.Statevector (cached exact overlap),ideal exact statevector,8,2,16,1,none,,0.96875,0.975,0.9583333333333334,0.975,0.975,0.9979166666666666,0.9988095238095238,23,1,1,39,0.35757325000304263,0.0006611250137211755,0.1030356249975739,0.35691212498932146,0.10282766699674539,32640,16384,256,256,64.0,256.0,ZFeatureMap,8.0,8.0,logical depth after one decomposition of the library feature-map circuit,20260828.0,0.000483750001876615
2,1,clinical,8,256,64,,,,classical_rbf_svm,rbf,scikit-learn libsvm RBF,classical CPU,0,0,0,0,none,,1.0,1.0,1.0,1.0,1.0,1.0,1.0,24,0,0,40,0.0006433329981518909,0.0006433329981518909,0.0001892080035759136,0.0,0.0,0,0,256,8,,,,,,,,
2,1,clinical,8,256,64,,,,qsvc,zz_reps1,qiskit.quantum_info.Statevector (cached exact overlap),ideal exact statevector,8,41,100,1,full,,0.921875,1.0,0.7916666666666666,0.8888888888888888,0.9411764705882353,0.9989583333333334,0.999390243902439,19,5,0,40,0.7098465000017313,0.0007910419953987002,0.20831979099602904,0.7090554580063326,0.20807091699680313,32640,16384,256,256,64.0,256.0,ZZFeatureMap,8.0,8.0,logical depth after one decomposition of the library feature-map circuit,20260829.0,0.0012525409983936697
2,1,clinical,8,256,64,,,,qsvc,zz_reps2,qiskit.quantum_info.Statevector (cached exact overlap),ideal exact statevector,8,67,200,2,full,,0.640625,1.0,0.041666666666666664,0.6349206349206349,0.7766990291262136,0.9750000000000001,0.9839441862750015,1,23,0,40,1.006199084004038,0.0009389999904669821,0.25998554201214574,1.005260084013571,0.259718207991682,32640,16384,256,256,64.0,256.0,ZZFeatureMap,8.0,8.0,logical depth after one decomposition of the library feature-map circuit,20260829.0,0.002290417003678158
2,1,clinical,8,256,64,,,,qsvc,z_reps1,qiskit.quantum_info.Statevector (cached exact overlap),ideal exact statevector,8,2,16,1,none,,1.0,1.0,1.0,1.0,1.0,1.0,1.0,24,0,0,40,0.35669716700795107,0.0006894590187584981,0.10214408399770036,0.35600770798919257,0.10193599999183789,32640,16384,256,256,64.0,256.0,ZFeatureMap,8.0,8.0,logical depth after one decomposition of the library feature-map circuit,20260829.0,0.0004821250040549785
2,2,clinical,8,256,64,,,,classical_rbf_svm,rbf,scikit-learn libsvm RBF,classical CPU,0,0,0,0,none,,1.0,1.0,1.0,1.0,1.0,1.0,1.0,24,0,0,40,0.0006354590004775673,0.0006354590004775673,0.0001845419901655987,0.0,0.0,0,0,256,8,,,,,,,,
2,2,clinical,8,256,64,,,,qsvc,zz_reps1,qiskit.quantum_info.Statevector (cached exact overlap),ideal exact statevector,8,41,100,1,full,,1.0,1.0,1.0,1.0,1.0,1.0,1.0,24,0,0,40,0.655991499996162,0.0007917909970274195,0.17540149998967536,0.6551997089991346,0.1751490409951657,32640,16384,256,256,64.0,256.0,ZZFeatureMap,8.0,8.0,logical depth after one decomposition of the library feature-map circuit,20260830.0,0.001280249998671934
2,2,clinical,8,256,64,,,,qsvc,zz_reps2,qiskit.quantum_info.Statevector (cached exact overlap),ideal exact statevector,8,67,200,2,full,,0.65625,1.0,0.08333333333333333,0.6451612903225806,0.7843137254901961,0.9937499999999999,0.9963400116144019,2,22,0,40,0.9675367090094369,0.0008253750129370019,0.29446912500134204,0.9667113339964999,0.2942169159941841,32640,16384,256,256,64.0,256.0,ZZFeatureMap,8.0,8.0,logical depth after one decomposition of the library feature-map circuit,20260830.0,0.002132541994797066
2,2,clinical,8,256,64,,,,qsvc,z_reps1,qiskit.quantum_info.Statevector (cached exact overlap),ideal exact statevector,8,2,16,1,none,,1.0,1.0,1.0,1.0,1.0,1.0,1.0,24,0,0,40,0.357386999996379,0.0006960419850656763,0.10249191599723417,0.35669095801131334,0.10228741700120736,32640,16384,256,256,64.0,256.0,ZFeatureMap,8.0,8.0,logical depth after one decomposition of the library feature-map circuit,20260830.0,0.0004790840030182153
2,3,clinical,8,256,64,,,,classical_rbf_svm,rbf,scikit-learn libsvm RBF,classical CPU,0,0,0,0,none,,1.0,1.0,1.0,1.0,1.0,1.0,1.0,24,0,0,40,0.0006453329988289624,0.0006453329988289624,0.00019095800234936178,0.0,0.0,0,0,256,8,,,,,,,,
2,3,clinical,8,256,64,,,,qsvc,zz_reps1,qiskit.quantum_info.Statevector (cached exact overlap),ideal exact statevector,8,41,100,1,full,,0.921875,1.0,0.7916666666666666,0.8888888888888888,0.9411764705882353,1.0,1.0,19,5,0,40,0.6140223749971483,0.0009299159864895046,0.2126717499922961,0.6130924590106588,0.21242037499905564,32640,16384,256,256,64.0,256.0,ZZFeatureMap,8.0,8.0,logical depth after one decomposition of the library feature-map circuit,20260831.0,0.0012723749969154596
2,3,clinical,8,256,64,,,,qsvc,zz_reps2,qiskit.quantum_info.Statevector (cached exact overlap),ideal exact statevector,8,67,200,2,full,,0.640625,1.0,0.041666666666666664,0.6349206349206349,0.7766990291262136,0.9322916666666667,0.9389118250824929,1,23,0,40,1.0041377080051461,0.0008646670030429959,0.26601616699190345,1.0032730410021031,0.2657662919955328,32640,16384,256,256,64.0,256.0,ZZFeatureMap,8.0,8.0,logical depth after one decomposition of the library feature-map circuit,20260831.0,0.00220620799518656
2,3,clinical,8,256,64,,,,qsvc,z_reps1,qiskit.quantum_info.Statevector (cached exact overlap),ideal exact statevector,8,2,16,1,none,,0.984375,0.975,1.0,1.0,0.9873417721518988,0.9989583333333334,0.999390243902439,24,0,1,39,0.35831058300391305,0.0006771659973310307,0.103086417002487,0.357633417006582,0.10288000000582542,32640,16384,256,256,64.0,256.0,ZFeatureMap,8.0,8.0,logical depth after one decomposition of the library feature-map circuit,20260831.0,0.0004922090010950342
2,4,clinical,8,256,64,,,,classical_rbf_svm,rbf,scikit-learn libsvm RBF,classical CPU,0,0,0,0,none,,1.0,1.0,1.0,1.0,1.0,1.0,1.0,24,0,0,40,0.0006567079981323332,0.0006567079981323332,0.00019175000488758087,0.0,0.0,0,0,256,8,,,,,,,,
2,4,clinical,8,256,64,,,,qsvc,zz_reps1,qiskit.quantum_info.Statevector (cached exact overlap),ideal exact statevector,8,41,100,1,full,,0.90625,1.0,0.75,0.8695652173913043,0.9302325581395349,1.0,1.0,18,6,0,40,0.6185299589997157,0.0007916670001577586,0.2095739579963265,0.617738291999558,0.20933050000166986,32640,16384,256,256,64.0,256.0,ZZFeatureMap,8.0,8.0,logical depth after one decomposition of the library feature-map circuit,20260832.0,0.0012704999971901998
2,4,clinical,8,256,64,,,,qsvc,zz_reps2,qiskit.quantum_info.Statevector (cached exact overlap),ideal exact statevector,8,67,200,2,full,,0.6875,1.0,0.16666666666666666,0.6666666666666666,0.8,0.9760416666666667,0.9848158891023467,4,20,0,40,1.0037363750016084,0.0008308340038638562,0.26424262500950135,1.0029055409977445,0.2639910830039298,32640,16384,256,256,64.0,256.0,ZZFeatureMap,8.0,8.0,logical depth after one decomposition of the library feature-map circuit,20260832.0,0.0020926249999320135
2,4,clinical,8,256,64,,,,qsvc,z_reps1,qiskit.quantum_info.Statevector (cached exact overlap),ideal exact statevector,8,2,16,1,none,,0.96875,1.0,0.9166666666666666,0.9523809523809523,0.975609756097561,1.0,1.0,22,2,0,40,0.3177081250032643,0.0006230830040294677,0.13685729200369678,0.3170850419992348,0.13664470800722484,32640,16384,256,256,64.0,256.0,ZFeatureMap,8.0,8.0,logical depth after one decomposition of the library feature-map circuit,20260832.0,0.00048137499834410846
2,5,clinical,8,256,64,,,,classical_rbf_svm,rbf,scikit-learn libsvm RBF,classical CPU,0,0,0,0,none,,1.0,1.0,1.0,1.0,1.0,1.0,1.0,24,0,0,40,0.000659167009871453,0.000659167009871453,0.000192749997950159,0.0,0.0,0,0,256,8,,,,,,,,
2,5,clinical,8,256,64,,,,qsvc,zz_reps1,qiskit.quantum_info.Statevector (cached exact overlap),ideal exact statevector,8,41,100,1,full,,0.953125,1.0,0.875,0.9302325581395349,0.963855421686747,1.0,1.0,21,3,0,40,0.6541550840047421,0.0008071259944699705,0.17814145900774747,0.6533479580102721,0.17788379100966267,32640,16384,256,256,64.0,256.0,ZZFeatureMap,8.0,8.0,logical depth after one decomposition of the library feature-map circuit,20260833.0,0.0012588749959832057
2,5,clinical,8,256,64,,,,qsvc,zz_reps2,qiskit.quantum_info.Statevector (cached exact overlap),ideal exact statevector,8,67,200,2,full,,0.640625,1.0,0.041666666666666664,0.6349206349206349,0.7766990291262136,0.9395833333333332,0.9632514211527254,1,23,0,40,1.0126797919947421,0.0009470839868299663,0.26800262500182725,1.0117327080079122,0.2677169170056004,32640,16384,256,256,64.0,256.0,ZZFeatureMap,8.0,8.0,logical depth after one decomposition of the library feature-map circuit,20260833.0,0.002140875003533438
2,5,clinical,8,256,64,,,,qsvc,z_reps1,qiskit.quantum_info.Statevector (cached exact overlap),ideal exact statevector,8,2,16,1,none,,0.953125,0.925,1.0,1.0,0.961038961038961,0.9927083333333333,0.9959415584415584,24,0,3,37,0.3217586250102613,0.0007590830209665,0.14411500000278465,0.3209995419892948,0.14387516600254457,32640,16384,256,256,64.0,256.0,ZFeatureMap,8.0,8.0,logical depth after one decomposition of the library feature-map circuit,20260833.0,0.000527708005392924
1,1,clinical,6,256,64,,,,classical_rbf_svm,rbf,scikit-learn libsvm RBF,classical CPU,0,0,0,0,none,,1.0,1.0,1.0,1.0,1.0,1.0,1.0,24,0,0,40,0.0007178329979069531,0.0007178329979069531,0.00021325000852812082,0.0,0.0,0,0,256,6,,,,,,,,
1,1,clinical,6,256,64,,,,qsvc,zz_reps1,qiskit.quantum_info.Statevector (cached exact overlap),ideal exact statevector,6,29,57,1,full,,0.984375,1.0,0.9583333333333334,0.975609756097561,0.9876543209876543,1.0,1.0,23,1,0,40,0.4678763749980135,0.0009420830028830096,0.12928262499917764,0.4669342919951305,0.1288964169943938,32640,16384,256,256,64.0,256.0,ZZFeatureMap,6.0,6.0,logical depth after one decomposition of the library feature-map circuit,20260824.0,0.0009757910011103377
1,1,clinical,6,256,64,,,,qsvc,zz_reps2,qiskit.quantum_info.Statevector (cached exact overlap),ideal exact statevector,6,49,114,2,full,,0.765625,1.0,0.375,0.7272727272727273,0.8421052631578947,0.928125,0.9481854374233419,9,15,0,40,0.6032285000110278,0.0008325000089826062,0.20451550000871066,0.6023960000020452,0.20427512499736622,32640,16384,256,256,64.0,256.0,ZZFeatureMap,6.0,6.0,logical depth after one decomposition of the library feature-map circuit,20260824.0,0.0014375419996213168
1,1,clinical,6,256,64,,,,qsvc,z_reps1,qiskit.quantum_info.Statevector (cached exact overlap),ideal exact statevector,6,2,12,1,none,,1.0,1.0,1.0,1.0,1.0,1.0,1.0000000000000002,24,0,0,40,0.3193610419984907,0.0008682499901624396,0.09145033299864735,0.31849279200832825,0.09124191700539086,32640,16384,256,256,64.0,256.0,ZFeatureMap,6.0,6.0,logical depth after one decomposition of the library feature-map circuit,20260824.0,0.00044045899994671345
1,2,clinical,6,256,64,,,,classical_rbf_svm,rbf,scikit-learn libsvm RBF,classical CPU,0,0,0,0,none,,0.96875,1.0,0.9166666666666666,0.9523809523809523,0.975609756097561,1.0,1.0000000000000002,22,2,0,40,0.0006764170102542266,0.0006764170102542266,0.0002051250048680231,0.0,0.0,0,0,256,6,,,,,,,,
1,2,clinical,6,256,64,,,,qsvc,zz_reps1,qiskit.quantum_info.Statevector (cached exact overlap),ideal exact statevector,6,29,57,1,full,,0.921875,1.0,0.7916666666666666,0.8888888888888888,0.9411764705882353,0.9968750000000001,0.9981242182614135,19,5,0,40,0.47241233399836347,0.0008949589973781258,0.1250372500071535,0.47151737500098534,0.12479104098747484,32640,16384,256,256,64.0,256.0,ZZFeatureMap,6.0,6.0,logical depth after one decomposition of the library feature-map circuit,20260825.0,0.0009407499892404303
1,2,clinical,6,256,64,,,,qsvc,zz_reps2,qiskit.quantum_info.Statevector (cached exact overlap),ideal exact statevector,6,49,114,2,full,,0.734375,1.0,0.2916666666666667,0.7017543859649122,0.8247422680412371,0.8687499999999999,0.9044509810656045,7,17,0,40,0.6051739160029683,0.0008724580111447722,0.2096012500114739,0.6043014579918236,0.20930566600873135,32640,16384,256,256,64.0,256.0,ZZFeatureMap,6.0,6.0,logical depth after one decomposition of the library feature-map circuit,20260825.0,0.0013850420073140413
1,2,clinical,6,256,64,,,,qsvc,z_reps1,qiskit.quantum_info.Statevector (cached exact overlap),ideal exact statevector,6,2,12,1,none,,0.953125,0.975,0.9166666666666666,0.9512195121951219,0.9629629629629629,0.990625,0.9954081632653062,22,2,1,39,0.3193152080057189,0.0005954579974059016,0.09134104200347792,0.318719750008313,0.09114800000679679,32640,16384,256,256,64.0,256.0,ZFeatureMap,6.0,6.0,logical depth after one decomposition of the library feature-map circuit,20260825.0,0.0004760839947266504
1,3,clinical,6,256,64,,,,classical_rbf_svm,rbf,scikit-learn libsvm RBF,classical CPU,0,0,0,0,none,,1.0,1.0,1.0,1.0,1.0,1.0,1.0,24,0,0,40,0.0006560409965459257,0.0006560409965459257,0.00020016600319650024,0.0,0.0,0,0,256,6,,,,,,,,
1,3,clinical,6,256,64,,,,qsvc,zz_reps1,qiskit.quantum_info.Statevector (cached exact overlap),ideal exact statevector,6,29,57,1,full,,0.890625,1.0,0.7083333333333334,0.851063829787234,0.9195402298850575,0.9885416666666667,0.9936466408268733,17,7,0,40,0.42591945799358655,0.0008364579844055697,0.16258220799500123,0.425083000009181,0.16233516699867323,32640,16384,256,256,64.0,256.0,ZZFeatureMap,6.0,6.0,logical depth after one decomposition of the library feature-map circuit,20260826.0,0.000885208006366156
1,3,clinical,6,256,64,,,,qsvc,zz_reps2,qiskit.quantum_info.Statevector (cached exact overlap),ideal exact statevector,6,49,114,2,full,,0.75,1.0,0.3333333333333333,0.7142857142857143,0.8333333333333334,0.8875,0.9346352117353616,8,16,0,40,0.6370741670107236,0.0008869170123944059,0.1729657079995377,0.6361872499983292,0.17272016700007953,32640,16384,256,256,64.0,256.0,ZZFeatureMap,6.0,6.0,logical depth after one decomposition of the library feature-map circuit,20260826.0,0.0013550409930758178
1,3,clinical,6,256,64,,,,qsvc,z_reps1,qiskit.quantum_info.Statevector (cached exact overlap),ideal exact statevector,6,2,12,1,none,,0.96875,0.95,1.0,1.0,0.9743589743589743,0.9895833333333333,0.995,24,0,2,38,0.31512416699843016,0.0006090840033721179,0.09542645800684113,0.31451508299505804,0.0952265000087209,32640,16384,256,256,64.0,256.0,ZFeatureMap,6.0,6.0,logical depth after one decomposition of the library feature-map circuit,20260826.0,0.000458792012068443
1,4,clinical,6,256,64,,,,classical_rbf_svm,rbf,scikit-learn libsvm RBF,classical CPU,0,0,0,0,none,,1.0,1.0,1.0,1.0,1.0,1.0,1.0,24,0,0,40,0.000628875000984408,0.000628875000984408,0.00019591700402088463,0.0,0.0,0,0,256,6,,,,,,,,
1,4,clinical,6,256,64,,,,qsvc,zz_reps1,qiskit.quantum_info.Statevector (cached exact overlap),ideal exact statevector,6,29,57,1,full,,0.890625,1.0,0.7083333333333334,0.851063829787234,0.9195402298850575,0.9927083333333333,0.9958290740267486,17,7,0,40,0.42953608300013,0.0008307499956572428,0.15962012500676792,0.4287053330044728,0.15938537499459926,32640,16384,256,256,64.0,256.0,ZZFeatureMap,6.0,6.0,logical depth after one decomposition of the library feature-map circuit,20260827.0,0.0009068749932339415
1,4,clinical,6,256,64,,,,qsvc,zz_reps2,qiskit.quantum_info.Statevector (cached exact overlap),ideal exact statevector,6,49,114,2,full,,0.640625,1.0,0.041666666666666664,0.6349206349206349,0.7766990291262136,0.890625,0.9389500906553413,1,23,0,40,0.6384382500109496,0.0009216670150635764,0.16570270800730214,0.637516582995886,0.16545816700090654,32640,16384,256,256,64.0,256.0,ZZFeatureMap,6.0,6.0,logical depth after one decomposition of the library feature-map circuit,20260827.0,0.0013418750022538006
1,4,clinical,6,256,64,,,,qsvc,z_reps1,qiskit.quantum_info.Statevector (cached exact overlap),ideal exact statevector,6,2,12,1,none,,1.0,1.0,1.0,1.0,1.0,1.0,1.0,24,0,0,40,0.280569958005799,0.0005974170053377748,0.12643158300488722,0.2799725410004612,0.1262271250016056,32640,16384,256,256,64.0,256.0,ZFeatureMap,6.0,6.0,logical depth after one decomposition of the library feature-map circuit,20260827.0,0.000592124997638166
1,5,clinical,6,256,64,,,,classical_rbf_svm,rbf,scikit-learn libsvm RBF,classical CPU,0,0,0,0,none,,1.0,1.0,1.0,1.0,1.0,1.0,1.0000000000000002,24,0,0,40,0.0006481669988716021,0.0006481669988716021,0.00019837499712593853,0.0,0.0,0,0,256,6,,,,,,,,
1,5,clinical,6,256,64,,,,qsvc,zz_reps1,qiskit.quantum_info.Statevector (cached exact overlap),ideal exact statevector,6,29,57,1,full,,0.921875,1.0,0.7916666666666666,0.8888888888888888,0.9411764705882353,0.9979166666666667,0.9987652439024391,19,5,0,40,0.46894350000366103,0.0008694999996805564,0.12917949999973644,0.4680740000039805,0.12893649999750778,32640,16384,256,256,64.0,256.0,ZZFeatureMap,6.0,6.0,logical depth after one decomposition of the library feature-map circuit,20260828.0,0.000888458002009429
1,5,clinical,6,256,64,,,,qsvc,zz_reps2,qiskit.quantum_info.Statevector (cached exact overlap),ideal exact statevector,6,49,114,2,full,,0.765625,1.0,0.375,0.7272727272727273,0.8421052631578947,0.8822916666666666,0.9042174379471193,9,15,0,40,0.6438991660106694,0.000852416007546708,0.16141833299479913,0.6430467500031227,0.16117550000490155,32640,16384,256,256,64.0,256.0,ZZFeatureMap,6.0,6.0,logical depth after one decomposition of the library feature-map circuit,20260828.0,0.0013550419971579686
1,5,clinical,6,256,64,,,,qsvc,z_reps1,qiskit.quantum_info.Statevector (cached exact overlap),ideal exact statevector,6,2,12,1,none,,0.96875,0.975,0.9583333333333334,0.975,0.975,0.9947916666666666,0.9972222222222225,23,1,1,39,0.28372879199741874,0.0006641250074608251,0.12793887499719858,0.2830646669899579,0.12767583401000593,32640,16384,256,256,64.0,256.0,ZFeatureMap,6.0,6.0,logical depth after one decomposition of the library feature-map circuit,20260828.0,0.0004848340031458065
2,1,clinical,6,256,64,,,,classical_rbf_svm,rbf,scikit-learn libsvm RBF,classical CPU,0,0,0,0,none,,1.0,1.0,1.0,1.0,1.0,1.0,1.0,24,0,0,40,0.0006582500063814223,0.0006582500063814223,0.00022224998974706978,0.0,0.0,0,0,256,6,,,,,,,,
2,1,clinical,6,256,64,,,,qsvc,zz_reps1,qiskit.quantum_info.Statevector (cached exact overlap),ideal exact statevector,6,29,57,1,full,,0.890625,0.975,0.75,0.8666666666666667,0.9176470588235294,0.9895833333333334,0.9942696182396608,18,6,1,39,0.45878195800469257,0.0009016660187626258,0.12778824999986682,0.45788029198592994,0.1275457500014454,32640,16384,256,256,64.0,256.0,ZZFeatureMap,6.0,6.0,logical depth after one decomposition of the library feature-map circuit,20260829.0,0.0010902920039370656
2,1,clinical,6,256,64,,,,qsvc,zz_reps2,qiskit.quantum_info.Statevector (cached exact overlap),ideal exact statevector,6,49,114,2,full,,0.671875,1.0,0.125,0.6557377049180327,0.7920792079207921,0.9395833333333333,0.9640153423791111,3,21,0,40,0.613222333995509,0.0007988759898580611,0.20178445799683686,0.6124234580056509,0.20154254201042932,32640,16384,256,256,64.0,256.0,ZZFeatureMap,6.0,6.0,logical depth after one decomposition of the library feature-map circuit,20260829.0,0.0013447079982142895
2,1,clinical,6,256,64,,,,qsvc,z_reps1,qiskit.quantum_info.Statevector (cached exact overlap),ideal exact statevector,6,2,12,1,none,,1.0,1.0,1.0,1.0,1.0,1.0,1.0,24,0,0,40,0.3153405000048224,0.00060283399943728,0.09159516601357609,0.3147376660053851,0.09139162499923259,32640,16384,256,256,64.0,256.0,ZFeatureMap,6.0,6.0,logical depth after one decomposition of the library feature-map circuit,20260829.0,0.0004868749965680763
2,2,clinical,6,256,64,,,,classical_rbf_svm,rbf,scikit-learn libsvm RBF,classical CPU,0,0,0,0,none,,1.0,1.0,1.0,1.0,1.0,1.0,1.0,24,0,0,40,0.0006414170056814328,0.0006414170056814328,0.00019995900220237672,0.0,0.0,0,0,256,6,,,,,,,,
2,2,clinical,6,256,64,,,,qsvc,zz_reps1,qiskit.quantum_info.Statevector (cached exact overlap),ideal exact statevector,6,29,57,1,full,,0.984375,1.0,0.9583333333333334,0.975609756097561,0.9876543209876543,1.0,1.0,23,1,0,40,0.47464466700330377,0.0009560420148773119,0.13396920799277723,0.47368862498842645,0.13372399999934714,32640,16384,256,256,64.0,256.0,ZZFeatureMap,6.0,6.0,logical depth after one decomposition of the library feature-map circuit,20260830.0,0.0008937919919844717
2,2,clinical,6,256,64,,,,qsvc,zz_reps2,qiskit.quantum_info.Statevector (cached exact overlap),ideal exact statevector,6,49,114,2,full,,0.703125,1.0,0.20833333333333334,0.6779661016949152,0.8080808080808081,0.8625,0.8890806975264034,5,19,0,40,0.6278948749968549,0.0008145419997163117,0.22631804199772887,0.6270803329971386,0.22592345799785107,32640,16384,256,256,64.0,256.0,ZZFeatureMap,6.0,6.0,logical depth after one decomposition of the library feature-map circuit,20260830.0,0.0019384169863769785
2,2,clinical,6,256,64,,,,qsvc,z_reps1,qiskit.quantum_info.Statevector (cached exact overlap),ideal exact statevector,6,2,12,1,none,,0.984375,1.0,0.9583333333333334,0.975609756097561,0.9876543209876543,1.0,1.0,23,1,0,40,0.32987362499989104,0.0006914160039741546,0.09146508299454581,0.3291822089959169,0.0912716669990914,32640,16384,256,256,64.0,256.0,ZFeatureMap,6.0,6.0,logical depth after one decomposition of the library feature-map circuit,20260830.0,0.0005150829965714365
2,3,clinical,6,256,64,,,,classical_rbf_svm,rbf,scikit-learn libsvm RBF,classical CPU,0,0,0,0,none,,1.0,1.0,1.0,1.0,1.0,1.0,1.0000000000000002,24,0,0,40,0.0006639169878326356,0.0006639169878326356,0.00020525000581983477,0.0,0.0,0,0,256,6,,,,,,,,
2,3,clinical,6,256,64,,,,qsvc,zz_reps1,qiskit.quantum_info.Statevector (cached exact overlap),ideal exact statevector,6,29,57,1,full,,0.90625,1.0,0.75,0.8695652173913043,0.9302325581395349,0.9885416666666667,0.9934191396145827,18,6,0,40,0.4263283339969348,0.0008337499893968925,0.16942745799315162,0.4254945840075379,0.1691859169950476,32640,16384,256,256,64.0,256.0,ZZFeatureMap,6.0,6.0,logical depth after one decomposition of the library feature-map circuit,20260831.0,0.0008997080003609881
2,3,clinical,6,256,64,,,,qsvc,zz_reps2,qiskit.quantum_info.Statevector (cached exact overlap),ideal exact statevector,6,49,114,2,full,,0.71875,1.0,0.25,0.6896551724137931,0.8163265306122449,0.8354166666666667,0.9054297317785319,6,18,0,40,0.6397790829942096,0.0008602079906268045,0.18255166700691916,0.6389188750035828,0.1823030419909628,32640,16384,256,256,64.0,256.0,ZZFeatureMap,6.0,6.0,logical depth after one decomposition of the library feature-map circuit,20260831.0,0.0016404999914811924
2,3,clinical,6,256,64,,,,qsvc,z_reps1,qiskit.quantum_info.Statevector (cached exact overlap),ideal exact statevector,6,2,12,1,none,,0.96875,0.95,1.0,1.0,0.9743589743589743,0.9854166666666667,0.9928221288515408,24,0,2,38,0.4015509999881033,0.000699791984516196,0.10228412500873674,0.4008512080035871,0.10207725000509527,32640,16384,256,256,64.0,256.0,ZFeatureMap,6.0,6.0,logical depth after one decomposition of the library feature-map circuit,20260831.0,0.0006192080036271363
2,4,clinical,6,256,64,,,,classical_rbf_svm,rbf,scikit-learn libsvm RBF,classical CPU,0,0,0,0,none,,0.96875,1.0,0.9166666666666666,0.9523809523809523,0.975609756097561,1.0,1.0,22,2,0,40,0.0006468749925261363,0.0006468749925261363,0.0001970839948626235,0.0,0.0,0,0,256,6,,,,,,,,
2,4,clinical,6,256,64,,,,qsvc,zz_reps1,qiskit.quantum_info.Statevector (cached exact overlap),ideal exact statevector,6,29,57,1,full,,0.890625,1.0,0.7083333333333334,0.851063829787234,0.9195402298850575,1.0,1.0,17,7,0,40,0.42954783399181906,0.0008475429931422696,0.1566364999889629,0.4287002909986768,0.1563904999929946,32640,16384,256,256,64.0,256.0,ZZFeatureMap,6.0,6.0,logical depth after one decomposition of the library feature-map circuit,20260832.0,0.000898041995242238
2,4,clinical,6,256,64,,,,qsvc,zz_reps2,qiskit.quantum_info.Statevector (cached exact overlap),ideal exact statevector,6,49,114,2,full,,0.734375,1.0,0.2916666666666667,0.7017543859649122,0.8247422680412371,0.8833333333333334,0.9280615574519165,7,17,0,40,0.6448426249990007,0.0008154169918270782,0.16103770799236372,0.6440272080071736,0.1607960420078598,32640,16384,256,256,64.0,256.0,ZZFeatureMap,6.0,6.0,logical depth after one decomposition of the library feature-map circuit,20260832.0,0.0013519170024665073
2,4,clinical,6,256,64,,,,qsvc,z_reps1,qiskit.quantum_info.Statevector (cached exact overlap),ideal exact statevector,6,2,12,1,none,,0.953125,0.975,0.9166666666666666,0.9512195121951219,0.9629629629629629,0.9822916666666668,0.9908562796600818,22,2,1,39,0.28303149998828303,0.0005975829844828695,0.12430866700015031,0.28243391700380016,0.12410945899318904,32640,16384,256,256,64.0,256.0,ZFeatureMap,6.0,6.0,logical depth after one decomposition of the library feature-map circuit,20260832.0,0.00045120799040887505
2,5,clinical,6,256,64,,,,classical_rbf_svm,rbf,scikit-learn libsvm RBF,classical CPU,0,0,0,0,none,,1.0,1.0,1.0,1.0,1.0,1.0,1.0,24,0,0,40,0.0006489999941550195,0.0006489999941550195,0.00019899998733308166,0.0,0.0,0,0,256,6,,,,,,,,
2,5,clinical,6,256,64,,,,qsvc,zz_reps1,qiskit.quantum_info.Statevector (cached exact overlap),ideal exact statevector,6,29,57,1,full,,0.953125,1.0,0.875,0.9302325581395349,0.963855421686747,0.990625,0.9946408313750914,21,3,0,40,0.5053501250076806,0.0007992910104803741,0.12652720800542738,0.5045508339972002,0.12629062500491273,32640,16384,256,256,64.0,256.0,ZZFeatureMap,6.0,6.0,logical depth after one decomposition of the library feature-map circuit,20260833.0,0.0008928329916670918
2,5,clinical,6,256,64,,,,qsvc,zz_reps2,qiskit.quantum_info.Statevector (cached exact overlap),ideal exact statevector,6,49,114,2,full,,0.6875,1.0,0.16666666666666666,0.6666666666666666,0.8,0.8895833333333333,0.916300196150909,4,20,0,40,0.6503765840025153,0.002113000999088399,0.16805125000246335,0.6482635830034269,0.16780495799321216,32640,16384,256,256,64.0,256.0,ZZFeatureMap,6.0,6.0,logical depth after one decomposition of the library feature-map circuit,20260833.0,0.0013806670031044632
2,5,clinical,6,256,64,,,,qsvc,z_reps1,qiskit.quantum_info.Statevector (cached exact overlap),ideal exact statevector,6,2,12,1,none,,0.953125,0.925,1.0,1.0,0.961038961038961,0.99375,0.9964700996677742,24,0,3,37,0.2913837079977384,0.0005725410010199994,0.1349610410106834,0.2908111669967184,0.13472833301057108,32640,16384,256,256,64.0,256.0,ZFeatureMap,6.0,6.0,logical depth after one decomposition of the library feature-map circuit,20260833.0,0.0004528339923126623
1,1,clinical,4,256,64,,,,classical_rbf_svm,rbf,scikit-learn libsvm RBF,classical CPU,0,0,0,0,none,,0.9375,0.95,0.9166666666666666,0.95,0.95,0.9770833333333333,0.989459224985541,22,2,2,38,0.0008020840032259002,0.0008020840032259002,0.00029358299798332155,0.0,0.0,0,0,256,4,,,,,,,,
1,1,clinical,4,256,64,,,,qsvc,zz_reps1,qiskit.quantum_info.Statevector (cached exact overlap),ideal exact statevector,4,17,26,1,full,,0.84375,0.925,0.7083333333333334,0.8409090909090909,0.8809523809523809,0.890625,0.9290136670277799,17,7,3,37,0.41440624999813735,0.0007802500040270388,0.0972768339997856,0.4136259999941103,0.09695629199268296,32640,16384,256,256,64.0,256.0,ZZFeatureMap,4.0,4.0,logical depth after one decomposition of the library feature-map circuit,20260824.0,0.0012823330034734681
1,1,clinical,4,256,64,,,,qsvc,zz_reps2,qiskit.quantum_info.Statevector (cached exact overlap),ideal exact statevector,4,31,52,2,full,,0.6875,0.95,0.25,0.6785714285714286,0.7916666666666666,0.7458333333333332,0.8123672180472366,6,18,2,38,0.4186385840002913,0.0006979169993428513,0.15493104200868402,0.41794066700094845,0.15466808300698176,32640,16384,256,256,64.0,256.0,ZZFeatureMap,4.0,4.0,logical depth after one decomposition of the library feature-map circuit,20260824.0,0.0008917499944800511
1,1,clinical,4,256,64,,,,qsvc,z_reps1,qiskit.quantum_info.Statevector (cached exact overlap),ideal exact statevector,4,2,8,1,none,,0.9375,0.925,0.9583333333333334,0.9736842105263158,0.9487179487179487,0.96875,0.98418924457816,23,1,3,37,0.29403150000143796,0.0006823330040788278,0.08619216599618085,0.29334916699735913,0.0859615829976974,32640,16384,256,256,64.0,256.0,ZFeatureMap,4.0,4.0,logical depth after one decomposition of the library feature-map circuit,20260824.0,0.0006002089940011501
1,2,clinical,4,256,64,,,,classical_rbf_svm,rbf,scikit-learn libsvm RBF,classical CPU,0,0,0,0,none,,0.9375,0.925,0.9583333333333334,0.9736842105263158,0.9487179487179487,0.9666666666666666,0.9832932247499918,23,1,3,37,0.0007886249950388446,0.0007886249950388446,0.0002529579942347482,0.0,0.0,0,0,256,4,,,,,,,,
1,2,clinical,4,256,64,,,,qsvc,zz_reps1,qiskit.quantum_info.Statevector (cached exact overlap),ideal exact statevector,4,17,26,1,full,,0.703125,0.825,0.5,0.7333333333333333,0.7764705882352941,0.7739583333333333,0.8444967844560551,12,12,7,33,0.370277875001193,0.0008812500018393621,0.09905558300670236,0.36939662499935366,0.09882770900730975,32640,16384,256,256,64.0,256.0,ZZFeatureMap,4.0,4.0,logical depth after one decomposition of the library feature-map circuit,20260825.0,0.0007646669982932508
1,2,clinical,4,256,64,,,,qsvc,zz_reps2,qiskit.quantum_info.Statevector (cached exact overlap),ideal exact statevector,4,31,52,2,full,,0.578125,0.925,0.0,0.6065573770491803,0.7326732673267327,0.625,0.7969831784843727,0,24,3,37,0.39490516600199044,0.0007370410021394491,0.15954991699254606,0.394168124999851,0.15931754199846182,32640,16384,256,256,64.0,256.0,ZZFeatureMap,4.0,4.0,logical depth after one decomposition of the library feature-map circuit,20260825.0,0.0008676249999552965
1,2,clinical,4,256,64,,,,qsvc,z_reps1,qiskit.quantum_info.Statevector (cached exact overlap),ideal exact statevector,4,2,8,1,none,,0.828125,0.85,0.7916666666666666,0.8717948717948718,0.8607594936708861,0.909375,0.9522688527986137,19,5,6,34,0.2946624169999268,0.0006155839946586639,0.08418558300763834,0.2940468330052681,0.08399858299526386,32640,16384,256,256,64.0,256.0,ZFeatureMap,4.0,4.0,logical depth after one decomposition of the library feature-map circuit,20260825.0,0.0004104999970877543
1,3,clinical,4,256,64,,,,classical_rbf_svm,rbf,scikit-learn libsvm RBF,classical CPU,0,0,0,0,none,,0.96875,0.95,1.0,1.0,0.9743589743589743,0.9625,0.9843939393939395,24,0,2,38,0.0007000409968895838,0.0007000409968895838,0.0002414579939795658,0.0,0.0,0,0,256,4,,,,,,,,
1,3,clinical,4,256,64,,,,qsvc,zz_reps1,qiskit.quantum_info.Statevector (cached exact overlap),ideal exact statevector,4,17,26,1,full,,0.75,0.875,0.5416666666666666,0.7608695652173914,0.813953488372093,0.796875,0.8758044357186864,13,11,5,35,0.3561139160010498,0.0006533330015372485,0.10117200000968296,0.35546058299951255,0.1009535839984892,32640,16384,256,256,64.0,256.0,ZZFeatureMap,4.0,4.0,logical depth after one decomposition of the library feature-map circuit,20260826.0,0.000626375011052005
1,3,clinical,4,256,64,,,,qsvc,zz_reps2,qiskit.quantum_info.Statevector (cached exact overlap),ideal exact statevector,4,31,52,2,full,,0.640625,0.975,0.08333333333333333,0.639344262295082,0.7722772277227723,0.7156250000000001,0.8050736524171254,2,22,1,39,0.42530087499471847,0.0007276669930433854,0.1191389169980539,0.4245732080016751,0.11890808299358469,32640,16384,256,256,64.0,256.0,ZZFeatureMap,4.0,4.0,logical depth after one decomposition of the library feature-map circuit,20260826.0,0.0008592500089434907
1,3,clinical,4,256,64,,,,qsvc,z_reps1,qiskit.quantum_info.Statevector (cached exact overlap),ideal exact statevector,4,2,8,1,none,,0.859375,0.85,0.875,0.918918918918919,0.8831168831168831,0.9312500000000001,0.9679920721228773,21,3,6,34,0.253334666005685,0.000553416000911966,0.11918574999435805,0.25278125000477303,0.11899004199949559,32640,16384,256,256,64.0,256.0,ZFeatureMap,4.0,4.0,logical depth after one decomposition of the library feature-map circuit,20260826.0,0.00041945799603126943
1,4,clinical,4,256,64,,,,classical_rbf_svm,rbf,scikit-learn libsvm RBF,classical CPU,0,0,0,0,none,,0.96875,0.975,0.9583333333333334,0.975,0.975,0.9916666666666667,0.9958333333333335,23,1,1,39,0.0007171670004026964,0.0007171670004026964,0.00035879199276678264,0.0,0.0,0,0,256,4,,,,,,,,
1,4,clinical,4,256,64,,,,qsvc,zz_reps1,qiskit.quantum_info.Statevector (cached exact overlap),ideal exact statevector,4,17,26,1,full,,0.78125,1.0,0.4166666666666667,0.7407407407407407,0.851063829787234,0.8447916666666666,0.9045339994958781,10,14,0,40,0.37557895899226423,0.0007507509872084484,0.10371841699816287,0.3748282080050558,0.10348375000467058,32640,16384,256,256,64.0,256.0,ZZFeatureMap,4.0,4.0,logical depth after one decomposition of the library feature-map circuit,20260827.0,0.0006188329862197861
1,4,clinical,4,256,64,,,,qsvc,zz_reps2,qiskit.quantum_info.Statevector (cached exact overlap),ideal exact statevector,4,31,52,2,full,,0.625,0.95,0.08333333333333333,0.6333333333333333,0.76,0.659375,0.7488653135683574,2,22,2,38,0.4333176250074757,0.0007437909953296185,0.11676916699798312,0.4325738340121461,0.11654312499740627,32640,16384,256,256,64.0,256.0,ZZFeatureMap,4.0,4.0,logical depth after one decomposition of the library feature-map circuit,20260827.0,0.0008423330000368878
1,4,clinical,4,256,64,,,,qsvc,z_reps1,qiskit.quantum_info.Statevector (cached exact overlap),ideal exact statevector,4,2,8,1,none,,0.890625,0.925,0.8333333333333334,0.9024390243902439,0.9135802469135802,0.9697916666666667,0.9863022381535235,20,4,3,37,0.25110862498695496,0.000593082993873395,0.11897754100209568,0.25051554199308157,0.11877745899255387,32640,16384,256,256,64.0,256.0,ZFeatureMap,4.0,4.0,logical depth after one decomposition of the library feature-map circuit,20260827.0,0.0004054580058436841
1,5,clinical,4,256,64,,,,classical_rbf_svm,rbf,scikit-learn libsvm RBF,classical CPU,0,0,0,0,none,,0.96875,1.0,0.9166666666666666,0.9523809523809523,0.975609756097561,0.9958333333333333,0.9974663235245712,22,2,0,40,0.0007647910097148269,0.0007647910097148269,0.0002746660029515624,0.0,0.0,0,0,256,4,,,,,,,,
1,5,clinical,4,256,64,,,,qsvc,zz_reps1,qiskit.quantum_info.Statevector (cached exact overlap),ideal exact statevector,4,17,26,1,full,,0.6875,0.975,0.20833333333333334,0.6724137931034483,0.7959183673469388,0.7729166666666667,0.826536849740534,5,19,1,39,0.35629149999294896,0.0007367499929387122,0.09779416699893773,0.35555475000001024,0.09756979200756177,32640,16384,256,256,64.0,256.0,ZZFeatureMap,4.0,4.0,logical depth after one decomposition of the library feature-map circuit,20260828.0,0.0006129999965196475
1,5,clinical,4,256,64,,,,qsvc,zz_reps2,qiskit.quantum_info.Statevector (cached exact overlap),ideal exact statevector,4,31,52,2,full,,0.640625,0.975,0.08333333333333333,0.639344262295082,0.7722772277227723,0.6479166666666667,0.7487867105873927,2,22,1,39,0.5037465829955181,0.0008282079943455756,0.15563812499749474,0.5029183750011725,0.15540524999960326,32640,16384,256,256,64.0,256.0,ZZFeatureMap,4.0,4.0,logical depth after one decomposition of the library feature-map circuit,20260828.0,0.0010572500032139942
1,5,clinical,4,256,64,,,,qsvc,z_reps1,qiskit.quantum_info.Statevector (cached exact overlap),ideal exact statevector,4,2,8,1,none,,0.90625,0.9,0.9166666666666666,0.9473684210526315,0.9230769230769231,0.965625,0.9815498113770541,22,2,4,36,0.28644183299911674,0.0005837499920744449,0.08662091700534802,0.2858580830070423,0.08641937500215136,32640,16384,256,256,64.0,256.0,ZFeatureMap,4.0,4.0,logical depth after one decomposition of the library feature-map circuit,20260828.0,0.0004101249942323193
2,1,clinical,4,256,64,,,,classical_rbf_svm,rbf,scikit-learn libsvm RBF,classical CPU,0,0,0,0,none,,0.96875,0.95,1.0,1.0,0.9743589743589743,0.9770833333333333,0.9897029505582137,24,0,2,38,0.0007319160067709163,0.0007319160067709163,0.00023800000781193376,0.0,0.0,0,0,256,4,,,,,,,,
2,1,clinical,4,256,64,,,,qsvc,zz_reps1,qiskit.quantum_info.Statevector (cached exact overlap),ideal exact statevector,4,17,26,1,full,,0.8125,0.975,0.5416666666666666,0.78,0.8666666666666667,0.915625,0.9497461803173572,13,11,1,39,0.35500454099383205,0.0006630409916397184,0.10195495899824891,0.35434150000219233,0.10172437499568332,32640,16384,256,256,64.0,256.0,ZZFeatureMap,4.0,4.0,logical depth after one decomposition of the library feature-map circuit,20260829.0,0.0006084589986130595
2,1,clinical,4,256,64,,,,qsvc,zz_reps2,qiskit.quantum_info.Statevector (cached exact overlap),ideal exact statevector,4,31,52,2,full,,0.671875,0.95,0.20833333333333334,0.6666666666666666,0.7835051546391752,0.7427083333333334,0.8362789032881155,5,19,2,38,0.41034866600239184,0.000681791003444232,0.15261779101274442,0.4096668749989476,0.15238900000986177,32640,16384,256,256,64.0,256.0,ZZFeatureMap,4.0,4.0,logical depth after one decomposition of the library feature-map circuit,20260829.0,0.0009858330013230443
2,1,clinical,4,256,64,,,,qsvc,z_reps1,qiskit.quantum_info.Statevector (cached exact overlap),ideal exact statevector,4,2,8,1,none,,0.875,0.9,0.8333333333333334,0.9,0.9,0.9458333333333333,0.9739457576670929,20,4,4,36,0.28785645800235216,0.0005674999993061647,0.0861759169929428,0.287288958003046,0.08598412500577979,32640,16384,256,256,64.0,256.0,ZFeatureMap,4.0,4.0,logical depth after one decomposition of the library feature-map circuit,20260829.0,0.00042204100464005023
2,2,clinical,4,256,64,,,,classical_rbf_svm,rbf,scikit-learn libsvm RBF,classical CPU,0,0,0,0,none,,0.921875,0.95,0.875,0.926829268292683,0.9382716049382716,0.9614583333333334,0.983807972537481,21,3,2,38,0.0007061249925754964,0.0007061249925754964,0.00022958399495109916,0.0,0.0,0,0,256,4,,,,,,,,
2,2,clinical,4,256,64,,,,qsvc,zz_reps1,qiskit.quantum_info.Statevector (cached exact overlap),ideal exact statevector,4,17,26,1,full,,0.84375,0.925,0.7083333333333334,0.8409090909090909,0.8809523809523809,0.8760416666666667,0.8735190937146885,17,7,3,37,0.32136970800638665,0.0006962500046938658,0.1329683749936521,0.3206734580016928,0.13273612500051968,32640,16384,256,256,64.0,256.0,ZZFeatureMap,4.0,4.0,logical depth after one decomposition of the library feature-map circuit,20260830.0,0.0006272919999901205
2,2,clinical,4,256,64,,,,qsvc,zz_reps2,qiskit.quantum_info.Statevector (cached exact overlap),ideal exact statevector,4,31,52,2,full,,0.609375,0.925,0.08333333333333333,0.6271186440677966,0.7474747474747475,0.7875,0.8768519073495188,2,22,3,37,0.43268212499970105,0.0007512500014854595,0.11637470799905714,0.4319308749982156,0.11614791599276941,32640,16384,256,256,64.0,256.0,ZZFeatureMap,4.0,4.0,logical depth after one decomposition of the library feature-map circuit,20260830.0,0.0008430839952779934
2,2,clinical,4,256,64,,,,qsvc,z_reps1,qiskit.quantum_info.Statevector (cached exact overlap),ideal exact statevector,4,2,8,1,none,,0.9375,0.925,0.9583333333333334,0.9736842105263158,0.9487179487179487,0.9552083333333333,0.9774546123788271,23,1,3,37,0.2958407090045512,0.000621834013145417,0.08384016700438224,0.29521887499140576,0.08365408300596755,32640,16384,256,256,64.0,256.0,ZFeatureMap,4.0,4.0,logical depth after one decomposition of the library feature-map circuit,20260830.0,0.0004050419956911355
2,3,clinical,4,256,64,,,,classical_rbf_svm,rbf,scikit-learn libsvm RBF,classical CPU,0,0,0,0,none,,0.96875,0.975,0.9583333333333334,0.975,0.975,0.9833333333333332,0.9909916737877266,23,1,1,39,0.0007202499982668087,0.0007202499982668087,0.0002478749956935644,0.0,0.0,0,0,256,4,,,,,,,,
2,3,clinical,4,256,64,,,,qsvc,zz_reps1,qiskit.quantum_info.Statevector (cached exact overlap),ideal exact statevector,4,17,26,1,full,,0.6875,0.9,0.3333333333333333,0.6923076923076923,0.782608695652174,0.8052083333333333,0.8908024621736496,8,16,4,36,0.3222699170000851,0.0007775419944664463,0.13131058399449103,0.32149237500561867,0.13095037500897888,32640,16384,256,256,64.0,256.0,ZZFeatureMap,4.0,4.0,logical depth after one decomposition of the library feature-map circuit,20260831.0,0.0006248330028029159
2,3,clinical,4,256,64,,,,qsvc,zz_reps2,qiskit.quantum_info.Statevector (cached exact overlap),ideal exact statevector,4,31,52,2,full,,0.609375,0.925,0.08333333333333333,0.6271186440677966,0.7474747474747475,0.5958333333333332,0.7235681873957532,2,22,3,37,0.433486666996032,0.0008098749967757612,0.11468475000583567,0.43267679199925624,0.11445833300240338,32640,16384,256,256,64.0,256.0,ZZFeatureMap,4.0,4.0,logical depth after one decomposition of the library feature-map circuit,20260831.0,0.0008350839925697073
2,3,clinical,4,256,64,,,,qsvc,z_reps1,qiskit.quantum_info.Statevector (cached exact overlap),ideal exact statevector,4,2,8,1,none,,0.875,0.85,0.9166666666666666,0.9444444444444444,0.8947368421052632,0.9406249999999999,0.9714329009699245,22,2,6,34,0.2526470419979887,0.0006376669916789979,0.11804849999316502,0.2520093750063097,0.1178238330030581,32640,16384,256,256,64.0,256.0,ZFeatureMap,4.0,4.0,logical depth after one decomposition of the library feature-map circuit,20260831.0,0.00040604099922347814
2,4,clinical,4,256,64,,,,classical_rbf_svm,rbf,scikit-learn libsvm RBF,classical CPU,0,0,0,0,none,,0.9375,0.95,0.9166666666666666,0.95,0.95,0.9713541666666666,0.9859234973437482,22,2,2,38,0.0007011249981587753,0.0007011249981587753,0.00023674999829381704,0.0,0.0,0,0,256,4,,,,,,,,
2,4,clinical,4,256,64,,,,qsvc,zz_reps1,qiskit.quantum_info.Statevector (cached exact overlap),ideal exact statevector,4,17,26,1,full,,0.71875,0.9,0.4166666666666667,0.72,0.8,0.7651041666666667,0.8434917140348533,10,14,4,36,0.3545578340126667,0.0007333340181503445,0.10067729200818576,0.3538244999945164,0.10046216699993238,32640,16384,256,256,64.0,256.0,ZZFeatureMap,4.0,4.0,logical depth after one decomposition of the library feature-map circuit,20260832.0,0.0006059579900465906
2,4,clinical,4,256,64,,,,qsvc,zz_reps2,qiskit.quantum_info.Statevector (cached exact overlap),ideal exact statevector,4,31,52,2,full,,0.65625,1.0,0.08333333333333333,0.6451612903225806,0.7843137254901961,0.7755208333333332,0.8236874437147196,2,22,0,40,0.43200945798889734,0.0008383329841308296,0.11616712500108406,0.4311711250047665,0.1158531670080265,32640,16384,256,256,64.0,256.0,ZZFeatureMap,4.0,4.0,logical depth after one decomposition of the library feature-map circuit,20260832.0,0.0008353330049430951
2,4,clinical,4,256,64,,,,qsvc,z_reps1,qiskit.quantum_info.Statevector (cached exact overlap),ideal exact statevector,4,2,8,1,none,,0.890625,0.9,0.875,0.9230769230769231,0.9113924050632911,0.9380208333333333,0.9635887781206928,21,3,4,36,0.251969666001969,0.0006110830145189539,0.11855254099646118,0.25135858298745006,0.11835312499897555,32640,16384,256,256,64.0,256.0,ZFeatureMap,4.0,4.0,logical depth after one decomposition of the library feature-map circuit,20260832.0,0.00040908400842454284
2,5,clinical,4,256,64,,,,classical_rbf_svm,rbf,scikit-learn libsvm RBF,classical CPU,0,0,0,0,none,,0.984375,0.975,1.0,1.0,0.9873417721518988,0.9885416666666667,0.994607843137255,24,0,1,39,0.0007192500052042305,0.0007192500052042305,0.00024429199402220547,0.0,0.0,0,0,256,4,,,,,,,,
2,5,clinical,4,256,64,,,,qsvc,zz_reps1,qiskit.quantum_info.Statevector (cached exact overlap),ideal exact statevector,4,17,26,1,full,,0.6875,0.875,0.375,0.7,0.7777777777777778,0.7770833333333332,0.8543652786369006,9,15,5,35,0.3583480000088457,0.0006603750080103055,0.10144554199359845,0.3576876250008354,0.10113233300216962,32640,16384,256,256,64.0,256.0,ZZFeatureMap,4.0,4.0,logical depth after one decomposition of the library feature-map circuit,20260833.0,0.0006180829950608313
2,5,clinical,4,256,64,,,,qsvc,zz_reps2,qiskit.quantum_info.Statevector (cached exact overlap),ideal exact statevector,4,31,52,2,full,,0.671875,1.0,0.125,0.6557377049180327,0.7920792079207921,0.7364583333333333,0.8099811916270887,3,21,0,40,0.42780091700842604,0.0007379590097116306,0.12016020799637772,0.4270629579987144,0.1198582500073826,32640,16384,256,256,64.0,256.0,ZZFeatureMap,4.0,4.0,logical depth after one decomposition of the library feature-map circuit,20260833.0,0.000855500009492971
2,5,clinical,4,256,64,,,,qsvc,z_reps1,qiskit.quantum_info.Statevector (cached exact overlap),ideal exact statevector,4,2,8,1,none,,0.921875,0.925,0.9166666666666666,0.9487179487179487,0.9367088607594937,0.9802083333333333,0.9900648419206622,22,2,3,37,0.2533810829918366,0.0006039999861968681,0.11734583300130907,0.2527770830056397,0.1171399580052821,32640,16384,256,256,64.0,256.0,ZFeatureMap,4.0,4.0,logical depth after one decomposition of the library feature-map circuit,20260833.0,0.0004242080030962825
1,1,pca,8,256,64,8,256,0.8175942057861136,classical_rbf_svm,rbf,scikit-learn libsvm RBF,classical CPU,0,0,0,0,none,,1.0,1.0,1.0,1.0,1.0,1.0,1.0,24,0,0,40,0.0007558329962193966,0.0007558329962193966,0.00025112500588875264,0.0,0.0,0,0,256,8,,,,,,,,
1,1,pca,8,256,64,8,256,0.8175942057861136,qsvc,z_reps1,qiskit.quantum_info.Statevector (cached exact overlap),ideal exact statevector,8,2,16,1,none,,0.890625,0.975,0.75,0.8666666666666667,0.9176470588235294,0.9885416666666668,0.9939727954971858,18,6,1,39,0.37009158299770206,0.0008421670063398778,0.10288120800396428,0.3692494159913622,0.10262533399509266,32640,16384,256,256,64.0,256.0,ZFeatureMap,8.0,8.0,logical depth after one decomposition of the library feature-map circuit,20260824.0,0.0005699999892385677
1,2,pca,8,256,64,8,256,0.8175310560005984,classical_rbf_svm,rbf,scikit-learn libsvm RBF,classical CPU,0,0,0,0,none,,1.0,1.0,1.0,1.0,1.0,1.0,1.0,24,0,0,40,0.0007107499986886978,0.0007107499986886978,0.00022699999681208283,0.0,0.0,0,0,256,8,,,,,,,,
1,2,pca,8,256,64,8,256,0.8175310560005984,qsvc,z_reps1,qiskit.quantum_info.Statevector (cached exact overlap),ideal exact statevector,8,2,16,1,none,,0.890625,1.0,0.7083333333333334,0.851063829787234,0.9195402298850575,0.9895833333333333,0.9939281817242344,17,7,0,40,0.32234154200705234,0.0007743330061202869,0.13639337501081172,0.32156720900093205,0.13613812500261702,32640,16384,256,256,64.0,256.0,ZFeatureMap,8.0,8.0,logical depth after one decomposition of the library feature-map circuit,20260825.0,0.0004777919966727495
1,3,pca,8,256,64,8,256,0.8208597871596679,classical_rbf_svm,rbf,scikit-learn libsvm RBF,classical CPU,0,0,0,0,none,,0.96875,0.95,1.0,1.0,0.9743589743589743,1.0,1.0,24,0,2,38,0.0007192920020315796,0.0007192920020315796,0.00022699999681208283,0.0,0.0,0,0,256,8,,,,,,,,
1,3,pca,8,256,64,8,256,0.8208597871596679,qsvc,z_reps1,qiskit.quantum_info.Statevector (cached exact overlap),ideal exact statevector,8,2,16,1,none,,0.875,0.925,0.7916666666666666,0.8809523809523809,0.9024390243902439,0.9604166666666667,0.9807572624743678,19,5,3,37,0.3679002080025384,0.0008059160027187318,0.10481837499537505,0.3670942919998197,0.10454391701205168,32640,16384,256,256,64.0,256.0,ZFeatureMap,8.0,8.0,logical depth after one decomposition of the library feature-map circuit,20260826.0,0.0004977079952368513
1,4,pca,8,256,64,8,256,0.8259729699601427,classical_rbf_svm,rbf,scikit-learn libsvm RBF,classical CPU,0,0,0,0,none,,1.0,1.0,1.0,1.0,1.0,1.0,1.0,24,0,0,40,0.0007452080026268959,0.0007452080026268959,0.00022233399795368314,0.0,0.0,0,0,256,8,,,,,,,,
1,4,pca,8,256,64,8,256,0.8259729699601427,qsvc,z_reps1,qiskit.quantum_info.Statevector (cached exact overlap),ideal exact statevector,8,2,16,1,none,,0.921875,0.975,0.8333333333333334,0.9069767441860465,0.9397590361445783,0.9895833333333334,0.9939669623880151,20,4,1,39,0.33010449999710545,0.0008272080012829974,0.14231841699802317,0.32927729199582245,0.14207975000317674,32640,16384,256,256,64.0,256.0,ZFeatureMap,8.0,8.0,logical depth after one decomposition of the library feature-map circuit,20260827.0,0.0005575000104727224
1,5,pca,8,256,64,8,256,0.8142546874712056,classical_rbf_svm,rbf,scikit-learn libsvm RBF,classical CPU,0,0,0,0,none,,0.984375,0.975,1.0,1.0,0.9873417721518988,1.0,1.0,24,0,1,39,0.0007130000012693927,0.0007130000012693927,0.00023712500114925206,0.0,0.0,0,0,256,8,,,,,,,,
1,5,pca,8,256,64,8,256,0.8142546874712056,qsvc,z_reps1,qiskit.quantum_info.Statevector (cached exact overlap),ideal exact statevector,8,2,16,1,none,,0.9375,0.975,0.875,0.9285714285714286,0.9512195121951219,0.9802083333333333,0.9905822221282747,21,3,1,39,0.36121862499567214,0.0007819589955033734,0.10265000000072177,0.36043666600016877,0.10241033299826086,32640,16384,256,256,64.0,256.0,ZFeatureMap,8.0,8.0,logical depth after one decomposition of the library feature-map circuit,20260828.0,0.00047479200293309987
2,1,pca,8,256,64,8,256,0.8278728396045753,classical_rbf_svm,rbf,scikit-learn libsvm RBF,classical CPU,0,0,0,0,none,,0.984375,0.975,1.0,1.0,0.9873417721518988,1.0,1.0,24,0,1,39,0.000727374994312413,0.000727374994312413,0.00022375000116880983,0.0,0.0,0,0,256,8,,,,,,,,
2,1,pca,8,256,64,8,256,0.8278728396045753,qsvc,z_reps1,qiskit.quantum_info.Statevector (cached exact overlap),ideal exact statevector,8,2,16,1,none,,0.921875,1.0,0.7916666666666666,0.8888888888888888,0.9411764705882353,1.0,1.0,19,5,0,40,0.3616986669949256,0.0007819589955033734,0.10324487500474788,0.3609167079994222,0.103006125005777,32640,16384,256,256,64.0,256.0,ZFeatureMap,8.0,8.0,logical depth after one decomposition of the library feature-map circuit,20260829.0,0.0004757089918712154
2,2,pca,8,256,64,8,256,0.8260449408590422,classical_rbf_svm,rbf,scikit-learn libsvm RBF,classical CPU,0,0,0,0,none,,0.96875,0.95,1.0,1.0,0.9743589743589743,1.0,1.0,24,0,2,38,0.000706207996699959,0.000706207996699959,0.00022674999490845948,0.0,0.0,0,0,256,8,,,,,,,,
2,2,pca,8,256,64,8,256,0.8260449408590422,qsvc,z_reps1,qiskit.quantum_info.Statevector (cached exact overlap),ideal exact statevector,8,2,16,1,none,,0.859375,0.9,0.7916666666666666,0.8780487804878049,0.8888888888888888,0.9447916666666667,0.9741557954936967,19,5,4,36,0.32169033399259206,0.0008721670019440353,0.13703341700602323,0.320818166990648,0.13679979099833872,32640,16384,256,256,64.0,256.0,ZFeatureMap,8.0,8.0,logical depth after one decomposition of the library feature-map circuit,20260830.0,0.0004900409985566512
2,3,pca,8,256,64,8,256,0.8059430174336667,classical_rbf_svm,rbf,scikit-learn libsvm RBF,classical CPU,0,0,0,0,none,,1.0,1.0,1.0,1.0,1.0,1.0,1.0,24,0,0,40,0.0007424580107908696,0.0007424580107908696,0.00023379200138151646,0.0,0.0,0,0,256,8,,,,,,,,
2,3,pca,8,256,64,8,256,0.8059430174336667,qsvc,z_reps1,qiskit.quantum_info.Statevector (cached exact overlap),ideal exact statevector,8,2,16,1,none,,0.859375,0.975,0.6666666666666666,0.8297872340425532,0.896551724137931,0.9875,0.9933149007603436,16,8,1,39,0.3633271250000689,0.0007689170015510172,0.10312270799477119,0.3625582079985179,0.10288512500119396,32640,16384,256,256,64.0,256.0,ZFeatureMap,8.0,8.0,logical depth after one decomposition of the library feature-map circuit,20260831.0,0.0004805409989785403
2,4,pca,8,256,64,8,256,0.8163091705249371,classical_rbf_svm,rbf,scikit-learn libsvm RBF,classical CPU,0,0,0,0,none,,1.0,1.0,1.0,1.0,1.0,1.0,1.0,24,0,0,40,0.0007181670080171898,0.0007181670080171898,0.00022262500715442002,0.0,0.0,0,0,256,8,,,,,,,,
2,4,pca,8,256,64,8,256,0.8163091705249371,qsvc,z_reps1,qiskit.quantum_info.Statevector (cached exact overlap),ideal exact statevector,8,2,16,1,none,,0.859375,1.0,0.625,0.8163265306122449,0.898876404494382,0.9614583333333333,0.9787559944999581,15,9,0,40,0.3206489580043126,0.0008690829999977723,0.13688883300346788,0.3197798750043148,0.1366492079978343,32640,16384,256,256,64.0,256.0,ZFeatureMap,8.0,8.0,logical depth after one decomposition of the library feature-map circuit,20260832.0,0.0005141250003362074
2,5,pca,8,256,64,8,256,0.8165975197729608,classical_rbf_svm,rbf,scikit-learn libsvm RBF,classical CPU,0,0,0,0,none,,0.984375,0.975,1.0,1.0,0.9873417721518988,1.0,1.0,24,0,1,39,0.0007057500042719766,0.0007057500042719766,0.00022337499831337482,0.0,0.0,0,0,256,8,,,,,,,,
2,5,pca,8,256,64,8,256,0.8165975197729608,qsvc,z_reps1,qiskit.quantum_info.Statevector (cached exact overlap),ideal exact statevector,8,2,16,1,none,,0.9375,1.0,0.8333333333333334,0.9090909090909091,0.9523809523809523,0.996875,0.9982558139534884,20,4,0,40,0.36164475000987295,0.0008150840149028227,0.10666879199561663,0.36082966599497013,0.10643537499709055,32640,16384,256,256,64.0,256.0,ZFeatureMap,8.0,8.0,logical depth after one decomposition of the library feature-map circuit,20260833.0,0.00048216700088232756
1,1,pca,6,256,64,6,256,0.7173282295673812,classical_rbf_svm,rbf,scikit-learn libsvm RBF,classical CPU,0,0,0,0,none,,1.0,1.0,1.0,1.0,1.0,1.0,1.0,24,0,0,40,0.0006822910072514787,0.0006822910072514787,0.00023187499027699232,0.0,0.0,0,0,256,6,,,,,,,,
1,1,pca,6,256,64,6,256,0.7173282295673812,qsvc,z_reps1,qiskit.quantum_info.Statevector (cached exact overlap),ideal exact statevector,6,2,12,1,none,,0.921875,0.95,0.875,0.926829268292683,0.9382716049382716,0.9760416666666667,0.986987358322762,21,3,2,38,0.37187662499491125,0.0006659999926341698,0.09354820899898186,0.3712106250022771,0.09321387500676792,32640,16384,256,256,64.0,256.0,ZFeatureMap,6.0,6.0,logical depth after one decomposition of the library feature-map circuit,20260824.0,0.0004506670084083453
1,2,pca,6,256,64,6,256,0.7248536959009667,classical_rbf_svm,rbf,scikit-learn libsvm RBF,classical CPU,0,0,0,0,none,,0.984375,1.0,0.9583333333333334,0.975609756097561,0.9876543209876543,1.0,1.0,23,1,0,40,0.0006833329971414059,0.0006833329971414059,0.0002362079976592213,0.0,0.0,0,0,256,6,,,,,,,,
1,2,pca,6,256,64,6,256,0.7248536959009667,qsvc,z_reps1,qiskit.quantum_info.Statevector (cached exact overlap),ideal exact statevector,6,2,12,1,none,,0.875,0.95,0.75,0.8636363636363636,0.9047619047619048,0.9708333333333333,0.984002786012933,18,6,2,38,0.3281064159964444,0.0006059989827917889,0.09475516699603759,0.3275004170136526,0.09432408299471717,32640,16384,256,256,64.0,256.0,ZFeatureMap,6.0,6.0,logical depth after one decomposition of the library feature-map circuit,20260825.0,0.0004535830084932968
1,3,pca,6,256,64,6,256,0.7229061243485175,classical_rbf_svm,rbf,scikit-learn libsvm RBF,classical CPU,0,0,0,0,none,,0.984375,0.975,1.0,1.0,0.9873417721518988,1.0,1.0,24,0,1,39,0.0011252919939579442,0.0011252919939579442,0.00022587500279769301,0.0,0.0,0,0,256,6,,,,,,,,
1,3,pca,6,256,64,6,256,0.7229061243485175,qsvc,z_reps1,qiskit.quantum_info.Statevector (cached exact overlap),ideal exact statevector,6,2,12,1,none,,0.90625,0.925,0.875,0.925,0.925,0.9635416666666667,0.9829516391536852,21,3,3,37,0.29322858300292864,0.0006932909891474992,0.12826141700497828,0.29253529201378115,0.12804049999976996,32640,16384,256,256,64.0,256.0,ZFeatureMap,6.0,6.0,logical depth after one decomposition of the library feature-map circuit,20260826.0,0.0004608330054907128
1,4,pca,6,256,64,6,256,0.7284847796159973,classical_rbf_svm,rbf,scikit-learn libsvm RBF,classical CPU,0,0,0,0,none,,1.0,1.0,1.0,1.0,1.0,1.0,1.0,24,0,0,40,0.0006903750036144629,0.0006903750036144629,0.00022637499205302447,0.0,0.0,0,0,256,6,,,,,,,,
1,4,pca,6,256,64,6,256,0.7284847796159973,qsvc,z_reps1,qiskit.quantum_info.Statevector (cached exact overlap),ideal exact statevector,6,2,12,1,none,,0.890625,0.95,0.7916666666666666,0.8837209302325582,0.9156626506024096,0.9802083333333332,0.9906776094276093,19,5,2,38,0.33059150000917725,0.00060450000455603,0.09339970900327899,0.3299870000046212,0.09318275000259746,32640,16384,256,256,64.0,256.0,ZFeatureMap,6.0,6.0,logical depth after one decomposition of the library feature-map circuit,20260827.0,0.00046133399882819504
1,5,pca,6,256,64,6,256,0.7235546434615449,classical_rbf_svm,rbf,scikit-learn libsvm RBF,classical CPU,0,0,0,0,none,,0.984375,0.975,1.0,1.0,0.9873417721518988,0.9989583333333334,0.999390243902439,24,0,1,39,0.0006832910003140569,0.0006832910003140569,0.00022937500034458935,0.0,0.0,0,0,256,6,,,,,,,,
1,5,pca,6,256,64,6,256,0.7235546434615449,qsvc,z_reps1,qiskit.quantum_info.Statevector (cached exact overlap),ideal exact statevector,6,2,12,1,none,,0.90625,0.9,0.9166666666666666,0.9473684210526315,0.9230769230769231,0.9645833333333333,0.9785678460728948,22,2,4,36,0.2952397080080118,0.0006819160043960437,0.12771095900097862,0.29455779200361576,0.12749254200025462,32640,16384,256,256,64.0,256.0,ZFeatureMap,6.0,6.0,logical depth after one decomposition of the library feature-map circuit,20260828.0,0.00042704200313892215
2,1,pca,6,256,64,6,256,0.7292993589437727,classical_rbf_svm,rbf,scikit-learn libsvm RBF,classical CPU,0,0,0,0,none,,0.984375,0.975,1.0,1.0,0.9873417721518988,1.0,1.0,24,0,1,39,0.0006771250045858324,0.0006771250045858324,0.00022483400243800133,0.0,0.0,0,0,256,6,,,,,,,,
2,1,pca,6,256,64,6,256,0.7292993589437727,qsvc,z_reps1,qiskit.quantum_info.Statevector (cached exact overlap),ideal exact statevector,6,2,12,1,none,,0.90625,0.95,0.8333333333333334,0.9047619047619048,0.926829268292683,0.98125,0.9900912955376415,20,4,2,38,0.3283482910046587,0.0005879990058019757,0.0962798330001533,0.3277602919988567,0.09607445899746381,32640,16384,256,256,64.0,256.0,ZFeatureMap,6.0,6.0,logical depth after one decomposition of the library feature-map circuit,20260829.0,0.0004415000003064051
2,2,pca,6,256,64,6,256,0.7322546161448656,classical_rbf_svm,rbf,scikit-learn libsvm RBF,classical CPU,0,0,0,0,none,,0.96875,0.95,1.0,1.0,0.9743589743589743,0.9989583333333334,0.999390243902439,24,0,2,38,0.0006809589976910502,0.0006809589976910502,0.00022670801263302565,0.0,0.0,0,0,256,6,,,,,,,,
2,2,pca,6,256,64,6,256,0.7322546161448656,qsvc,z_reps1,qiskit.quantum_info.Statevector (cached exact overlap),ideal exact statevector,6,2,12,1,none,,0.875,0.85,0.9166666666666666,0.9444444444444444,0.8947368421052632,0.9520833333333333,0.9768752953851656,22,2,6,34,0.3293922080047196,0.0005757489998359233,0.09508983300474938,0.32881645900488365,0.09488041698932648,32640,16384,256,256,64.0,256.0,ZFeatureMap,6.0,6.0,logical depth after one decomposition of the library feature-map circuit,20260830.0,0.00043891700624953955
2,3,pca,6,256,64,6,256,0.7142015331689588,classical_rbf_svm,rbf,scikit-learn libsvm RBF,classical CPU,0,0,0,0,none,,1.0,1.0,1.0,1.0,1.0,1.0,1.0,24,0,0,40,0.0006905000045662746,0.0006905000045662746,0.00023383399820886552,0.0,0.0,0,0,256,6,,,,,,,,
2,3,pca,6,256,64,6,256,0.7142015331689588,qsvc,z_reps1,qiskit.quantum_info.Statevector (cached exact overlap),ideal exact statevector,6,2,12,1,none,,0.859375,0.95,0.7083333333333334,0.8444444444444444,0.8941176470588236,0.975,0.9870816771880602,17,7,2,38,0.2977731659921119,0.0006402489962056279,0.12975474999984726,0.29713291699590627,0.12952916699578054,32640,16384,256,256,64.0,256.0,ZFeatureMap,6.0,6.0,logical depth after one decomposition of the library feature-map circuit,20260831.0,0.000444290999439545
2,4,pca,6,256,64,6,256,0.7221798208995446,classical_rbf_svm,rbf,scikit-learn libsvm RBF,classical CPU,0,0,0,0,none,,1.0,1.0,1.0,1.0,1.0,1.0,1.0,24,0,0,40,0.0006947089859750122,0.0006947089859750122,0.00022937500034458935,0.0,0.0,0,0,256,6,,,,,,,,
2,4,pca,6,256,64,6,256,0.7221798208995446,qsvc,z_reps1,qiskit.quantum_info.Statevector (cached exact overlap),ideal exact statevector,6,2,12,1,none,,0.828125,0.95,0.625,0.8085106382978723,0.8735632183908046,0.8739583333333334,0.8906170413232537,15,9,2,38,0.3285827910003718,0.0006524159980472177,0.09461233299225569,0.3279303750023246,0.09439191699493676,32640,16384,256,256,64.0,256.0,ZFeatureMap,6.0,6.0,logical depth after one decomposition of the library feature-map circuit,20260832.0,0.00043154199374839664
2,5,pca,6,256,64,6,256,0.7175494407453391,classical_rbf_svm,rbf,scikit-learn libsvm RBF,classical CPU,0,0,0,0,none,,1.0,1.0,1.0,1.0,1.0,1.0,1.0,24,0,0,40,0.0006846249889349565,0.0006846249889349565,0.00022950000129640102,0.0,0.0,0,0,256,6,,,,,,,,
2,5,pca,6,256,64,6,256,0.7175494407453391,qsvc,z_reps1,qiskit.quantum_info.Statevector (cached exact overlap),ideal exact statevector,6,2,12,1,none,,0.96875,1.0,0.9166666666666666,0.9523809523809523,0.975609756097561,0.9937499999999999,0.9962099277559804,22,2,0,40,0.290232624989585,0.0006569579854840413,0.12678400000731926,0.289575667004101,0.12656537498696707,32640,16384,256,256,64.0,256.0,ZFeatureMap,6.0,6.0,logical depth after one decomposition of the library feature-map circuit,20260833.0,0.00044833299762103707
1,1,pca,4,256,64,4,256,0.5966428601536372,classical_rbf_svm,rbf,scikit-learn libsvm RBF,classical CPU,0,0,0,0,none,,1.0,1.0,1.0,1.0,1.0,1.0,1.0,24,0,0,40,0.0007040420023258775,0.0007040420023258775,0.00021516598644666374,0.0,0.0,0,0,256,4,,,,,,,,
1,1,pca,4,256,64,4,256,0.5966428601536372,qsvc,z_reps1,qiskit.quantum_info.Statevector (cached exact overlap),ideal exact statevector,4,2,8,1,none,,0.84375,0.825,0.875,0.9166666666666666,0.868421052631579,0.9197916666666667,0.9601049879200627,21,3,7,33,0.29432591699878685,0.0005648759979521856,0.08525999999255873,0.29376104100083467,0.0850705419870792,32640,16384,256,256,64.0,256.0,ZFeatureMap,4.0,4.0,logical depth after one decomposition of the library feature-map circuit,20260824.0,0.00043066700163763016
1,2,pca,4,256,64,4,256,0.5996425922294615,classical_rbf_svm,rbf,scikit-learn libsvm RBF,classical CPU,0,0,0,0,none,,0.984375,1.0,0.9583333333333334,0.975609756097561,0.9876543209876543,0.9989583333333334,0.999390243902439,23,1,0,40,0.0006287080032052472,0.0006287080032052472,0.0002062499988824129,0.0,0.0,0,0,256,4,,,,,,,,
1,2,pca,4,256,64,4,256,0.5996425922294615,qsvc,z_reps1,qiskit.quantum_info.Statevector (cached exact overlap),ideal exact statevector,4,2,8,1,none,,0.859375,0.925,0.75,0.8604651162790697,0.891566265060241,0.9375,0.9670304703151663,18,6,3,37,0.2562915840098867,0.0005842500104336068,0.11887745899730362,0.2557073339994531,0.11867258400889114,32640,16384,256,256,64.0,256.0,ZFeatureMap,4.0,4.0,logical depth after one decomposition of the library feature-map circuit,20260825.0,0.0003982500056736171
1,3,pca,4,256,64,4,256,0.6007881127229301,classical_rbf_svm,rbf,scikit-learn libsvm RBF,classical CPU,0,0,0,0,none,,0.984375,0.975,1.0,1.0,0.9873417721518988,1.0,1.0,24,0,1,39,0.0006352079944917932,0.0006352079944917932,0.0002009169984376058,0.0,0.0,0,0,256,4,,,,,,,,
1,3,pca,4,256,64,4,256,0.6007881127229301,qsvc,z_reps1,qiskit.quantum_info.Statevector (cached exact overlap),ideal exact statevector,4,2,8,1,none,,0.90625,0.925,0.875,0.925,0.925,0.9510416666666666,0.9778039470917379,21,3,3,37,0.2952853330061771,0.0005628750077448785,0.08868037500360515,0.2947224579984322,0.08847099999547936,32640,16384,256,256,64.0,256.0,ZFeatureMap,4.0,4.0,logical depth after one decomposition of the library feature-map circuit,20260826.0,0.00038733400288037956
1,4,pca,4,256,64,4,256,0.5956438214246548,classical_rbf_svm,rbf,scikit-learn libsvm RBF,classical CPU,0,0,0,0,none,,1.0,1.0,1.0,1.0,1.0,1.0,1.0,24,0,0,40,0.0006493749970104545,0.0006493749970104545,0.0002153329987777397,0.0,0.0,0,0,256,4,,,,,,,,
1,4,pca,4,256,64,4,256,0.5956438214246548,qsvc,z_reps1,qiskit.quantum_info.Statevector (cached exact overlap),ideal exact statevector,4,2,8,1,none,,0.9375,0.95,0.9166666666666666,0.95,0.95,0.9822916666666666,0.9910256410256411,22,2,2,38,0.2900459999946179,0.0005665839853463694,0.08539962499344256,0.2894794160092715,0.08511008300411049,32640,16384,256,256,64.0,256.0,ZFeatureMap,4.0,4.0,logical depth after one decomposition of the library feature-map circuit,20260827.0,0.00041787500958889723
1,5,pca,4,256,64,4,256,0.6055201949975693,classical_rbf_svm,rbf,scikit-learn libsvm RBF,classical CPU,0,0,0,0,none,,0.984375,1.0,0.9583333333333334,0.975609756097561,0.9876543209876543,1.0,1.0,23,1,0,40,0.000639208999928087,0.000639208999928087,0.00021204199583735317,0.0,0.0,0,0,256,4,,,,,,,,
1,5,pca,4,256,64,4,256,0.6055201949975693,qsvc,z_reps1,qiskit.quantum_info.Statevector (cached exact overlap),ideal exact statevector,4,2,8,1,none,,0.90625,0.875,0.9583333333333334,0.9722222222222222,0.9210526315789473,0.953125,0.9776516521287033,23,1,5,35,0.2551021669933107,0.0005377919878810644,0.12027012500038836,0.2545643750054296,0.1200714590086136,32640,16384,256,256,64.0,256.0,ZFeatureMap,4.0,4.0,logical depth after one decomposition of the library feature-map circuit,20260828.0,0.0004065000102855265
2,1,pca,4,256,64,4,256,0.6037407673277425,classical_rbf_svm,rbf,scikit-learn libsvm RBF,classical CPU,0,0,0,0,none,,1.0,1.0,1.0,1.0,1.0,1.0,1.0,24,0,0,40,0.0006304169946815819,0.0006304169946815819,0.0002112500078510493,0.0,0.0,0,0,256,4,,,,,,,,
2,1,pca,4,256,64,4,256,0.6037407673277425,qsvc,z_reps1,qiskit.quantum_info.Statevector (cached exact overlap),ideal exact statevector,4,2,8,1,none,,0.921875,0.95,0.875,0.926829268292683,0.9382716049382716,0.9697916666666667,0.9828144578725988,21,3,2,38,0.2960995409957832,0.0005744160007452592,0.08478537500195671,0.2955251249950379,0.0845899589912733,32640,16384,256,256,64.0,256.0,ZFeatureMap,4.0,4.0,logical depth after one decomposition of the library feature-map circuit,20260829.0,0.00038929100264795125
2,2,pca,4,256,64,4,256,0.6046615021503683,classical_rbf_svm,rbf,scikit-learn libsvm RBF,classical CPU,0,0,0,0,none,,0.96875,0.95,1.0,1.0,0.9743589743589743,0.9979166666666666,0.9988095238095238,24,0,2,38,0.0006174160080263391,0.0006174160080263391,0.00020141599816270173,0.0,0.0,0,0,256,4,,,,,,,,
2,2,pca,4,256,64,4,256,0.6046615021503683,qsvc,z_reps1,qiskit.quantum_info.Statevector (cached exact overlap),ideal exact statevector,4,2,8,1,none,,0.859375,0.825,0.9166666666666666,0.9428571428571428,0.88,0.9020833333333333,0.9556176648616709,22,2,7,33,0.2534408329956932,0.0005762079963460565,0.1197060000122292,0.25286462499934714,0.11946916600572877,32640,16384,256,256,64.0,256.0,ZFeatureMap,4.0,4.0,logical depth after one decomposition of the library feature-map circuit,20260830.0,0.00039933400694280863
2,3,pca,4,256,64,4,256,0.597160610367964,classical_rbf_svm,rbf,scikit-learn libsvm RBF,classical CPU,0,0,0,0,none,,0.984375,1.0,0.9583333333333334,0.975609756097561,0.9876543209876543,1.0,1.0,23,1,0,40,0.0007628749881405383,0.0007628749881405383,0.0002275000006193295,0.0,0.0,0,0,256,4,,,,,,,,
2,3,pca,4,256,64,4,256,0.597160610367964,qsvc,z_reps1,qiskit.quantum_info.Statevector (cached exact overlap),ideal exact statevector,4,2,8,1,none,,0.875,0.925,0.7916666666666666,0.8809523809523809,0.9024390243902439,0.9677083333333334,0.9822721400491814,19,5,3,37,0.29081720899557695,0.0005353759916033596,0.08654279199254233,0.2902818330039736,0.08633725000254344,32640,16384,256,256,64.0,256.0,ZFeatureMap,4.0,4.0,logical depth after one decomposition of the library feature-map circuit,20260831.0,0.0004032500000903383
2,4,pca,4,256,64,4,256,0.6032361339505379,classical_rbf_svm,rbf,scikit-learn libsvm RBF,classical CPU,0,0,0,0,none,,1.0,1.0,1.0,1.0,1.0,1.0,1.0,24,0,0,40,0.000618582998868078,0.000618582998868078,0.00020066699653398246,0.0,0.0,0,0,256,4,,,,,,,,
2,4,pca,4,256,64,4,256,0.6032361339505379,qsvc,z_reps1,qiskit.quantum_info.Statevector (cached exact overlap),ideal exact statevector,4,2,8,1,none,,0.8125,0.9,0.6666666666666666,0.8181818181818182,0.8571428571428571,0.896875,0.941385876162516,16,8,4,36,0.29760341699875426,0.0006744580023223534,0.0872208340006182,0.2969289589964319,0.08700437500374392,32640,16384,256,256,64.0,256.0,ZFeatureMap,4.0,4.0,logical depth after one decomposition of the library feature-map circuit,20260832.0,0.00040179200004786253
2,5,pca,4,256,64,4,256,0.5903676060048118,classical_rbf_svm,rbf,scikit-learn libsvm RBF,classical CPU,0,0,0,0,none,,1.0,1.0,1.0,1.0,1.0,1.0,1.0,24,0,0,40,0.0006286249990807846,0.0006286249990807846,0.00020945799769833684,0.0,0.0,0,0,256,4,,,,,,,,
2,5,pca,4,256,64,4,256,0.5903676060048118,qsvc,z_reps1,qiskit.quantum_info.Statevector (cached exact overlap),ideal exact statevector,4,2,8,1,none,,0.96875,1.0,0.9166666666666666,0.9523809523809523,0.975609756097561,0.9968750000000001,0.9981242182614134,22,2,0,40,0.25814645799982827,0.0005964580050203949,0.12073758400219958,0.2575499999948079,0.120532834000187,32640,16384,256,256,64.0,256.0,ZFeatureMap,4.0,4.0,logical depth after one decomposition of the library feature-map circuit,20260833.0,0.00039895800000522286
